1482, 633.23
1483, 561.36
1484, 983.71
1485, 476.48
1486, 954.91
1487, 168.00
1488, 539.62
1489, 426.83
1490, 175.10
1491, 541.25
1492, 93.80
1493, 512.83
1494, 936.68
1495, 694.95
1496, 688.67
1497, 1264.19
1498, 408.24
1499, 154.10
1500, 1468.03
1501, 1318.47
1502, 1465.51
1503, 682.93
1504, 922.72
1505, 1063.76
1506, 1157.48
1507, 582.08
1508, 723.16
1509, 641.92
1510, 852.07
1511, 263.49
1512, 125.56
1513, 566.29
1514, 131.09
1515, 297.54
1516, 723.40
1517, 1962.65
1518, 2404.05
1519, 1299.62
1520, 865.62
1521, 819.02
1522, 1661.79
1523, 1373.70
1524, 771.57
1525, 695.40
1526, 756.44
1527, 687.64
1528, 1243.47
1529, 490.23
1530, 933.23
1531, 902.23
1532, 730.46
1533, 282.73
1534, 1196.67
1535, 986.43
1536, 1015.27
1537, 1634.71
1538, 796.97
1539, 950.02
1540, 895.03
1541, 758.09
1542, 652.34
1543, 810.70
1544, 506.56
1545, 859.97
1546, 654.47
1547, 1294.91
1548, 1307.97
1549, 746.65
1550, 532.31
1551, 878.65
1552, 861.68
1553, 715.48
1554, 687.49
1555, 121.44
1556, 437.55
1557, 836.30
1558, 422.56
1559, 944.03
1560, 128.42
1561, 823.45
1562, 768.70
1563, 1620.10
1564, 1496.84
1565, 716.13
1566, 735.55
1567, 862.93
1568, 224.06
1569, 1138.52
1570, 1348.39
1571, 1271.78
1572, 315.37
1573, 1180.29
1574, 808.85
1575, 645.96
1576, 592.69
1577, 413.70
1578, 789.28
1579, 943.87
1580, 1171.11
1581, 816.07
1582, 756.33
1583, 1148.66
1584, 1210.25
1585, 596.59
1586, 1178.91
1587, 1194.61
1588, 442.75
1589, 891.76
1590, 516.14
1591, 578.11
1592, 937.69
1593, 588.35
1594, 442.54
1595, 921.65
1596, 390.63
1597, 513.54
1598, 437.98
1599, 738.15
1600, 910.24
1601, 1143.04
1602, 733.93
1603, 533.00
1604, 585.01
1605, 1346.40
1606, 1305.37
1607, 651.79
1608, 1249.51
1609, 1192.22
1610, 536.18
1611, 545.24
1612, 147.19
1613, 398.67
1614, 278.53
1615, 303.74
1616, 475.93
1617, 133.88
1618, 1065.61
1619, 943.48
1620, 266.35
1621, 760.75
1622, 751.70
1623, 346.68
1624, 413.95
1625, 1193.23
1626, 1401.41
1627, 669.81
1628, 667.33
1629, 620.10
1630, 567.15
1631, 838.27
1632, 478.41
1633, 945.92
1634, 1054.32
1635, 236.19
1636, 552.58
1637, 385.79
1638, 1663.25
1639, 764.73
1640, 516.00
1641, 759.37
1642, 1378.77
1643, 1086.77
1644, 910.40
1645, 277.77
1646, 1303.71
1647, 1226.77
1648, 1128.88
1649, 785.69
1650, 595.84
1651, 579.80
1652, 733.67
1653, 243.43
1654, 844.59
1655, 999.13
1656, 896.83
1657, 725.32
1658, 1071.64
1659, 852.93
1660, 276.91
1661, 283.88
1662, 1121.06
1663, 703.57
1664, 781.65
1665, 647.69
1666, 400.56
1667, 539.72
1668, 887.60
1669, 762.34
1670, 332.85
1671, 664.83
1672, 514.76
1673, 482.17
1674, 1383.30
1675, 1324.60
1676, 235.43
1677, 394.43
1678, 400.15
1679, 1302.79
1680, 515.34
1681, 269.05
1682, 240.40
1683, 575.10
1684, 664.39
1685, 275.46
1686, 562.56
1687, 318.98
1688, 548.25
1689, 709.98
1690, 307.33
1691, 973.68
1692, 1290.18
1693, 898.89
1694, 315.20
1695, 643.57
1696, 923.46
1697, 311.54
1698, 992.59
1699, 1227.50
1700, 715.86
1701, 538.30
1702, 787.21
1703, 952.44
1704, 404.50
1705, 1654.06
1706, 455.90
1707, 1016.23
1708, 815.07
1709, 377.45
1710, 1299.34
1711, 357.06
1712, 934.47
1713, 687.07
1714, 701.95
1715, 1170.26
1716, 963.20
1717, 929.60
1718, 861.41
1719, 506.73
1720, 748.02
1721, 1160.15
1722, 1341.31
1723, 737.13
1724, 814.72
1725, 597.41
1726, 321.37
1727, 651.84
1728, 1560.70
1729, 1016.45
1730, 503.05
1731, 825.53
1732, 832.80
1733, 1142.91
1734, 1124.53
1735, 1717.84
1736, 800.47
1737, 671.62
1738, 499.64
1739, 969.50
1740, 839.41
1741, 752.75
1742, 714.20
1743, 492.98
1744, 877.05
1745, 742.05
1746, 606.05
1747, 516.25
1748, 841.14
1749, 316.57
1750, 505.36
1751, 902.98
1752, 939.25
1753, 319.13
1754, 217.78
1755, 550.72
1756, 1185.30
1757, 283.77
1758, 463.42
1759, 553.36
1760, 672.78
1761, 949.46
1762, 698.06
1763, 651.66
1764, 450.62
1765, 1358.00
1766, 443.87
1767, 403.45
1768, 796.88
1769, 447.14
1770, 673.18
1771, 471.16
1772, 801.54
1773, 697.12
1774, 489.20
1775, 736.91
1776, 125.20
1777, 1034.00
1778, 135.36
1779, 578.29
1780, 958.33
1781, 1007.29
1782, 235.36
1783, 986.99
1784, 1337.99
1785, 988.78
1786, 295.79
1787, 325.48
1788, 934.67
1789, 701.38
1790, 259.23
1791, 646.38
1792, 96.79
1793, 184.14
1794, 570.17
1795, 575.06
1796, 950.59
1797, 225.49
1798, 361.56
1799, 676.92
1800, 636.19
1801, 339.91
1802, 434.19
1803, 822.99
1804, 423.98
1805, 1183.64
1806, 812.29
1807, 277.55
1808, 418.21
1809, 505.61
1810, 751.01
1811, 1028.18
1812, 635.39
1813, 1159.12
1814, 405.70
1815, 1092.75
1816, 707.18
1817, 744.95
1818, 505.03
1819, 285.07
1820, 243.47
1821, 1103.36
1822, 696.04
1823, 1058.35
1824, 653.93
1825, 425.65
1826, 668.52
1827, 502.46
1828, 581.29
1829, 1415.51
1830, 399.50
1831, 141.12
1832, 641.52
1833, 418.58
1834, 190.03
1835, 916.43
1836, 377.68
1837, 794.61
1838, 897.65
1839, 680.51
1840, 676.20
1841, 971.42
1842, 811.82
1843, 716.91
1844, 302.54
1845, 1294.33
1846, 1404.06
1847, 664.71
1848, 190.42
1849, 473.68
1850, 849.90
1851, 655.59
1852, 1124.59
1853, 1747.12
1854, 852.24
1855, 355.95
1856, 1422.68
1857, 1081.90
1858, 435.21
1859, 418.89
1860, 789.73
1861, 1535.11
1862, 869.69
1863, 769.80
1864, 715.80
1865, 368.08
1866, 1111.87
1867, 361.99
1868, 1370.70
1869, 838.59
1870, 762.61
1871, 800.86
1872, 1730.70
1873, 990.66
1874, 419.12
1875, 1017.43
1876, 843.09
1877, 1320.19
1878, 389.92
1879, 603.44
1880, 252.40
1881, 380.86
1882, 605.42
1883, 1203.72
1884, 263.66
1885, 1081.81
1886, 154.93
1887, 609.47
1888, 716.70
1889, 1559.81
1890, 920.87
1891, 676.96
1892, 538.22
1893, 1132.24
1894, 902.22
1895, 577.72
1896, 275.25
1897, 694.01
1898, 477.57
1899, 951.20
1900, 906.77
1901, 1091.64
1902, 284.06
1903, 753.01
1904, 850.30
1905, 564.16
1906, 475.67
1907, 140.87
1908, 798.66
1909, 1234.47
1910, 1042.37
1911, 758.27
1912, 297.73
1913, 807.56
1914, 658.79
1915, 912.27
1916, 1008.02
1917, 729.21
1918, 931.82
1919, 308.40
1920, 720.12
1921, 1599.03
1922, 373.28
1923, 792.69
1924, 389.68
1925, 1322.49
1926, 1013.68
1927, 974.02
1928, 1022.81
1929, 739.94
1930, 378.79
1931, 354.98
1932, 648.14
1933, 996.42
1934, 1468.42
1935, 508.75
1936, 695.95
1937, 530.44
1938, 486.87
1939, 1705.15
1940, 308.80
1941, 529.23
1942, 1281.30
1943, 764.23
1944, 622.59
1945, 910.39
1946, 856.01
1947, 189.67
1948, 274.20
1949, 588.87
1950, 805.33
1951, 817.27
1952, 132.84
1953, 353.24
1954, 743.82
1955, 419.53
1956, 1604.83
1957, 408.37
1958, 486.12
1959, 1255.06
1960, 541.86
1961, 2070.73
1962, 416.63
1963, 408.67
1964, 400.72
1965, 179.82
1966, 436.53
1967, 219.24
1968, 937.65
1969, 1464.92
1970, 171.99
1971, 540.08
1972, 1296.47
1973, 473.33
1974, 331.49
1975, 223.50
1976, 1308.33
1977, 527.00
1978, 351.27
1979, 191.38
1980, 401.50
1981, 1022.08
1982, 479.49
1983, 747.29
1984, 172.80
1985, 621.58
1986, 977.16
1987, 845.41
1988, 655.95
1989, 376.66
1990, 631.35
1991, 375.82
1992, 1067.29
1993, 1003.47
1994, 888.35
1995, 688.43
1996, 1454.07
1997, 1096.04
1998, 638.35
1999, 755.31
2000, 938.26
2001, 365.26
2002, 134.39
2003, 563.79
2004, 1640.19
2005, 788.17
2006, 602.95
2007, 291.89
2008, 56.53
2009, 277.61
2010, 946.61
2011, 700.55
2012, 932.16
2013, 1613.85
2014, 745.84
2015, 763.18
2016, 1122.76
2017, 637.27
2018, 655.91
2019, 171.10
2020, 938.53
2021, 841.85
2022, 859.65
2023, 730.48
2024, 1214.92
2025, 513.44
2026, 1338.22
2027, 346.79
2028, 418.41
2029, 283.90
2030, 552.85
2031, 1317.70
2032, 1157.65
2033, 1073.78
2034, 298.36
2035, 523.96
2036, 704.78
2037, 280.16
2038, 384.34
2039, 369.19
2040, 260.98
2041, 1242.66
2042, 1166.89
2043, 110.63
2044, 698.38
2045, 1061.31
2046, 527.85
2047, 900.19
=== END ===


=== BATCH 0 ===
0, 2089472.50
1, 2318.51
2, 7953.84
3, 5937.00
4, 3866.81
5, 877.55
6, 1276.77
7, 12352.68
8, 5358.37
9, 4243.37
10, 8954.44
11, 6575.94
12, 2079.06
13, 8047.53
14, 12619.18
15, 4877.77
16, 21532.12
17, 4768.37
18, 22244.33
19, 12019.19
20, 6536.41
21, 3150.57
22, 7936.23
23, 6826.83
24, 13408.83
25, 10344.65
26, 6230.38
27, 5146.24
28, 10676.90
29, 10297.76
30, 4473.69
31, 6354.32
32, 14024.80
33, 16944.86
34, 6502.24
35, 7101.74
36, 13476.91
37, 6418.10
38, 5769.79
39, 5314.14
40, 3376.52
41, 9937.68
42, 4750.33
43, 10279.57
44, 5807.85
45, 6728.33
46, 9147.16
47, 5153.48
48, 3727.05
49, 1551.46
50, 2180.29
51, 6870.51
52, 5074.41
53, 7457.13
54, 4777.11
55, 8880.31
56, 3209.80
57, 4795.56
58, 2394.94
59, 3859.24
60, 8089.52
61, 2366.16
62, 2662.95
63, 4023.81
64, 4778.14
65, 1718.13
66, 9300.28
67, 1520.10
68, 1981.43
69, 4973.72
70, 3580.32
71, 5973.53
72, 2693.32
73, 4571.72
74, 1461.59
75, 6571.16
76, 8820.99
77, 3751.43
78, 4245.24
79, 3212.48
80, 4784.67
81, 2602.31
82, 5000.42
83, 5354.72
84, 1229.34
85, 4740.72
86, 3113.52
87, 4455.27
88, 2961.47
89, 3302.59
90, 2110.25
91, 3015.20
92, 4800.36
93, 5679.55
94, 3802.11
95, 846.47
96, 3633.14
97, 4587.17
98, 1302.10
99, 908.62
100, 5174.71
101, 2627.49
102, 2114.35
103, 3266.52
104, 3286.53
105, 4864.26
106, 949.43
107, 3233.46
108, 640.48
109, 1185.21
110, 14232.82
111, 5562.41
112, 4045.99
113, 2635.10
114, 2003.36
115, 5804.32
116, 2831.08
117, 2216.55
118, 3804.05
119, 3293.29
120, 3588.26
121, 5174.52
122, 2330.28
123, 2269.81
124, 1610.44
125, 5489.29
126, 3884.76
127, 7293.32
128, 4942.21
129, 3696.81
130, 1872.63
131, 4000.78
132, 6357.18
133, 1081.36
134, 4272.84
135, 4894.82
136, 6230.96
137, 1342.56
138, 5137.12
139, 2345.39
140, 2957.81
141, 2921.50
142, 1981.70
143, 6380.58
144, 5391.08
145, 2296.90
146, 6176.23
147, 2486.96
148, 4117.34
149, 3563.92
150, 265.56
151, 3722.55
152, 5406.22
153, 4249.21
154, 3719.96
155, 2581.90
156, 1213.13
157, 7613.15
158, 2897.54
159, 3855.28
160, 4836.04
161, 6617.47
162, 4653.79
163, 4895.61
164, 1452.96
165, 5018.90
166, 4215.16
167, 4069.87
168, 4869.36
169, 5540.99
170, 5818.03
171, 2275.63
172, 3529.89
173, 4157.56
174, 237.51
175, 4705.12
176, 561.16
177, 2942.66
178, 3046.06
179, 2946.41
180, 3740.10
181, 2096.02
182, 787.32
183, 1648.07
184, 4021.42
185, 3919.67
186, 3819.73
187, 2561.34
188, 2984.66
189, 2498.86
190, 3211.96
191, 2278.76
192, 717.68
193, 4123.58
194, 2186.46
195, 1442.08
196, 2252.51
197, 2303.12
198, 2377.96
199, 1343.28
200, 7730.53
201, 3054.01
202, 1808.77
203, 1502.22
204, 2820.65
205, 3954.03
206, 2963.17
207, 2154.35
208, 5289.61
209, 4630.41
210, 3844.59
211, 4334.70
212, 4598.79
213, 3972.39
214, 3329.51
215, 6516.33
216, 3661.02
217, 2300.48
218, 4251.31
219, 3919.44
220, 2390.93
221, 2721.08
222, 5594.22
223, 1096.18
224, 3429.37
225, 5858.21
226, 567.40
227, 3510.75
228, 507.44
229, 2066.61
230, 3678.49
231, 1876.37
232, 3775.23
233, 2971.72
234, 2282.46
235, 2050.41
236, 1946.61
237, 4222.60
238, 4846.27
239, 4118.74
240, 7338.43
241, 1036.30
242, 1424.77
243, 2920.62
244, 2277.23
245, 3938.97
246, 5341.50
247, 2076.99
248, 2701.22
249, 1860.13
250, 667.03
251, 1344.50
252, 1488.07
253, 7034.86
254, 7605.11
255, 3625.73
256, 2928.49
257, 1282.10
258, 3926.06
259, 2004.81
260, 3014.43
261, 5327.00
262, 633.03
263, 3997.58
264, 5005.34
265, 3218.09
266, 1099.89
267, 7020.33
268, 3250.99
269, 4537.03
270, 2253.77
271, 2303.59
272, 1596.29
273, 2689.64
274, 1512.31
275, 2893.27
276, 809.03
277, 6370.21
278, 2008.65
279, 2252.69
280, 2825.57
281, 4573.98
282, 601.17
283, 3347.73
284, 6108.99
285, 3013.34
286, 1162.17
287, 3041.38
288, 1021.95
289, 934.53
290, 2786.15
291, 3057.53
292, 2244.63
293, 2131.30
294, 3391.59
295, 1558.85
296, 3829.58
297, 3146.05
298, 5471.93
299, 1079.10
300, 1548.07
301, 2682.83
302, 6124.75
303, 3093.90
304, 2068.84
305, 2207.13
306, 4039.35
307, 5399.87
308, 6066.96
309, 4995.76
310, 4136.89
311, 2566.19
312, 5372.01
313, 5301.30
314, 2997.36
315, 2312.52
316, 2187.31
317, 2418.16
318, 2189.84
319, 6072.77
320, 1748.42
321, 4236.35
322, 2042.91
323, 4408.87
324, 3080.95
325, 4297.56
326, 766.11
327, 5611.90
328, 3526.76
329, 1524.96
330, 1442.67
331, 1003.36
332, 4132.10
333, 4718.99
334, 3166.00
335, 1055.91
336, 3422.31
337, 2321.97
338, 12611.77
339, 8298.56
340, 2803.65
341, 6016.78
342, 4083.21
343, 11483.72
344, 10010.07
345, 6213.09
346, 5963.40
347, 1490.20
348, 1739.25
349, 6750.96
350, 893.56
351, 1571.95
352, 5330.98
353, 4766.32
354, 3150.31
355, 4732.47
356, 3146.95
357, 5536.53
358, 5037.53
359, 5335.52
360, 3677.33
361, 1663.74
362, 2342.40
363, 6149.68
364, 1909.50
365, 4614.63
366, 2488.13
367, 1028.89
368, 1752.74
369, 4994.72
370, 2835.41
371, 5536.00
372, 7923.31
373, 347.50
374, 6794.35
375, 4205.03
376, 2990.36
377, 4558.44
378, 1875.65
379, 2496.73
380, 3560.59
381, 5621.88
382, 4250.18
383, 5424.14
384, 3478.46
385, 2312.25
386, 9679.71
387, 3646.14
388, 2298.61
389, 6119.94
390, 5032.74
391, 2714.29
392, 4434.21
393, 1552.52
394, 1149.99
395, 3033.87
396, 2362.84
397, 8134.12
398, 7631.99
399, 720.47
400, 5677.34
401, 3236.14
402, 3714.31
403, 4396.36
404, 3891.49
405, 2074.46
406, 10566.21
407, 6191.31
408, 4261.00
409, 5947.40
410, 5655.51
411, 2094.56
412, 7938.46
413, 5424.99
414, 2877.95
415, 4437.47
416, 1466.59
417, 4654.47
418, 3165.45
419, 2425.09
420, 2117.47
421, 9433.15
422, 4977.76
423, 1451.91
424, 3457.73
425, 3729.96
426, 3059.40
427, 3982.48
428, 9311.58
429, 5768.11
430, 4722.44
431, 3874.17
432, 3880.34
433, 7417.88
434, 3257.34
435, 3906.21
436, 194.78
437, 3909.93
438, 1118.27
439, 9133.89
440, 10236.51
441, 3540.50
442, 4290.01
443, 7863.58
444, 3059.44
445, 6222.18
446, 7607.56
447, 2665.84
448, 4731.06
449, 5240.96
450, 1151.16
451, 6447.10
452, 6363.81
453, 1730.27
454, 5743.63
455, 2578.82
456, 5121.41
457, 3693.23
458, 3125.40
459, 8019.71
460, 5482.19
461, 2805.47
462, 821.33
463, 2904.07
464, 4710.63
465, 4602.16
466, 2324.04
467, 8311.39
468, 2719.24
469, 3666.18
470, 4125.60
471, 12856.69
472, 5179.67
473, 5679.24
474, 4664.73
475, 6153.16
476, 1563.26
477, 4188.24
478, 1983.69
479, 823.37
480, 1392.78
481, 1926.46
482, 4846.88
483, 6041.43
484, 4399.86
485, 5880.41
486, 4006.23
487, 5212.24
488, 4837.11
489, 4669.23
490, 3352.26
491, 1306.34
492, 141.35
493, 7469.74
494, 1485.69
495, 4703.80
496, 3304.69
497, 9541.06
498, 1785.03
499, 5319.32
500, 3049.22
501, 4582.98
502, 4896.86
503, 763.91
504, 7488.23
505, 2381.80
506, 1599.06
507, 356.50
508, 2818.20
509, 1261.08
510, 4715.42
511, 2842.25
512, 3905.47
513, 4065.82
514, 12090.69
515, 3645.50
516, 1743.84
517, 3339.62
518, 8092.27
519, 3755.99
520, 2106.08
521, 4482.82
522, 3270.69
523, 4965.50
524, 3047.24
525, 6482.35
526, 5882.32
527, 4162.64
528, 2686.81
529, 1564.95
530, 2307.51
531, 5478.59
532, 1473.31
533, 4178.38
534, 6499.73
535, 1246.77
536, 3902.40
537, 4944.80
538, 4009.72
539, 3757.47
540, 3261.56
541, 17590.12
542, 3543.75
543, 4480.37
544, 4249.38
545, 5182.43
546, 3267.49
547, 837.63
548, 2907.66
549, 583.07
550, 1050.83
551, 5356.69
552, 3504.68
553, 5925.68
554, 1892.32
555, 4193.79
556, 4062.00
557, 18291.39
558, 1199.22
559, 8695.95
560, 4142.20
561, 4299.86
562, 1580.25
563, 4210.86
564, 5770.99
565, 3832.52
566, 800.21
567, 2768.08
568, 7008.28
569, 3344.30
570, 3061.87
571, 9132.80
572, 4745.29
573, 652.62
574, 1464.76
575, 4946.65
576, 3328.64
577, 4589.46
578, 4085.86
579, 6434.03
580, 2231.16
581, 1384.42
582, 1663.61
583, 8113.12
584, 3734.95
585, 2671.91
586, 5827.61
587, 5519.94
588, 1983.93
589, 4158.87
590, 5179.53
591, 4428.63
592, 7761.38
593, 4580.53
594, 2172.24
595, 11026.08
596, 1105.62
597, 6001.69
598, 7719.75
599, 14895.77
600, 7632.19
601, 3171.24
602, 2413.84
603, 2827.99
604, 911.37
605, 5917.41
606, 5635.11
607, 2699.57
608, 4129.50
609, 7709.25
610, 9489.38
611, 3156.74
612, 1926.41
613, 2439.10
614, 4616.26
615, 6246.45
616, 3442.49
617, 6186.96
618, 7595.68
619, 2773.41
620, 6025.92
621, 2517.19
622, 11414.82
623, 3582.86
624, 8423.12
625, 7028.52
626, 5689.83
627, 4288.48
628, 900.28
629, 3801.54
630, 6396.17
631, 1897.35
632, 2361.73
633, 4989.79
634, 3321.47
635, 2656.23
636, 3078.39
637, 1276.69
638, 1593.82
639, 5033.25
640, 4559.84
641, 4013.41
642, 25042.77
643, 5527.70
644, 1170.41
645, 4588.79
646, 6411.76
647, 5535.80
648, 1849.57
649, 2729.30
650, 2841.07
651, 5456.19
652, 2605.23
653, 5382.18
654, 3616.32
655, 7594.97
656, 7666.47
657, 2022.30
658, 6018.90
659, 1797.55
660, 1990.06
661, 2915.07
662, 4219.23
663, 2217.35
664, 5071.37
665, 3878.91
666, 3608.65
667, 5385.16
668, 4333.95
669, 3513.49
670, 3809.43
671, 1215.99
672, 2793.22
673, 6392.75
674, 2689.89
675, 5425.25
676, 8177.99
677, 10340.24
678, 9022.07
679, 11296.41
680, 6086.94
681, 5630.93
682, 11764.35
683, 13779.00
684, 36541.36
685, 67137.08
686, 16249.52
687, 7901.79
688, 8032.50
689, 5766.52
690, 2810.37
691, 10150.60
692, 3632.48
693, 4867.34
694, 5975.26
695, 3390.64
696, 1083.74
697, 1838.72
698, 5867.22
699, 3307.81
700, 3974.50
701, 3080.49
702, 4483.22
703, 3173.31
704, 2196.03
705, 5153.98
706, 1147.62
707, 5500.77
708, 5618.30
709, 4523.57
710, 3641.70
711, 5813.84
712, 4130.10
713, 13066.94
714, 1904.30
715, 4756.20
716, 3634.25
717, 3207.30
718, 1658.37
719, 1195.50
720, 2836.06
721, 3839.76
722, 6343.42
723, 7860.62
724, 5142.94
725, 5864.63
726, 6017.33
727, 19988.56
728, 16735.64
729, 3705.74
730, 8437.55
731, 4992.86
732, 5584.48
733, 9050.44
734, 5609.24
735, 2311.43
736, 7423.24
737, 2510.56
738, 3730.75
739, 6992.30
740, 4723.04
741, 1308.37
742, 6899.38
743, 4839.29
744, 2184.02
745, 6474.17
746, 4109.11
747, 6057.85
748, 4049.61
749, 7552.10
750, 11144.40
751, 5322.23
752, 5044.93
753, 4302.71
754, 1206.50
755, 5144.53
756, 778.76
757, 2334.63
758, 2404.51
759, 2230.62
760, 4005.92
761, 4586.93
762, 7416.34
763, 4990.78
764, 663.87
765, 2296.20
766, 9943.76
767, 2341.01
768, 4642.87
769, 1553.67
770, 23970.45
771, 95.37
772, 4321.36
773, 1921.68
774, 4176.85
775, 3511.23
776, 2339.19
777, 3777.54
778, 4894.70
779, 2548.46
780, 1255.25
781, 3186.17
782, 4013.28
783, 3012.88
784, 2428.14
785, 4688.62
786, 783.41
787, 8283.22
788, 1937.44
789, 4380.90
790, 1232.97
791, 5075.27
792, 4819.83
793, 9045.09
794, 462.50
795, 4953.92
796, 1463.38
797, 3778.66
798, 5724.71
799, 2180.15
800, 2441.98
801, 6467.32
802, 288.93
803, 4573.44
804, 4965.46
805, 6660.88
806, 4477.13
807, 2825.08
808, 2390.05
809, 6002.65
810, 3948.52
811, 3075.21
812, 9960.49
813, 19939.44
814, 3240.30
815, 2134.91
816, 1815.25
817, 1400.46
818, 6770.31
819, 3191.43
820, 3100.39
821, 5832.63
822, 5056.67
823, 1625.20
824, 3586.54
825, 3234.56
826, 4325.18
827, 1437.53
828, 8582.36
829, 4868.16
830, 3626.25
831, 593.33
832, 4604.93
833, 2238.51
834, 2200.18
835, 6578.81
836, 2256.76
837, 4423.46
838, 6225.53
839, 4025.62
840, 3683.63
841, 4461.18
842, 2926.10
843, 449.58
844, 2892.31
845, 3120.32
846, 3647.07
847, 1096.90
848, 2100.75
849, 3580.81
850, 2499.12
851, 3937.36
852, 4923.39
853, 2894.91
854, 5100.42
855, 11276.23
856, 5291.97
857, 4681.54
858, 7104.52
859, 4207.02
860, 3105.88
861, 3899.46
862, 1651.56
863, 1670.74
864, 3644.30
865, 2494.49
866, 3322.08
867, 3662.39
868, 4119.98
869, 273.95
870, 2397.34
871, 1912.41
872, 6429.62
873, 3687.20
874, 2494.00
875, 1872.75
876, 3459.77
877, 2367.13
878, 7822.41
879, 5212.81
880, 4301.65
881, 5772.16
882, 6212.45
883, 804.16
884, 5354.08
885, 1131.43
886, 1770.80
887, 5042.15
888, 5517.83
889, 1876.15
890, 1775.80
891, 3008.89
892, 3292.17
893, 947.29
894, 3081.72
895, 4398.43
896, 3235.53
897, 3242.63
898, 11064.63
899, 3332.32
900, 284.02
901, 5175.85
902, 5585.66
903, 1899.87
904, 2535.88
905, 1054.55
906, 4214.77
907, 2576.08
908, 2833.36
909, 5744.78
910, 2456.37
911, 1004.05
912, 2885.81
913, 1368.90
914, 2958.52
915, 2266.15
916, 1950.56
917, 1809.96
918, 5725.60
919, 4331.10
920, 5987.18
921, 4089.73
922, 7099.10
923, 4622.06
924, 5032.48
925, 4220.28
926, 6315.01
927, 3871.24
928, 2079.98
929, 2560.26
930, 2879.42
931, 1739.25
932, 871.29
933, 2611.16
934, 2728.74
935, 1526.61
936, 311.45
937, 4989.71
938, 6185.04
939, 3514.55
940, 4811.33
941, 11015.31
942, 6282.78
943, 1449.04
944, 4098.92
945, 1944.96
946, 3459.19
947, 4676.64
948, 3346.46
949, 4311.72
950, 2208.11
951, 2209.95
952, 4020.71
953, 4685.43
954, 1059.63
955, 3685.06
956, 1474.74
957, 5845.47
958, 2106.31
959, 2144.18
960, 2052.92
961, 1389.96
962, 4018.57
963, 5173.58
964, 2324.15
965, 4947.17
966, 3708.64
967, 1893.16
968, 1945.01
969, 2043.98
970, 2220.82
971, 6133.89
972, 6980.25
973, 2577.68
974, 2579.13
975, 3084.48
976, 4769.32
977, 5339.22
978, 694.39
979, 5523.18
980, 2399.75
981, 946.80
982, 1927.67
983, 3735.16
984, 5511.90
985, 2222.97
986, 1939.14
987, 2651.84
988, 4081.80
989, 1776.55
990, 5619.32
991, 3097.41
992, 3438.67
993, 4226.67
994, 1122.04
995, 2468.92
996, 2200.62
997, 2268.91
998, 1798.56
999, 6036.81
1000, 851.48
1001, 3313.57
1002, 3230.70
1003, 2498.78
1004, 5504.69
1005, 1793.25
1006, 2068.89
1007, 1445.58
1008, 1426.85
1009, 5093.06
1010, 3614.25
1011, 3037.98
1012, 6875.10
1013, 1858.26
1014, 5330.05
1015, 6184.34
1016, 1537.65
1017, 3226.73
1018, 2367.02
1019, 3961.78
1020, 1427.94
1021, 2396.87
1022, 7044.53
1023, 1647.22
1024, 1988.36
1025, 4632.35
1026, 3269.39
1027, 3784.58
1028, 3527.59
1029, 4450.74
1030, 2300.26
1031, 593.17
1032, 6254.30
1033, 3447.39
1034, 3636.24
1035, 1336.58
1036, 1833.25
1037, 2007.02
1038, 2042.96
1039, 5453.65
1040, 5631.65
1041, 1490.85
1042, 6232.63
1043, 2400.14
1044, 4000.62
1045, 2343.58
1046, 1002.97
1047, 1597.07
1048, 4041.40
1049, 3835.13
1050, 2829.99
1051, 4608.90
1052, 4269.12
1053, 1622.08
1054, 811.49
1055, 881.35
1056, 1992.10
1057, 398.69
1058, 3798.50
1059, 1565.79
1060, 4689.10
1061, 4436.01
1062, 4090.58
1063, 1794.09
1064, 3972.99
1065, 3905.05
1066, 1937.44
1067, 997.61
1068, 3304.76
1069, 2803.56
1070, 4772.03
1071, 1553.18
1072, 1782.97
1073, 1874.27
1074, 5643.45
1075, 1765.04
1076, 2842.14
1077, 2499.58
1078, 1925.28
1079, 6117.43
1080, 3006.50
1081, 1144.40
1082, 3433.87
1083, 6625.27
1084, 2979.68
1085, 458.26
1086, 3360.68
1087, 2837.15
1088, 6831.39
1089, 2212.81
1090, 1641.52
1091, 1525.76
1092, 2838.17
1093, 2355.17
1094, 5194.10
1095, 3139.81
1096, 2666.99
1097, 1459.44
1098, 5775.61
1099, 2257.02
1100, 1229.56
1101, 2540.99
1102, 764.39
1103, 1743.50
1104, 1190.85
1105, 4419.38
1106, 4224.41
1107, 343.96
1108, 2790.59
1109, 5045.64
1110, 1025.02
1111, 3811.00
1112, 4619.47
1113, 4340.95
1114, 1150.81
1115, 6406.11
1116, 1876.53
1117, 3429.42
1118, 4400.02
1119, 2483.98
1120, 2480.28
1121, 2169.07
1122, 6139.29
1123, 2035.35
1124, 3261.45
1125, 1032.13
1126, 1681.19
1127, 1389.55
1128, 2484.05
1129, 3312.98
1130, 1266.71
1131, 4286.40
1132, 2219.15
1133, 2412.32
1134, 2579.88
1135, 4136.92
1136, 1675.92
1137, 763.43
1138, 2958.55
1139, 3775.52
1140, 3128.75
1141, 3991.49
1142, 2405.45
1143, 2514.33
1144, 3464.76
1145, 4959.43
1146, 3748.11
1147, 3262.51
1148, 2260.79
1149, 1670.32
1150, 3455.49
1151, 2331.31
1152, 2280.45
1153, 4840.19
1154, 4639.38
1155, 2387.72
1156, 2559.59
1157, 1713.63
1158, 3830.61
1159, 1688.91
1160, 386.36
1161, 1061.61
1162, 3922.67
1163, 584.54
1164, 2496.05
1165, 3058.66
1166, 2614.39
1167, 1253.17
1168, 3668.10
1169, 4217.04
1170, 4827.61
1171, 1068.01
1172, 2601.25
1173, 2577.04
1174, 4124.58
1175, 3310.56
1176, 2192.01
1177, 2486.15
1178, 1779.20
1179, 3071.99
1180, 2823.66
1181, 2405.96
1182, 1449.24
1183, 6487.35
1184, 2068.16
1185, 1415.81
1186, 2362.95
1187, 1301.62
1188, 1307.54
1189, 3970.28
1190, 2377.63
1191, 3706.43
1192, 1901.76
1193, 3171.44
1194, 5396.47
1195, 967.96
1196, 2733.35
1197, 5858.36
1198, 2590.94
1199, 495.78
1200, 2132.19
1201, 1612.01
1202, 1816.64
1203, 1273.39
1204, 965.57
1205, 3169.29
1206, 2862.22
1207, 2552.03
1208, 2362.20
1209, 1082.28
1210, 5652.60
1211, 1248.21
1212, 2893.91
1213, 4648.58
1214, 5340.41
1215, 4049.92
1216, 1787.57
1217, 3759.46
1218, 3177.76
1219, 2349.06
1220, 3110.50
1221, 2310.26
1222, 711.69
1223, 5749.44
1224, 2197.79
1225, 3783.57
1226, 2082.08
1227, 5015.41
1228, 4558.46
1229, 3973.36
1230, 2611.24
1231, 497.30
1232, 2213.67
1233, 5505.36
1234, 6752.99
1235, 3333.29
1236, 1093.79
1237, 1174.90
1238, 2741.70
1239, 628.19
1240, 4539.08
1241, 2244.80
1242, 3016.52
1243, 1460.02
1244, 2679.36
1245, 916.17
1246, 2378.09
1247, 2040.39
1248, 1345.49
1249, 2546.54
1250, 2650.08
1251, 2833.09
1252, 3919.47
1253, 1116.51
1254, 6569.18
1255, 2207.39
1256, 2644.19
1257, 1860.56
1258, 5633.42
1259, 9757.23
1260, 3353.24
1261, 2892.44
1262, 3982.11
1263, 3623.40
1264, 2674.41
1265, 2869.69
1266, 2415.16
1267, 3175.37
1268, 4909.79
1269, 6847.79
1270, 5369.10
1271, 580.57
1272, 2948.74
1273, 1029.56
1274, 4055.13
1275, 1092.02
1276, 2146.86
1277, 2106.15
1278, 896.13
1279, 3379.48
1280, 3042.92
1281, 1610.86
1282, 8785.38
1283, 2643.78
1284, 2979.42
1285, 5423.92
1286, 3495.01
1287, 1089.69
1288, 5880.89
1289, 1072.78
1290, 2613.71
1291, 2166.96
1292, 1137.77
1293, 1211.12
1294, 2154.08
1295, 3994.82
1296, 1529.59
1297, 2073.32
1298, 2513.65
1299, 4249.64
1300, 528.72
1301, 766.23
1302, 2734.12
1303, 3624.35
1304, 1257.64
1305, 2622.66
1306, 5984.51
1307, 4209.17
1308, 5092.04
1309, 4093.67
1310, 3679.47
1311, 4680.09
1312, 3276.92
1313, 760.50
1314, 2190.82
1315, 2926.74
1316, 5224.25
1317, 6048.47
1318, 4526.72
1319, 3630.02
1320, 2450.10
1321, 1997.27
1322, 4531.90
1323, 3022.43
1324, 2433.02
1325, 5414.74
1326, 5037.66
1327, 1529.84
1328, 1934.27
1329, 3377.15
1330, 2440.71
1331, 2567.39
1332, 2043.77
1333, 2641.24
1334, 2028.77
1335, 3996.56
1336, 931.69
1337, 2755.73
1338, 7657.74
1339, 1399.37
1340, 3523.42
1341, 3960.96
1342, 2806.01
1343, 1512.56
1344, 1310.24
1345, 2021.22
1346, 2631.68
1347, 4753.58
1348, 1988.92
1349, 5111.48
1350, 1575.06
1351, 2641.58
1352, 4469.45
1353, 759.99
1354, 2242.12
1355, 2937.18
1356, 3927.47
1357, 5260.80
1358, 2445.86
1359, 1043.96
1360, 1859.16
1361, 4169.82
1362, 6266.23
1363, 3312.30
1364, 6275.26
1365, 1582.22
1366, 2046.73
1367, 3587.71
1368, 3313.63
1369, 8298.82
1370, 5036.77
1371, 1377.65
1372, 3355.31
1373, 3266.30
1374, 2253.62
1375, 2724.48
1376, 1542.94
1377, 4998.11
1378, 1289.47
1379, 4442.73
1380, 1257.54
1381, 3308.42
1382, 2875.54
1383, 4072.49
1384, 2588.68
1385, 5378.58
1386, 1858.88
1387, 7284.31
1388, 1966.65
1389, 2061.55
1390, 2031.83
1391, 1911.10
1392, 5589.26
1393, 2078.53
1394, 1632.55
1395, 761.44
1396, 2597.25
1397, 429.01
1398, 3325.95
1399, 4413.37
1400, 2058.79
1401, 1727.26
1402, 4596.94
1403, 4452.33
1404, 5557.37
1405, 2860.94
1406, 2553.43
1407, 2169.34
1408, 2900.06
1409, 1590.05
1410, 1225.62
1411, 2492.49
1412, 1672.67
1413, 2835.51
1414, 2629.27
1415, 2434.72
1416, 988.22
1417, 1609.67
1418, 4305.93
1419, 5075.19
1420, 310.92
1421, 1140.28
1422, 1666.40
1423, 1178.58
1424, 4118.12
1425, 5590.18
1426, 5391.72
1427, 4033.47
1428, 4000.32
1429, 2490.62
1430, 3673.17
1431, 4853.44
1432, 1162.76
1433, 5129.50
1434, 4185.35
1435, 609.47
1436, 2801.61
1437, 3714.02
1438, 5220.04
1439, 1033.12
1440, 2057.69
1441, 2819.95
1442, 2156.68
1443, 3088.31
1444, 4500.07
1445, 3753.81
1446, 4674.44
1447, 858.37
1448, 1183.37
1449, 2824.29
1450, 1440.40
1451, 701.99
1452, 4277.86
1453, 5073.31
1454, 3420.56
1455, 3783.82
1456, 2106.89
1457, 5218.40
1458, 5148.87
1459, 1259.94
1460, 2092.68
1461, 2533.63
1462, 3081.64
1463, 3745.15
1464, 5645.19
1465, 846.55
1466, 2028.29
1467, 498.44
1468, 1276.42
1469, 1261.57
1470, 3371.65
1471, 1822.93
1472, 1760.80
1473, 2441.68
1474, 1718.71
1475, 3634.62
1476, 2337.05
1477, 3899.38
1478, 5344.82
1479, 4159.85
1480, 3711.72
1481, 4242.42
1482, 3366.04
1483, 2565.27
1484, 1821.07
1485, 1690.29
1486, 6172.59
1487, 2636.93
1488, 4509.42
1489, 2318.03
1490, 1749.15
1491, 4205.28
1492, 3617.46
1493, 3279.76
1494, 6365.79
1495, 3679.87
1496, 1942.97
1497, 4432.71
1498, 3976.75
1499, 4256.66
1500, 2002.94
1501, 2567.85
1502, 3081.11
1503, 4386.93
1504, 5991.44
1505, 3732.88
1506, 1452.24
1507, 2352.90
1508, 1899.26
1509, 1900.17
1510, 3084.03
1511, 1736.37
1512, 6084.50
1513, 1430.63
1514, 2822.21
1515, 2124.06
1516, 2282.63
1517, 3984.97
1518, 1171.00
1519, 6016.39
1520, 1652.35
1521, 1412.60
1522, 2893.38
1523, 3350.53
1524, 1365.93
1525, 2413.19
1526, 2573.55
1527, 2635.68
1528, 1241.50
1529, 3461.92
1530, 1627.93
1531, 4203.41
1532, 2302.77
1533, 443.72
1534, 2332.81
1535, 2206.65
1536, 2618.58
1537, 3355.96
1538, 664.96
1539, 1988.61
1540, 3723.40
1541, 740.06
1542, 1464.30
1543, 1812.66
1544, 5786.94
1545, 5481.83
1546, 2025.66
1547, 629.04
1548, 1525.10
1549, 1932.50
1550, 2069.51
1551, 4842.73
1552, 768.87
1553, 944.39
1554, 3921.95
1555, 2824.81
1556, 3594.56
1557, 1874.06
1558, 2947.62
1559, 1644.24
1560, 3434.30
1561, 6976.92
1562, 1568.84
1563, 1123.52
1564, 1029.64
1565, 4521.55
1566, 3236.11
1567, 1772.35
1568, 1965.99
1569, 3180.13
1570, 1966.30
1571, 2550.10
1572, 5204.84
1573, 1130.32
1574, 1033.73
1575, 2992.32
1576, 1386.58
1577, 2351.11
1578, 3112.87
1579, 417.74
1580, 1621.59
1581, 5396.48
1582, 5128.60
1583, 5756.64
1584, 1846.18
1585, 5962.35
1586, 3753.07
1587, 1933.05
1588, 628.22
1589, 2503.23
1590, 3034.55
1591, 1433.52
1592, 2854.79
1593, 2022.83
1594, 3282.72
1595, 3924.48
1596, 2050.42
1597, 5112.49
1598, 1598.19
1599, 1042.29
1600, 6462.38
1601, 2226.81
1602, 1707.95
1603, 4345.04
1604, 726.72
1605, 6471.00
1606, 870.30
1607, 3216.86
1608, 532.51
1609, 2339.23
1610, 3439.47
1611, 5936.40
1612, 2799.62
1613, 547.24
1614, 3965.21
1615, 1373.80
1616, 2437.42
1617, 5718.05
1618, 1538.80
1619, 5233.53
1620, 3147.04
1621, 4071.26
1622, 3012.28
1623, 3508.00
1624, 4711.10
1625, 2299.60
1626, 2081.82
1627, 1803.18
1628, 2845.64
1629, 2250.88
1630, 3989.15
1631, 4056.27
1632, 2622.36
1633, 1116.44
1634, 986.98
1635, 2050.85
1636, 3368.44
1637, 2621.68
1638, 5255.43
1639, 3907.94
1640, 158.90
1641, 4685.50
1642, 1502.48
1643, 581.66
1644, 1112.79
1645, 950.17
1646, 4866.22
1647, 3261.91
1648, 3519.05
1649, 1838.70
1650, 3624.77
1651, 1899.98
1652, 1657.72
1653, 2076.42
1654, 2563.00
1655, 948.60
1656, 2060.81
1657, 2424.76
1658, 3430.91
1659, 1168.51
1660, 360.67
1661, 496.92
1662, 2982.38
1663, 466.30
1664, 3647.41
1665, 3077.53
1666, 5398.41
1667, 2511.14
1668, 3738.58
1669, 1093.73
1670, 1923.96
1671, 1407.13
1672, 1781.97
1673, 3027.88
1674, 1283.90
1675, 545.77
1676, 2184.27
1677, 2588.06
1678, 1267.47
1679, 2596.69
1680, 3120.34
1681, 2640.89
1682, 1511.60
1683, 2908.77
1684, 4960.58
1685, 1648.80
1686, 3541.42
1687, 1831.98
1688, 3597.44
1689, 3846.60
1690, 531.78
1691, 867.45
1692, 2215.26
1693, 3976.27
1694, 3409.05
1695, 3628.74
1696, 1546.47
1697, 3235.30
1698, 2271.26
1699, 3887.83
1700, 495.53
1701, 1324.15
1702, 4324.60
1703, 1607.89
1704, 796.59
1705, 3734.44
1706, 3411.46
1707, 4336.49
1708, 5541.25
1709, 2127.12
1710, 3876.51
1711, 2436.65
1712, 3196.41
1713, 1519.19
1714, 2043.25
1715, 2289.11
1716, 3148.31
1717, 2843.54
1718, 1295.36
1719, 2309.29
1720, 3436.74
1721, 3587.23
1722, 1842.33
1723, 2610.00
1724, 2813.94
1725, 3235.43
1726, 2726.10
1727, 1579.73
1728, 2932.06
1729, 1978.53
1730, 2194.69
1731, 2452.90
1732, 392.84
1733, 3559.49
1734, 2093.72
1735, 3168.78
1736, 3904.26
1737, 535.32
1738, 4194.25
1739, 2180.74
1740, 1810.55
1741, 1967.98
1742, 7116.90
1743, 4698.05
1744, 5990.62
1745, 2288.37
1746, 2335.63
1747, 2181.72
1748, 5779.80
1749, 1889.39
1750, 2152.48
1751, 2373.75
1752, 963.04
1753, 1779.20
1754, 2789.25
1755, 1519.44
1756, 3611.56
1757, 5338.50
1758, 1381.17
1759, 4975.76
1760, 1824.18
1761, 3796.30
1762, 3107.39
1763, 1638.90
1764, 2098.83
1765, 3481.40
1766, 1010.35
1767, 3679.35
1768, 3483.85
1769, 2030.75
1770, 1873.25
1771, 1921.44
1772, 2373.37
1773, 5355.61
1774, 3980.52
1775, 2053.53
1776, 1385.64
1777, 908.24
1778, 4824.88
1779, 3733.31
1780, 2767.60
1781, 1686.80
1782, 896.06
1783, 2320.94
1784, 1009.16
1785, 1641.06
1786, 2455.96
1787, 2835.50
1788, 824.34
1789, 607.02
1790, 3459.82
1791, 3114.17
1792, 865.48
1793, 4007.41
1794, 3534.88
1795, 1158.85
1796, 1282.01
1797, 2494.07
1798, 2612.78
1799, 2763.13
1800, 524.43
1801, 2856.69
1802, 1837.27
1803, 3589.59
1804, 3020.67
1805, 1198.76
1806, 1678.70
1807, 3353.70
1808, 4048.07
1809, 2461.04
1810, 78.92
1811, 3461.72
1812, 2146.67
1813, 3731.29
1814, 1738.14
1815, 1175.72
1816, 5214.55
1817, 1131.67
1818, 1166.97
1819, 2184.69
1820, 1212.27
1821, 3980.19
1822, 1710.39
1823, 6917.56
1824, 782.75
1825, 2775.81
1826, 1244.54
1827, 1587.09
1828, 2332.16
1829, 5376.09
1830, 1296.16
1831, 1747.55
1832, 2710.82
1833, 2424.14
1834, 2580.75
1835, 1025.23
1836, 3102.99
1837, 2873.25
1838, 3146.45
1839, 1846.03
1840, 4324.16
1841, 4315.03
1842, 4533.68
1843, 2998.37
1844, 901.78
1845, 2151.56
1846, 2243.51
1847, 3241.59
1848, 875.52
1849, 2096.24
1850, 2610.29
1851, 2083.15
1852, 354.83
1853, 1625.02
1854, 2415.73
1855, 3587.69
1856, 1695.66
1857, 1775.75
1858, 1009.43
1859, 4061.85
1860, 2972.35
1861, 3949.23
1862, 2521.36
1863, 6437.58
1864, 1534.92
1865, 2661.53
1866, 3869.82
1867, 3767.24
1868, 3239.82
1869, 2178.27
1870, 2865.31
1871, 4295.15
1872, 2040.95
1873, 441.14
1874, 2911.32
1875, 3659.82
1876, 3853.65
1877, 2552.75
1878, 1114.34
1879, 2883.52
1880, 2414.10
1881, 1640.60
1882, 1544.74
1883, 1939.60
1884, 3009.84
1885, 2071.24
1886, 1913.58
1887, 1048.51
1888, 2223.11
1889, 974.22
1890, 1570.28
1891, 3034.48
1892, 2631.92
1893, 1130.82
1894, 4309.84
1895, 527.91
1896, 4816.19
1897, 2279.78
1898, 1150.49
1899, 3054.11
1900, 466.73
1901, 2450.50
1902, 1040.72
1903, 2321.81
1904, 4082.76
1905, 2824.03
1906, 2511.13
1907, 6438.45
1908, 1843.69
1909, 2365.50
1910, 1020.70
1911, 4937.77
1912, 750.88
1913, 3997.43
1914, 2050.40
1915, 1333.85
1916, 5136.74
1917, 1460.01
1918, 4727.75
1919, 1497.25
1920, 2374.46
1921, 3600.40
1922, 2041.26
1923, 3784.46
1924, 3086.16
1925, 4120.43
1926, 2363.93
1927, 1746.78
1928, 2549.36
1929, 2969.42
1930, 2713.52
1931, 1609.90
1932, 1741.01
1933, 1243.81
1934, 3080.37
1935, 2738.84
1936, 2945.84
1937, 951.77
1938, 1375.61
1939, 3012.62
1940, 1350.30
1941, 685.18
1942, 2627.98
1943, 2644.57
1944, 1474.83
1945, 1899.98
1946, 1322.29
1947, 2614.73
1948, 1681.00
1949, 3473.77
1950, 1588.72
1951, 1305.05
1952, 2402.12
1953, 1944.15
1954, 2248.08
1955, 1967.73
1956, 71.03
1957, 987.09
1958, 549.48
1959, 6578.96
1960, 1043.72
1961, 2448.97
1962, 1970.50
1963, 1868.86
1964, 3850.38
1965, 1325.49
1966, 3702.70
1967, 688.41
1968, 3235.03
1969, 2658.96
1970, 3679.69
1971, 741.95
1972, 1121.83
1973, 2424.34
1974, 2655.65
1975, 3173.90
1976, 896.55
1977, 1578.50
1978, 1506.94
1979, 1668.83
1980, 2253.29
1981, 4747.89
1982, 1530.00
1983, 2616.82
1984, 2232.52
1985, 1320.05
1986, 986.32
1987, 3464.88
1988, 998.29
1989, 2463.00
1990, 3421.99
1991, 1247.32
1992, 2617.64
1993, 2336.56
1994, 2813.76
1995, 2669.85
1996, 2992.76
1997, 4595.57
1998, 3881.93
1999, 2146.85
2000, 1912.48
2001, 718.69
2002, 1020.50
2003, 2758.57
2004, 4176.88
2005, 4295.82
2006, 3002.55
2007, 5551.86
2008, 573.26
2009, 1518.92
2010, 1811.82
2011, 3708.75
2012, 2082.33
2013, 5190.80
2014, 2004.93
2015, 2890.68
2016, 1773.17
2017, 1299.28
2018, 413.96
2019, 3038.40
2020, 3003.60
2021, 2748.03
2022, 2504.17
2023, 1348.76
2024, 1113.53
2025, 768.48
2026, 2031.48
2027, 2979.63
2028, 1694.29
2029, 2003.44
2030, 3771.43
2031, 4744.64
2032, 3681.10
2033, 3520.41
2034, 3107.44
2035, 1494.82
2036, 1261.72
2037, 1072.94
2038, 2041.73
2039, 4224.98
2040, 3136.18
2041, 3062.77
2042, 702.09
2043, 1289.05
2044, 1324.68
2045, 5100.51
2046, 4263.05
2047, 1040.81
=== END ===


=== BATCH 1 ===
0, 2097869.50
1, 3135.59
2, 10448.57
3, 7701.72
4, 4087.31
5, 10830.63
6, 5880.00
7, 6292.16
8, 3406.52
9, 3004.45
10, 1234.28
11, 6060.86
12, 16502.19
13, 17506.99
14, 10099.82
15, 3361.99
16, 2079.35
17, 20409.72
18, 13312.41
19, 15612.41
20, 15102.47
21, 9936.39
22, 14235.93
23, 6753.47
24, 9253.78
25, 16080.72
26, 10190.17
27, 8911.54
28, 16307.43
29, 13381.84
30, 8228.43
31, 6436.40
32, 795.14
33, 3449.16
34, 6220.70
35, 5722.53
36, 1813.37
37, 9346.28
38, 3409.03
39, 6588.10
40, 4461.87
41, 10157.07
42, 3540.90
43, 6785.55
44, 4138.20
45, 6244.55
46, 9021.39
47, 3706.01
48, 6076.41
49, 2769.33
50, 11729.44
51, 7343.62
52, 426.23
53, 2010.72
54, 2388.55
55, 2327.25
56, 4262.91
57, 4941.02
58, 5657.90
59, 5955.62
60, 3063.97
61, 4254.48
62, 2546.13
63, 5278.27
64, 2028.33
65, 7260.34
66, 3105.22
67, 5684.42
68, 8321.21
69, 7358.74
70, 5082.35
71, 210.13
72, 7558.94
73, 6631.90
74, 3838.71
75, 2376.61
76, 4314.93
77, 7396.73
78, 4104.38
79, 1470.04
80, 8814.28
81, 7297.37
82, 5299.82
83, 8881.40
84, 1023.72
85, 6728.53
86, 1930.00
87, 1802.49
88, 3234.15
89, 2839.03
90, 2644.04
91, 5846.38
92, 3271.53
93, 2763.98
94, 5112.25
95, 4233.26
96, 5096.36
97, 6488.94
98, 2054.96
99, 5916.10
100, 5339.17
101, 6446.05
102, 4776.56
103, 4861.84
104, 6947.25
105, 7773.35
106, 1242.76
107, 2585.97
108, 6020.47
109, 8203.26
110, 7894.14
111, 4614.62
112, 5531.56
113, 2529.51
114, 4434.11
115, 6360.20
116, 3514.38
117, 3439.92
118, 4061.24
119, 4194.60
120, 7798.86
121, 1954.51
122, 4586.58
123, 3637.80
124, 2153.72
125, 5813.03
126, 3706.20
127, 1737.23
128, 1480.36
129, 1822.32
130, 4614.72
131, 5628.48
132, 4398.80
133, 725.16
134, 7262.47
135, 1042.09
136, 1325.16
137, 5576.02
138, 4896.14
139, 3257.56
140, 1172.99
141, 4859.13
142, 5580.52
143, 592.25
144, 8076.35
145, 785.82
146, 6251.56
147, 3460.36
148, 2051.73
149, 4496.75
150, 743.91
151, 8233.38
152, 3700.03
153, 3506.88
154, 3707.49
155, 761.39
156, 794.03
157, 3332.96
158, 3717.45
159, 2929.05
160, 2418.01
161, 2813.52
162, 3789.42
163, 3204.30
164, 3049.26
165, 5430.87
166, 4242.03
167, 2067.41
168, 2540.22
169, 3838.38
170, 2882.03
171, 5260.11
172, 2529.02
173, 7184.40
174, 887.83
175, 2618.62
176, 2032.45
177, 1292.18
178, 3805.79
179, 4538.79
180, 3246.86
181, 993.09
182, 6077.08
183, 3086.22
184, 5771.40
185, 3723.10
186, 1607.56
187, 3649.62
188, 1651.11
189, 1496.02
190, 2786.49
191, 3556.68
192, 1908.59
193, 4084.69
194, 7835.11
195, 291.31
196, 1528.60
197, 2813.62
198, 8245.82
199, 3225.89
200, 5525.21
201, 1350.96
202, 8013.65
203, 1844.20
204, 4457.80
205, 3139.26
206, 2754.26
207, 1583.64
208, 6008.00
209, 5789.38
210, 5709.51
211, 1530.90
212, 4729.89
213, 4465.52
214, 1883.75
215, 3436.52
216, 4769.04
217, 7071.33
218, 5228.90
219, 2696.82
220, 1292.78
221, 4523.50
222, 5130.64
223, 3957.03
224, 125.05
225, 707.36
226, 6347.20
227, 1238.03
228, 2068.37
229, 2655.16
230, 2010.27
231, 4083.74
232, 3018.60
233, 136.66
234, 2446.42
235, 3527.80
236, 2542.93
237, 2998.12
238, 2002.15
239, 5090.79
240, 5748.24
241, 7204.82
242, 2754.46
243, 2024.31
244, 3430.88
245, 3245.13
246, 5057.39
247, 532.21
248, 238.69
249, 1771.23
250, 766.49
251, 4135.84
252, 7019.27
253, 5642.30
254, 2925.36
255, 1873.54
256, 3987.56
257, 771.12
258, 4436.13
259, 1513.46
260, 2628.49
261, 5131.67
262, 4336.37
263, 3098.09
264, 6725.87
265, 3880.50
266, 4170.54
267, 1206.19
268, 3292.83
269, 4467.46
270, 5049.02
271, 827.19
272, 475.71
273, 2010.50
274, 3182.18
275, 3338.56
276, 2877.92
277, 3103.80
278, 3683.52
279, 5686.48
280, 6631.61
281, 2371.82
282, 1332.70
283, 2056.38
284, 6731.02
285, 4013.88
286, 2996.67
287, 2095.49
288, 2771.99
289, 6156.76
290, 6032.38
291, 2139.71
292, 3747.70
293, 4419.58
294, 3337.53
295, 4928.55
296, 1792.33
297, 1462.73
298, 4335.03
299, 2281.12
300, 3760.50
301, 1357.94
302, 2830.33
303, 6128.30
304, 2788.16
305, 5462.53
306, 5286.38
307, 3522.68
308, 1088.15
309, 2508.40
310, 2261.67
311, 2950.66
312, 3793.41
313, 1627.49
314, 1747.23
315, 5309.77
316, 5257.23
317, 2178.63
318, 4393.44
319, 3515.71
320, 1846.35
321, 3779.87
322, 2960.63
323, 8096.85
324, 3743.87
325, 3940.76
326, 1428.39
327, 2729.67
328, 1043.26
329, 2485.58
330, 3029.41
331, 2207.88
332, 6261.13
333, 5317.19
334, 3587.53
335, 3257.36
336, 1545.78
337, 3717.99
338, 2377.94
339, 9298.70
340, 5960.87
341, 3201.50
342, 1977.37
343, 11668.51
344, 2981.46
345, 5970.22
346, 2208.64
347, 2749.47
348, 2430.47
349, 5402.86
350, 1949.81
351, 1801.47
352, 7669.39
353, 2621.65
354, 2510.43
355, 2457.88
356, 791.33
357, 4809.81
358, 5144.02
359, 887.85
360, 8046.81
361, 3497.16
362, 1703.13
363, 4304.37
364, 4860.42
365, 7398.77
366, 2977.86
367, 3166.82
368, 2632.66
369, 2454.46
370, 3638.70
371, 2032.61
372, 3270.14
373, 5232.19
374, 4901.86
375, 4140.69
376, 1744.49
377, 4313.28
378, 6318.39
379, 3228.72
380, 1587.31
381, 5623.94
382, 1543.28
383, 7684.97
384, 5725.01
385, 3429.06
386, 16106.49
387, 4210.52
388, 3688.70
389, 1347.16
390, 4556.83
391, 1543.17
392, 527.27
393, 5245.31
394, 4084.85
395, 4903.53
396, 4388.63
397, 5288.79
398, 4432.29
399, 729.04
400, 4474.31
401, 1305.11
402, 1922.92
403, 2634.67
404, 880.34
405, 1863.97
406, 2080.66
407, 9553.70
408, 3964.16
409, 5453.50
410, 4492.32
411, 3713.73
412, 1019.28
413, 4770.37
414, 5578.55
415, 6919.66
416, 5817.42
417, 5727.08
418, 4682.38
419, 1964.82
420, 2451.99
421, 2700.81
422, 2773.25
423, 5810.40
424, 1965.18
425, 4012.89
426, 4700.45
427, 1728.36
428, 9694.09
429, 6677.38
430, 970.56
431, 4690.36
432, 398.27
433, 784.06
434, 4077.70
435, 4155.85
436, 5989.71
437, 3570.37
438, 2395.77
439, 2267.54
440, 2469.21
441, 5301.71
442, 4686.68
443, 4134.02
444, 2939.97
445, 4638.00
446, 10147.96
447, 4644.55
448, 2237.67
449, 2991.44
450, 6603.92
451, 4627.67
452, 3923.25
453, 1672.96
454, 6435.93
455, 1816.52
456, 4830.87
457, 4623.90
458, 3899.57
459, 6281.04
460, 4391.98
461, 3293.84
462, 7000.88
463, 6281.15
464, 5449.37
465, 4180.80
466, 2303.51
467, 7195.75
468, 6589.29
469, 4191.48
470, 4274.06
471, 13536.59
472, 5331.39
473, 2812.69
474, 516.15
475, 9376.41
476, 2944.24
477, 2235.25
478, 1069.35
479, 2313.08
480, 2609.81
481, 3417.06
482, 2080.26
483, 6062.41
484, 8088.52
485, 833.82
486, 1722.26
487, 6159.53
488, 2690.31
489, 1824.21
490, 3100.26
491, 3261.93
492, 3941.47
493, 3193.14
494, 721.08
495, 3946.30
496, 4245.50
497, 2941.66
498, 2748.21
499, 4984.54
500, 5007.86
501, 3633.82
502, 2140.76
503, 7967.67
504, 3369.58
505, 3055.16
506, 958.12
507, 3786.01
508, 3936.30
509, 4326.08
510, 5191.84
511, 351.77
512, 4036.44
513, 5439.20
514, 18181.14
515, 4804.35
516, 7559.89
517, 3678.37
518, 6281.36
519, 8349.60
520, 2368.56
521, 3303.74
522, 5908.32
523, 5230.91
524, 3005.64
525, 1603.79
526, 5557.13
527, 3693.37
528, 1850.51
529, 952.99
530, 1499.03
531, 926.12
532, 3443.70
533, 4484.77
534, 3890.20
535, 2861.34
536, 1917.39
537, 3637.04
538, 1644.20
539, 7643.53
540, 12455.35
541, 10279.84
542, 2767.40
543, 2327.54
544, 3262.62
545, 6067.99
546, 5418.57
547, 3511.81
548, 3229.00
549, 5355.90
550, 2883.19
551, 6036.05
552, 3731.73
553, 3759.87
554, 9006.39
555, 8153.23
556, 3850.33
557, 11710.70
558, 7409.61
559, 1236.47
560, 8209.63
561, 5309.38
562, 4610.51
563, 4991.32
564, 2836.34
565, 1057.11
566, 5620.58
567, 4258.88
568, 5700.12
569, 1767.51
570, 2684.73
571, 1971.36
572, 2625.16
573, 7765.38
574, 4575.13
575, 5425.48
576, 3287.04
577, 2890.53
578, 7073.11
579, 3196.88
580, 1418.66
581, 3858.03
582, 4802.96
583, 3957.72
584, 1969.10
585, 3403.92
586, 2291.05
587, 3799.03
588, 6538.88
589, 2223.96
590, 1444.93
591, 6961.01
592, 3693.00
593, 2599.42
594, 4545.69
595, 6831.17
596, 3004.85
597, 4590.47
598, 4117.18
599, 20530.40
600, 10977.02
601, 5733.18
602, 5079.82
603, 2476.40
604, 3524.34
605, 4674.39
606, 2814.46
607, 10247.47
608, 3155.50
609, 7329.66
610, 7163.47
611, 4360.41
612, 2113.28
613, 5014.95
614, 1997.58
615, 6485.32
616, 3733.56
617, 2435.38
618, 3614.11
619, 10568.67
620, 6805.33
621, 4424.58
622, 3605.42
623, 2560.68
624, 886.67
625, 3066.56
626, 8143.89
627, 4124.34
628, 1029.18
629, 3845.25
630, 3379.65
631, 2262.82
632, 9902.00
633, 1899.62
634, 1857.07
635, 9076.48
636, 12565.86
637, 3017.26
638, 2765.68
639, 5353.35
640, 458.64
641, 7413.48
642, 25326.52
643, 3849.99
644, 3952.80
645, 5551.45
646, 10112.91
647, 6300.63
648, 4427.97
649, 4655.79
650, 4708.15
651, 3246.06
652, 5446.08
653, 5696.75
654, 2400.12
655, 1845.68
656, 3511.27
657, 2666.40
658, 5876.91
659, 5480.88
660, 4291.82
661, 2936.74
662, 1887.12
663, 11272.24
664, 4265.95
665, 7384.35
666, 4055.62
667, 2954.53
668, 10223.63
669, 2461.34
670, 3739.78
671, 3480.03
672, 5148.65
673, 5307.45
674, 9222.26
675, 10014.10
676, 1246.88
677, 1665.14
678, 7009.85
679, 7015.57
680, 11958.03
681, 6797.85
682, 9513.68
683, 16040.92
684, 40113.54
685, 79693.62
686, 20421.77
687, 17549.88
688, 14154.48
689, 10317.20
690, 5346.78
691, 5571.73
692, 3218.75
693, 4704.03
694, 1811.02
695, 4076.71
696, 4247.23
697, 7930.80
698, 6981.44
699, 5603.65
700, 1718.36
701, 5026.08
702, 1008.52
703, 2143.33
704, 4638.90
705, 6643.85
706, 5036.42
707, 2613.45
708, 4834.40
709, 2341.76
710, 3463.60
711, 1125.45
712, 3223.30
713, 2125.93
714, 1414.61
715, 2478.10
716, 10629.32
717, 3926.72
718, 4342.58
719, 3823.35
720, 1019.20
721, 769.56
722, 9568.57
723, 9346.08
724, 1315.00
725, 2848.90
726, 5780.30
727, 25716.56
728, 9434.64
729, 2065.99
730, 360.31
731, 2638.71
732, 2471.78
733, 5255.65
734, 2006.91
735, 2857.77
736, 2309.31
737, 3344.18
738, 9144.50
739, 1275.86
740, 2072.76
741, 1490.69
742, 2188.07
743, 5281.32
744, 3603.48
745, 3804.22
746, 425.75
747, 3296.86
748, 3238.04
749, 5913.82
750, 10267.54
751, 3522.19
752, 7941.65
753, 5183.00
754, 1371.14
755, 1967.41
756, 10847.31
757, 3374.20
758, 5769.94
759, 1893.46
760, 5910.95
761, 6253.84
762, 3805.02
763, 4157.98
764, 1879.25
765, 6980.77
766, 3397.47
767, 3858.52
768, 5515.25
769, 6175.26
770, 27132.10
771, 2834.31
772, 6297.32
773, 2942.80
774, 2147.78
775, 2572.32
776, 3234.19
777, 4837.50
778, 4658.06
779, 3415.16
780, 2737.62
781, 2069.24
782, 5329.48
783, 2202.82
784, 4671.01
785, 4570.26
786, 7962.52
787, 4808.71
788, 6560.49
789, 7160.22
790, 3318.49
791, 12745.51
792, 5571.81
793, 2679.63
794, 2247.92
795, 1085.81
796, 4515.72
797, 4611.38
798, 2996.34
799, 4371.43
800, 8934.84
801, 4110.40
802, 3649.85
803, 3109.76
804, 1852.67
805, 5716.50
806, 309.33
807, 1330.29
808, 3591.10
809, 3390.98
810, 2720.35
811, 5050.23
812, 11940.37
813, 21115.92
814, 4042.84
815, 2775.87
816, 5264.59
817, 5853.00
818, 4119.11
819, 3822.02
820, 1194.28
821, 6064.41
822, 3024.37
823, 2156.73
824, 2548.61
825, 2088.09
826, 3464.76
827, 1856.78
828, 4094.25
829, 15054.68
830, 4104.20
831, 2498.48
832, 2921.53
833, 1542.96
834, 5073.33
835, 3641.98
836, 1331.01
837, 1182.17
838, 2600.18
839, 3361.49
840, 6436.10
841, 6038.00
842, 2462.61
843, 873.97
844, 3480.85
845, 4196.70
846, 2848.50
847, 1503.53
848, 4619.23
849, 2589.76
850, 4042.84
851, 1041.32
852, 4252.31
853, 5413.11
854, 3263.91
855, 12754.29
856, 3731.93
857, 6323.43
858, 252.86
859, 1494.33
860, 5663.16
861, 10581.62
862, 1480.66
863, 2064.12
864, 7049.86
865, 4486.86
866, 3858.66
867, 2736.06
868, 1023.53
869, 4130.79
870, 3744.39
871, 3717.02
872, 4020.88
873, 1039.72
874, 2232.90
875, 538.95
876, 914.20
877, 4643.40
878, 4957.56
879, 4834.26
880, 2196.00
881, 3052.41
882, 10467.19
883, 5996.93
884, 2480.04
885, 2569.38
886, 1387.15
887, 4766.84
888, 3797.53
889, 1474.27
890, 1285.11
891, 3008.20
892, 4402.81
893, 2577.55
894, 2733.03
895, 1247.49
896, 3820.35
897, 1047.90
898, 11296.26
899, 1296.31
900, 2166.23
901, 2084.92
902, 2064.64
903, 1874.02
904, 3413.45
905, 2754.58
906, 3897.28
907, 3619.28
908, 3805.05
909, 2751.20
910, 2771.85
911, 1595.68
912, 3764.57
913, 2307.88
914, 1649.62
915, 1267.47
916, 2538.79
917, 2982.12
918, 1432.07
919, 2005.63
920, 3496.44
921, 3061.45
922, 4349.22
923, 533.33
924, 4351.32
925, 5744.76
926, 5391.98
927, 2661.34
928, 2837.43
929, 1352.69
930, 1386.70
931, 4821.49
932, 1474.36
933, 4375.19
934, 2337.04
935, 1810.54
936, 1429.79
937, 3696.62
938, 640.75
939, 731.61
940, 6948.69
941, 10252.07
942, 2600.33
943, 4350.32
944, 2355.25
945, 5630.11
946, 1157.87
947, 1578.08
948, 2489.04
949, 4720.10
950, 4579.81
951, 2869.94
952, 1493.44
953, 4568.02
954, 2328.72
955, 1912.28
956, 5036.70
957, 4070.92
958, 4974.76
959, 3695.85
960, 3269.99
961, 3306.33
962, 3377.38
963, 2727.66
964, 1981.36
965, 3705.50
966, 2472.43
967, 5401.30
968, 4129.08
969, 4438.30
970, 192.84
971, 2158.92
972, 2810.18
973, 6018.95
974, 2839.69
975, 3478.01
976, 4041.67
977, 4898.96
978, 7600.11
979, 2366.92
980, 664.67
981, 3927.10
982, 3683.67
983, 2181.51
984, 1519.99
985, 2544.82
986, 2325.35
987, 3761.34
988, 3328.69
989, 3205.76
990, 1654.47
991, 2206.64
992, 2577.48
993, 1915.79
994, 4612.79
995, 1776.01
996, 1647.39
997, 2276.46
998, 2501.17
999, 4759.67
1000, 4890.90
1001, 748.91
1002, 4097.04
1003, 3923.75
1004, 2248.65
1005, 1717.16
1006, 4527.89
1007, 3494.96
1008, 3573.45
1009, 4626.09
1010, 4896.84
1011, 1686.03
1012, 3735.41
1013, 4356.39
1014, 2775.64
1015, 3711.02
1016, 3140.74
1017, 577.20
1018, 3221.07
1019, 5741.28
1020, 2728.56
1021, 2303.62
1022, 9843.64
1023, 5533.30
1024, 1940.41
1025, 2412.25
1026, 7385.60
1027, 3067.05
1028, 2950.40
1029, 4901.19
1030, 2782.20
1031, 3452.40
1032, 4577.97
1033, 3983.00
1034, 1537.36
1035, 3033.41
1036, 4478.15
1037, 3953.81
1038, 4139.86
1039, 5293.90
1040, 2076.12
1041, 3516.50
1042, 5404.44
1043, 3140.41
1044, 3665.16
1045, 1098.14
1046, 3856.35
1047, 394.07
1048, 3354.63
1049, 1438.79
1050, 1247.97
1051, 1172.78
1052, 2756.66
1053, 2864.70
1054, 4829.39
1055, 1112.21
1056, 931.97
1057, 2270.67
1058, 2797.23
1059, 897.98
1060, 3462.85
1061, 2033.95
1062, 1715.09
1063, 3283.70
1064, 2876.35
1065, 750.38
1066, 599.39
1067, 2310.72
1068, 1083.62
1069, 2098.13
1070, 4413.71
1071, 1957.80
1072, 2112.54
1073, 1569.84
1074, 5910.48
1075, 6332.46
1076, 3329.18
1077, 1338.85
1078, 2984.21
1079, 3909.04
1080, 6233.26
1081, 3206.16
1082, 4693.62
1083, 1779.84
1084, 298.37
1085, 2580.09
1086, 2322.41
1087, 1306.38
1088, 1620.18
1089, 2303.68
1090, 369.14
1091, 5973.34
1092, 2473.41
1093, 2349.20
1094, 4917.86
1095, 1021.89
1096, 1611.55
1097, 1215.99
1098, 6665.16
1099, 3044.46
1100, 4072.90
1101, 1092.84
1102, 1917.18
1103, 2774.99
1104, 2477.96
1105, 3089.52
1106, 1006.66
1107, 1964.31
1108, 2819.15
1109, 827.02
1110, 1545.83
1111, 2186.97
1112, 3083.26
1113, 2029.53
1114, 1209.92
1115, 1365.35
1116, 2126.17
1117, 5043.77
1118, 522.94
1119, 4934.69
1120, 6013.23
1121, 1861.18
1122, 2018.63
1123, 2562.71
1124, 3930.64
1125, 3516.55
1126, 1895.92
1127, 747.36
1128, 1865.07
1129, 1463.02
1130, 2035.94
1131, 1016.72
1132, 2834.91
1133, 1234.84
1134, 5225.86
1135, 3389.10
1136, 1299.92
1137, 4004.78
1138, 1371.39
1139, 993.83
1140, 459.04
1141, 821.04
1142, 5204.66
1143, 208.71
1144, 2522.37
1145, 7261.49
1146, 3917.78
1147, 6466.20
1148, 3267.28
1149, 2943.01
1150, 3001.09
1151, 2974.11
1152, 1813.35
1153, 3267.66
1154, 2189.57
1155, 2687.41
1156, 2186.57
1157, 3430.50
1158, 6152.59
1159, 2806.53
1160, 3554.55
1161, 2269.80
1162, 1386.43
1163, 1311.00
1164, 1351.03
1165, 1148.61
1166, 2894.36
1167, 1745.56
1168, 2240.95
1169, 1852.00
1170, 4528.15
1171, 3150.93
1172, 2982.13
1173, 2167.61
1174, 3006.19
1175, 2477.73
1176, 8915.01
1177, 1114.19
1178, 1585.96
1179, 2946.41
1180, 2000.76
1181, 3342.77
1182, 5267.39
1183, 1012.24
1184, 3238.06
1185, 3357.74
1186, 1340.25
1187, 2719.22
1188, 5257.36
1189, 1712.25
1190, 1200.31
1191, 3614.86
1192, 2181.06
1193, 3852.88
1194, 3333.07
1195, 6318.76
1196, 4062.22
1197, 1674.56
1198, 3282.48
1199, 1909.49
1200, 1924.58
1201, 4377.77
1202, 1867.62
1203, 3713.00
1204, 4440.88
1205, 2319.09
1206, 4346.63
1207, 1641.10
1208, 3517.94
1209, 1647.33
1210, 1812.86
1211, 3257.06
1212, 3527.19
1213, 4962.82
1214, 3094.86
1215, 4282.02
1216, 4438.73
1217, 2132.90
1218, 3854.42
1219, 3104.98
1220, 1713.55
1221, 4346.86
1222, 473.99
1223, 3554.55
1224, 2452.17
1225, 6586.69
1226, 2235.11
1227, 3708.66
1228, 961.35
1229, 4710.63
1230, 2320.89
1231, 3273.12
1232, 3654.09
1233, 1754.70
1234, 4302.36
1235, 690.77
1236, 1092.82
1237, 2551.67
1238, 1168.90
1239, 5284.85
1240, 2740.93
1241, 1035.52
1242, 2439.88
1243, 3472.25
1244, 4846.79
1245, 4269.51
1246, 2695.27
1247, 4215.42
1248, 3314.05
1249, 2445.75
1250, 955.40
1251, 2497.45
1252, 5028.55
1253, 2400.19
1254, 3458.05
1255, 4686.10
1256, 2320.42
1257, 5690.45
1258, 5480.69
1259, 4803.34
1260, 2247.76
1261, 8141.03
1262, 2130.80
1263, 2401.36
1264, 3314.85
1265, 4137.79
1266, 2095.70
1267, 3422.64
1268, 1064.96
1269, 4070.78
1270, 3833.87
1271, 1966.06
1272, 1670.74
1273, 877.28
1274, 2054.98
1275, 1949.38
1276, 4978.17
1277, 4621.14
1278, 7607.43
1279, 3956.87
1280, 1363.90
1281, 2214.47
1282, 6655.87
1283, 6236.92
1284, 1375.23
1285, 5358.20
1286, 4104.64
1287, 4543.82
1288, 5428.26
1289, 5150.18
1290, 3628.53
1291, 5290.26
1292, 1210.93
1293, 3299.65
1294, 736.99
1295, 2939.51
1296, 1270.50
1297, 6508.04
1298, 1699.10
1299, 2737.97
1300, 4683.29
1301, 1980.32
1302, 1655.88
1303, 4468.61
1304, 1267.18
1305, 2302.67
1306, 1531.45
1307, 1134.04
1308, 4719.78
1309, 2778.54
1310, 3986.07
1311, 3707.94
1312, 2045.82
1313, 1570.05
1314, 887.53
1315, 4818.45
1316, 7463.49
1317, 3408.59
1318, 3839.36
1319, 967.64
1320, 3310.42
1321, 2614.36
1322, 2541.58
1323, 1274.28
1324, 6290.55
1325, 4378.05
1326, 1078.42
1327, 1989.46
1328, 2370.41
1329, 4546.63
1330, 4848.31
1331, 5455.86
1332, 3803.04
1333, 788.53
1334, 1985.61
1335, 1279.80
1336, 1001.90
1337, 1743.74
1338, 1289.20
1339, 1304.45
1340, 2505.59
1341, 7668.12
1342, 3047.64
1343, 2371.83
1344, 3935.23
1345, 1579.12
1346, 2959.38
1347, 5302.29
1348, 4870.59
1349, 4974.17
1350, 2015.95
1351, 3140.60
1352, 1507.78
1353, 5716.42
1354, 4611.32
1355, 4998.87
1356, 996.66
1357, 1545.01
1358, 3243.15
1359, 269.53
1360, 1806.15
1361, 1892.57
1362, 596.57
1363, 4321.53
1364, 2799.17
1365, 3222.39
1366, 5883.65
1367, 6895.04
1368, 3017.72
1369, 6471.86
1370, 8440.99
1371, 5819.59
1372, 2688.04
1373, 4970.49
1374, 6796.94
1375, 2231.48
1376, 3978.50
1377, 618.91
1378, 3624.86
1379, 4082.56
1380, 3550.28
1381, 1169.60
1382, 1332.27
1383, 2508.08
1384, 2295.91
1385, 3341.50
1386, 691.29
1387, 5256.34
1388, 2532.91
1389, 2080.39
1390, 3159.88
1391, 2893.69
1392, 1454.01
1393, 6503.33
1394, 7214.98
1395, 1952.34
1396, 6082.96
1397, 3200.01
1398, 4003.08
1399, 1804.66
1400, 858.43
1401, 1431.56
1402, 842.04
1403, 3710.55
1404, 1196.52
1405, 5143.70
1406, 3000.67
1407, 1081.79
1408, 956.83
1409, 335.89
1410, 1736.00
1411, 1509.61
1412, 1861.30
1413, 4280.87
1414, 3467.20
1415, 1492.99
1416, 2160.89
1417, 3525.91
1418, 2112.03
1419, 4115.39
1420, 1763.14
1421, 6026.13
1422, 6104.77
1423, 1525.76
1424, 492.80
1425, 2800.49
1426, 2576.72
1427, 2579.21
1428, 2030.55
1429, 3702.02
1430, 2117.26
1431, 2614.44
1432, 447.07
1433, 3981.00
1434, 2941.21
1435, 1210.37
1436, 3641.19
1437, 905.05
1438, 4805.01
1439, 1526.53
1440, 724.00
1441, 1067.05
1442, 3679.00
1443, 2651.80
1444, 1057.69
1445, 3020.91
1446, 1425.78
1447, 1088.43
1448, 4023.44
1449, 1202.86
1450, 2296.00
1451, 3370.30
1452, 4361.88
1453, 3731.75
1454, 5717.47
1455, 3423.39
1456, 1848.96
1457, 2967.05
1458, 1836.48
1459, 5439.76
1460, 5737.65
1461, 2168.69
1462, 1417.15
1463, 3089.21
1464, 3209.26
1465, 1841.42
1466, 4065.56
1467, 438.07
1468, 2106.90
1469, 3364.28
1470, 1129.87
1471, 2312.96
1472, 2901.01
1473, 2322.68
1474, 1741.11
1475, 3680.35
1476, 942.33
1477, 2577.79
1478, 1733.41
1479, 4952.54
1480, 1312.86
1481, 1621.87
1482, 2230.88
1483, 1645.09
1484, 6116.63
1485, 3954.70
1486, 1363.89
1487, 834.16
1488, 7802.41
1489, 2369.94
1490, 3279.08
1491, 4953.58
1492, 2453.89
1493, 2415.21
1494, 1433.43
1495, 3520.70
1496, 2516.61
1497, 3923.01
1498, 2299.42
1499, 1839.28
1500, 2700.20
1501, 1535.08
1502, 1947.86
1503, 3366.66
1504, 1628.25
1505, 3004.75
1506, 2429.83
1507, 1840.19
1508, 1557.11
1509, 2466.13
1510, 1562.20
1511, 2038.29
1512, 6282.04
1513, 6236.87
1514, 5963.05
1515, 1644.44
1516, 6958.31
1517, 3661.82
1518, 1946.14
1519, 3024.99
1520, 2268.97
1521, 281.28
1522, 4623.25
1523, 4342.34
1524, 255.60
1525, 2085.19
1526, 3435.15
1527, 4945.09
1528, 3704.78
1529, 7439.68
1530, 3970.21
1531, 3413.35
1532, 1790.63
1533, 3561.04
1534, 3064.77
1535, 3053.57
1536, 4138.70
1537, 3985.12
1538, 5653.19
1539, 5558.75
1540, 555.54
1541, 3998.94
1542, 3908.07
1543, 5052.07
1544, 2159.79
1545, 3885.91
1546, 4150.97
1547, 1967.36
1548, 4303.29
1549, 3348.14
1550, 2680.46
1551, 2153.65
1552, 3522.13
1553, 690.17
1554, 3898.89
1555, 1499.31
1556, 2613.48
1557, 5173.52
1558, 2437.39
1559, 5046.00
1560, 1767.33
1561, 892.64
1562, 3207.76
1563, 1642.30
1564, 7186.74
1565, 1916.63
1566, 1298.71
1567, 4131.93
1568, 1797.54
1569, 2556.20
1570, 985.87
1571, 2856.30
1572, 2117.09
1573, 2127.04
1574, 3147.20
1575, 1895.79
1576, 1485.23
1577, 4438.10
1578, 2818.78
1579, 1395.50
1580, 3223.85
1581, 4992.81
1582, 1351.22
1583, 1191.56
1584, 1584.89
1585, 4112.33
1586, 1373.25
1587, 569.90
1588, 1991.76
1589, 2605.38
1590, 2699.28
1591, 5672.33
1592, 1584.57
1593, 3500.42
1594, 4251.28
1595, 1492.83
1596, 1016.41
1597, 2981.67
1598, 2828.95
1599, 2824.34
1600, 3334.48
1601, 1949.46
1602, 4667.41
1603, 5464.75
1604, 477.73
1605, 3765.96
1606, 1725.05
1607, 1643.22
1608, 4634.24
1609, 5028.10
1610, 1023.23
1611, 3429.80
1612, 1285.57
1613, 2749.98
1614, 2893.39
1615, 3649.21
1616, 2715.14
1617, 3872.68
1618, 2655.23
1619, 5038.00
1620, 3145.32
1621, 4504.47
1622, 5208.64
1623, 2340.62
1624, 1740.53
1625, 2048.17
1626, 2453.13
1627, 1960.27
1628, 1340.51
1629, 3492.48
1630, 101.25
1631, 2458.24
1632, 3368.17
1633, 1452.92
1634, 2238.14
1635, 1216.71
1636, 3796.22
1637, 3487.03
1638, 2640.62
1639, 1309.34
1640, 1700.75
1641, 3600.87
1642, 3251.24
1643, 2083.82
1644, 4260.28
1645, 6679.63
1646, 1947.09
1647, 3023.60
1648, 2258.84
1649, 4092.12
1650, 2371.35
1651, 1251.19
1652, 6143.63
1653, 1241.67
1654, 2552.75
1655, 5866.18
1656, 430.47
1657, 2554.86
1658, 2220.04
1659, 2766.44
1660, 2078.30
1661, 4796.00
1662, 2103.09
1663, 2969.57
1664, 3532.09
1665, 2498.49
1666, 5172.71
1667, 2128.84
1668, 858.48
1669, 2705.56
1670, 1956.24
1671, 4165.16
1672, 1849.84
1673, 3956.87
1674, 5462.58
1675, 2147.00
1676, 1516.95
1677, 1525.00
1678, 2697.54
1679, 3154.98
1680, 3965.33
1681, 1374.20
1682, 2857.54
1683, 2352.79
1684, 2929.40
1685, 4653.51
1686, 3533.34
1687, 2211.83
1688, 6373.57
1689, 3528.59
1690, 725.01
1691, 4343.91
1692, 2259.67
1693, 2937.06
1694, 1324.51
1695, 4810.18
1696, 648.82
1697, 2806.72
1698, 562.38
1699, 679.71
1700, 4714.80
1701, 1404.62
1702, 2031.96
1703, 2058.58
1704, 2984.66
1705, 5591.78
1706, 2530.31
1707, 2101.48
1708, 832.72
1709, 5446.82
1710, 2639.51
1711, 1876.40
1712, 944.88
1713, 1194.43
1714, 2740.80
1715, 2365.70
1716, 640.68
1717, 1195.19
1718, 2674.91
1719, 983.31
1720, 1621.14
1721, 2547.67
1722, 1106.98
1723, 3332.89
1724, 1694.18
1725, 1916.04
1726, 4860.93
1727, 2932.76
1728, 661.07
1729, 1324.05
1730, 1631.84
1731, 4264.06
1732, 4132.53
1733, 724.57
1734, 3688.86
1735, 2498.72
1736, 949.86
1737, 3524.23
1738, 2922.71
1739, 2908.09
1740, 1954.07
1741, 978.10
1742, 3109.66
1743, 3093.53
1744, 938.78
1745, 5097.98
1746, 4213.46
1747, 2526.15
1748, 1850.96
1749, 876.41
1750, 1508.47
1751, 2955.69
1752, 3258.88
1753, 3327.55
1754, 3422.55
1755, 975.45
1756, 3178.26
1757, 3569.51
1758, 1596.26
1759, 2634.41
1760, 1411.09
1761, 4802.43
1762, 1322.33
1763, 3175.11
1764, 2938.88
1765, 2471.14
1766, 484.59
1767, 1513.57
1768, 1878.71
1769, 6281.53
1770, 3734.58
1771, 235.33
1772, 2887.62
1773, 1978.50
1774, 2194.64
1775, 2801.11
1776, 3732.70
1777, 1536.75
1778, 3235.94
1779, 682.68
1780, 2535.35
1781, 2669.62
1782, 7014.51
1783, 2707.40
1784, 5299.34
1785, 1851.89
1786, 1640.76
1787, 1572.45
1788, 1932.58
1789, 2381.27
1790, 2915.02
1791, 1894.18
1792, 1231.63
1793, 2618.13
1794, 3246.91
1795, 2339.61
1796, 4174.89
1797, 1693.70
1798, 1946.49
1799, 1054.38
1800, 2977.52
1801, 1448.27
1802, 1616.78
1803, 1282.67
1804, 551.27
1805, 1807.38
1806, 2584.81
1807, 1592.92
1808, 1415.37
1809, 1085.79
1810, 2753.98
1811, 2661.66
1812, 1588.62
1813, 893.69
1814, 1828.82
1815, 368.94
1816, 1113.97
1817, 2825.94
1818, 2414.72
1819, 4234.22
1820, 2368.88
1821, 2615.02
1822, 3154.13
1823, 4628.38
1824, 2226.45
1825, 2684.95
1826, 3027.20
1827, 3435.87
1828, 3596.26
1829, 3486.63
1830, 1331.53
1831, 6221.80
1832, 2326.79
1833, 5999.19
1834, 3011.60
1835, 4322.34
1836, 1064.35
1837, 2216.12
1838, 1205.68
1839, 5643.23
1840, 1436.61
1841, 2883.10
1842, 2941.65
1843, 2154.01
1844, 2810.15
1845, 2694.96
1846, 1561.92
1847, 4855.54
1848, 3891.15
1849, 6006.39
1850, 1869.12
1851, 3545.49
1852, 3990.69
1853, 1011.27
1854, 4208.50
1855, 1376.56
1856, 1634.00
1857, 1165.36
1858, 3179.01
1859, 262.23
1860, 3232.66
1861, 1603.79
1862, 1892.55
1863, 4390.61
1864, 1449.29
1865, 1262.12
1866, 3103.97
1867, 3182.52
1868, 1236.65
1869, 4219.98
1870, 2642.31
1871, 3134.12
1872, 4201.46
1873, 1249.48
1874, 5118.53
1875, 3991.10
1876, 2290.11
1877, 910.03
1878, 4006.50
1879, 1261.40
1880, 1796.50
1881, 1517.52
1882, 1221.65
1883, 2524.69
1884, 2490.32
1885, 932.74
1886, 2861.38
1887, 6263.99
1888, 2057.21
1889, 3653.31
1890, 1105.55
1891, 4438.37
1892, 3229.95
1893, 1288.11
1894, 2487.43
1895, 2318.52
1896, 3640.56
1897, 3244.17
1898, 2390.35
1899, 2505.27
1900, 2048.97
1901, 4715.08
1902, 1677.21
1903, 2102.14
1904, 1158.34
1905, 1664.27
1906, 2578.55
1907, 5930.19
1908, 323.03
1909, 2781.54
1910, 1489.81
1911, 2280.30
1912, 4582.21
1913, 4471.63
1914, 3524.50
1915, 1687.12
1916, 1453.38
1917, 3641.14
1918, 2171.38
1919, 1082.17
1920, 2442.28
1921, 2609.17
1922, 1581.38
1923, 2957.29
1924, 2159.54
1925, 1884.42
1926, 2635.19
1927, 3240.47
1928, 1723.40
1929, 2245.46
1930, 2275.97
1931, 1956.22
1932, 7013.56
1933, 2209.87
1934, 3975.53
1935, 1518.12
1936, 2667.61
1937, 903.12
1938, 750.18
1939, 2083.30
1940, 547.06
1941, 1346.26
1942, 4046.98
1943, 2642.00
1944, 2134.48
1945, 1262.78
1946, 3924.14
1947, 4802.30
1948, 2676.19
1949, 3444.55
1950, 1213.42
1951, 4731.44
1952, 1158.75
1953, 1509.29
1954, 831.15
1955, 1662.33
1956, 1657.94
1957, 871.13
1958, 2614.31
1959, 1876.72
1960, 1541.43
1961, 2105.42
1962, 4355.31
1963, 2130.71
1964, 3129.14
1965, 4993.03
1966, 1006.50
1967, 2899.95
1968, 2561.64
1969, 2901.71
1970, 2742.90
1971, 2529.65
1972, 601.36
1973, 2057.19
1974, 5355.73
1975, 669.37
1976, 2021.49
1977, 5171.81
1978, 3506.77
1979, 822.04
1980, 2471.70
1981, 4614.90
1982, 1440.38
1983, 3581.12
1984, 4423.48
1985, 3216.02
1986, 1402.42
1987, 2908.69
1988, 414.55
1989, 1463.75
1990, 2175.29
1991, 523.53
1992, 3188.41
1993, 1526.68
1994, 3824.66
1995, 1473.95
1996, 2826.78
1997, 3136.57
1998, 4541.66
1999, 2895.96
2000, 1769.03
2001, 2913.19
2002, 1013.44
2003, 4203.15
2004, 3606.28
2005, 2279.05
2006, 3324.80
2007, 2848.78
2008, 1486.28
2009, 2826.17
2010, 1104.78
2011, 3197.44
2012, 3294.84
2013, 3017.18
2014, 2020.46
2015, 3406.80
2016, 4202.84
2017, 2707.65
2018, 3045.10
2019, 2635.91
2020, 1477.13
2021, 3885.87
2022, 2906.26
2023, 5495.82
2024, 1808.71
2025, 1380.76
2026, 4022.72
2027, 3110.37
2028, 1220.53
2029, 2208.78
2030, 1867.59
2031, 5098.01
2032, 3360.52
2033, 2165.94
2034, 2029.18
2035, 1553.83
2036, 2453.01
2037, 3951.06
2038, 2455.73
2039, 2852.68
2040, 1735.50
2041, 1502.46
2042, 3314.39
2043, 3623.58
2044, 1868.12
2045, 6279.53
2046, 8092.11
2047, 5055.64
=== END ===


=== BATCH 2 ===
0, 2089405.75
1, 2262.37
2, 13708.10
3, 1996.59
4, 6824.38
5, 3119.80
6, 5184.63
7, 8765.58
8, 6657.43
9, 5547.86
10, 5877.87
11, 6719.59
12, 10965.21
13, 7446.13
14, 18901.26
15, 6116.61
16, 4335.59
17, 14938.89
18, 6664.20
19, 4311.37
20, 2067.84
21, 14262.10
22, 20748.38
23, 14674.84
24, 28131.99
25, 6805.27
26, 6961.88
27, 13662.67
28, 7224.69
29, 4984.93
30, 12028.76
31, 7391.20
32, 11050.30
33, 12143.86
34, 10559.23
35, 18505.33
36, 10523.41
37, 923.48
38, 17420.77
39, 9820.63
40, 8876.78
41, 2765.22
42, 5507.04
43, 2383.56
44, 3545.50
45, 19889.66
46, 11999.39
47, 7520.42
48, 8247.16
49, 4320.56
50, 4128.91
51, 108.99
52, 7400.19
53, 3544.56
54, 1073.34
55, 10096.57
56, 10808.01
57, 3444.31
58, 7958.82
59, 1648.66
60, 5456.21
61, 8729.10
62, 5270.48
63, 2146.80
64, 7628.18
65, 4524.83
66, 6209.45
67, 4665.35
68, 5934.51
69, 3092.68
70, 5964.15
71, 4475.31
72, 2236.56
73, 6455.52
74, 7700.69
75, 2045.71
76, 5567.53
77, 2915.31
78, 1582.80
79, 6541.60
80, 3871.66
81, 1226.34
82, 13439.19
83, 4852.97
84, 3851.49
85, 5765.44
86, 7243.53
87, 785.45
88, 3874.62
89, 12268.27
90, 5510.14
91, 5261.24
92, 4548.03
93, 2376.18
94, 6527.17
95, 6779.78
96, 1934.33
97, 5928.57
98, 9363.50
99, 7116.25
100, 9098.08
101, 5654.63
102, 4971.15
103, 3854.75
104, 5669.94
105, 4918.65
106, 5236.26
107, 9307.84
108, 13841.03
109, 7506.03
110, 6900.20
111, 3801.33
112, 4060.06
113, 7615.54
114, 1841.24
115, 10835.85
116, 8428.55
117, 6162.24
118, 6631.87
119, 2749.40
120, 2951.35
121, 7011.52
122, 5292.56
123, 2240.81
124, 2233.34
125, 2237.63
126, 5846.34
127, 1488.81
128, 4766.49
129, 4186.13
130, 6008.41
131, 2411.51
132, 3731.23
133, 1458.27
134, 9288.84
135, 4044.84
136, 1557.19
137, 4193.65
138, 2683.09
139, 5141.74
140, 1644.17
141, 1696.50
142, 6661.48
143, 1585.63
144, 1983.30
145, 1904.91
146, 1457.45
147, 5284.36
148, 3622.53
149, 2047.98
150, 3605.10
151, 1514.54
152, 2226.24
153, 450.77
154, 2937.37
155, 4294.96
156, 2707.29
157, 4519.47
158, 3291.45
159, 5249.72
160, 4372.84
161, 4362.31
162, 579.95
163, 2646.33
164, 440.50
165, 971.11
166, 3318.59
167, 2796.77
168, 1011.42
169, 1728.60
170, 4551.05
171, 4077.75
172, 4521.04
173, 3783.13
174, 1119.49
175, 1879.74
176, 4157.26
177, 1795.72
178, 4487.59
179, 1953.94
180, 3507.91
181, 3297.25
182, 5211.96
183, 4084.12
184, 1376.18
185, 1037.06
186, 5035.97
187, 1901.42
188, 870.75
189, 3577.55
190, 7519.26
191, 2047.98
192, 685.79
193, 2686.52
194, 4406.99
195, 6576.68
196, 4992.74
197, 5169.95
198, 5642.23
199, 2377.44
200, 5042.59
201, 6809.19
202, 4499.63
203, 4230.32
204, 1505.00
205, 1923.30
206, 2089.28
207, 4624.26
208, 5187.96
209, 2553.62
210, 3530.01
211, 8626.37
212, 5056.56
213, 4194.56
214, 2748.06
215, 3758.03
216, 1540.41
217, 7416.52
218, 1197.28
219, 4977.92
220, 3798.17
221, 2224.16
222, 2153.22
223, 4735.16
224, 5520.77
225, 4794.28
226, 1014.30
227, 2275.90
228, 4872.52
229, 6730.63
230, 2425.06
231, 1846.29
232, 1385.90
233, 2040.52
234, 2823.89
235, 5476.62
236, 3417.74
237, 1575.71
238, 2094.45
239, 2499.19
240, 3084.90
241, 3894.40
242, 4734.87
243, 2641.69
244, 1954.36
245, 3067.09
246, 4100.70
247, 2621.77
248, 1320.14
249, 2940.18
250, 4013.78
251, 3889.96
252, 3898.43
253, 3872.54
254, 9225.59
255, 3462.61
256, 1209.18
257, 3449.18
258, 1702.02
259, 1588.45
260, 1475.38
261, 1666.23
262, 3137.52
263, 3731.04
264, 3932.80
265, 2639.29
266, 1708.13
267, 3435.17
268, 2965.17
269, 3492.03
270, 2300.53
271, 6243.30
272, 3072.86
273, 4797.88
274, 704.77
275, 3428.38
276, 2127.42
277, 1398.15
278, 3826.07
279, 5626.78
280, 2493.51
281, 2619.54
282, 4693.16
283, 5883.92
284, 2117.16
285, 6589.38
286, 1682.22
287, 2793.53
288, 1646.84
289, 1350.30
290, 4226.18
291, 5240.58
292, 3744.23
293, 3159.56
294, 2665.89
295, 2692.90
296, 3309.58
297, 6985.19
298, 5220.71
299, 4385.55
300, 1677.18
301, 4720.84
302, 1314.15
303, 3283.00
304, 2128.44
305, 3699.83
306, 2455.10
307, 4168.53
308, 1663.84
309, 5053.60
310, 2507.91
311, 1306.64
312, 7090.88
313, 6463.57
314, 3563.04
315, 2323.23
316, 2214.16
317, 3649.88
318, 967.93
319, 2410.41
320, 4622.02
321, 3317.97
322, 8956.02
323, 1842.49
324, 2244.37
325, 6943.74
326, 4544.43
327, 2265.91
328, 1920.16
329, 2368.73
330, 4208.97
331, 1046.88
332, 1934.36
333, 5496.42
334, 3600.93
335, 1763.75
336, 5734.17
337, 6027.90
338, 4893.80
339, 6368.79
340, 7050.61
341, 6403.33
342, 4992.77
343, 19128.16
344, 7714.09
345, 4101.25
346, 6924.92
347, 2397.79
348, 1935.15
349, 593.13
350, 1463.13
351, 4409.38
352, 2726.81
353, 6781.16
354, 3491.67
355, 5714.13
356, 5382.97
357, 3468.29
358, 3398.42
359, 2849.21
360, 3371.18
361, 5746.84
362, 1442.48
363, 2375.29
364, 4592.46
365, 3434.52
366, 3370.25
367, 2462.63
368, 518.66
369, 1249.21
370, 6139.31
371, 4897.63
372, 790.78
373, 1997.13
374, 2861.90
375, 1026.18
376, 6044.11
377, 2605.21
378, 5378.53
379, 4472.38
380, 844.68
381, 2268.30
382, 3056.66
383, 7366.85
384, 2492.73
385, 1682.28
386, 15011.53
387, 407.45
388, 2394.15
389, 1885.18
390, 2453.73
391, 2088.17
392, 3640.01
393, 2093.17
394, 486.81
395, 5971.47
396, 6675.18
397, 8711.27
398, 4516.76
399, 9652.65
400, 1774.85
401, 1196.96
402, 1802.03
403, 4416.24
404, 2497.22
405, 3130.22
406, 1827.13
407, 1492.65
408, 6052.91
409, 3875.37
410, 4817.90
411, 5049.92
412, 4002.16
413, 1934.60
414, 1825.72
415, 3891.92
416, 732.37
417, 4497.76
418, 8000.71
419, 2888.10
420, 5509.86
421, 2151.29
422, 2319.50
423, 4108.87
424, 3128.19
425, 3515.94
426, 1971.57
427, 6798.40
428, 1002.97
429, 6847.85
430, 7830.13
431, 3240.12
432, 2387.42
433, 8073.92
434, 5244.39
435, 3890.99
436, 1269.83
437, 6237.42
438, 1832.54
439, 2007.53
440, 1998.36
441, 395.43
442, 3461.17
443, 677.94
444, 3252.38
445, 1845.32
446, 3757.06
447, 3620.60
448, 4592.19
449, 12997.21
450, 2695.67
451, 6214.83
452, 4263.13
453, 3738.80
454, 7242.55
455, 13737.62
456, 7116.34
457, 2986.29
458, 7372.39
459, 6766.94
460, 5182.35
461, 5091.05
462, 1796.50
463, 931.65
464, 6197.40
465, 2006.66
466, 2002.42
467, 4887.33
468, 1883.03
469, 4188.53
470, 6211.69
471, 9651.15
472, 6416.05
473, 997.84
474, 5031.62
475, 4015.79
476, 1069.42
477, 1627.92
478, 3776.01
479, 224.56
480, 3852.32
481, 6073.77
482, 7201.97
483, 5253.65
484, 2091.09
485, 6033.98
486, 519.20
487, 4756.36
488, 2616.23
489, 4490.72
490, 4368.33
491, 4679.60
492, 3347.34
493, 5471.49
494, 2693.43
495, 4876.37
496, 1717.89
497, 7069.25
498, 2785.65
499, 1185.30
500, 7888.62
501, 7655.66
502, 2431.88
503, 5917.00
504, 6863.37
505, 4448.78
506, 3577.96
507, 2607.56
508, 6767.14
509, 284.81
510, 2200.28
511, 1649.92
512, 3706.40
513, 6776.95
514, 19138.28
515, 1127.41
516, 1432.68
517, 132.25
518, 3809.43
519, 3804.79
520, 5571.14
521, 6291.02
522, 7739.83
523, 4355.76
524, 12028.52
525, 3707.96
526, 2767.59
527, 4378.50
528, 3147.49
529, 4358.92
530, 5832.11
531, 4453.36
532, 4809.78
533, 1925.62
534, 4775.32
535, 840.81
536, 1616.65
537, 3870.20
538, 4438.50
539, 5642.92
540, 14209.87
541, 8967.40
542, 2263.61
543, 3571.81
544, 2705.81
545, 1912.47
546, 920.92
547, 5769.07
548, 5761.28
549, 4426.85
550, 4668.12
551, 1431.92
552, 5292.97
553, 4618.24
554, 7180.97
555, 3652.47
556, 11984.08
557, 16074.35
558, 2465.22
559, 6499.68
560, 1605.60
561, 6670.56
562, 2434.56
563, 3167.31
564, 4614.55
565, 4811.60
566, 4602.63
567, 7017.87
568, 6179.93
569, 5272.66
570, 3592.89
571, 2578.57
572, 6404.74
573, 2692.27
574, 5244.64
575, 6047.11
576, 4997.35
577, 3739.93
578, 1708.64
579, 7530.92
580, 3608.85
581, 7208.12
582, 4864.71
583, 11546.03
584, 5183.20
585, 1218.71
586, 4525.66
587, 785.24
588, 5453.24
589, 2430.83
590, 1244.42
591, 5913.82
592, 2589.30
593, 2223.97
594, 5683.42
595, 4069.10
596, 3317.56
597, 4133.91
598, 5780.12
599, 16506.72
600, 12940.49
601, 3383.35
602, 5949.80
603, 2355.45
604, 1339.46
605, 4571.06
606, 720.24
607, 5273.98
608, 6951.89
609, 2005.90
610, 4552.41
611, 2029.52
612, 1547.96
613, 711.31
614, 3342.57
615, 5562.37
616, 3378.48
617, 6946.21
618, 3059.71
619, 5628.79
620, 5647.55
621, 435.76
622, 6802.98
623, 5159.05
624, 2567.39
625, 3504.74
626, 10174.66
627, 6192.51
628, 3576.24
629, 3917.78
630, 406.70
631, 5085.04
632, 3373.96
633, 6325.44
634, 6475.77
635, 3698.25
636, 4647.54
637, 2493.46
638, 3924.21
639, 2265.17
640, 5651.44
641, 1580.60
642, 22583.39
643, 5103.51
644, 3739.43
645, 8536.12
646, 3993.91
647, 6259.24
648, 5145.76
649, 2276.99
650, 4086.13
651, 199.93
652, 2762.95
653, 9433.92
654, 5364.06
655, 8504.01
656, 3599.00
657, 5915.64
658, 2033.91
659, 3797.26
660, 1953.48
661, 1906.57
662, 4368.23
663, 4772.45
664, 4427.60
665, 5916.48
666, 1587.62
667, 1705.13
668, 2636.79
669, 5960.88
670, 2453.84
671, 4810.82
672, 3011.37
673, 2833.75
674, 2320.60
675, 6849.42
676, 2567.83
677, 5119.40
678, 264.80
679, 7931.36
680, 3694.36
681, 14609.89
682, 6406.13
683, 14712.32
684, 39831.26
685, 71540.81
686, 29136.18
687, 15823.28
688, 9176.42
689, 6812.84
690, 4108.02
691, 1420.83
692, 4407.75
693, 4012.04
694, 1597.15
695, 7645.02
696, 4532.06
697, 6927.40
698, 5769.63
699, 2593.55
700, 2063.93
701, 7921.39
702, 3308.12
703, 3431.24
704, 5032.73
705, 8774.36
706, 9029.00
707, 6153.79
708, 1825.98
709, 2300.19
710, 2361.74
711, 8108.63
712, 2398.86
713, 1207.17
714, 5042.21
715, 2507.51
716, 5637.85
717, 7352.73
718, 2356.83
719, 6166.76
720, 4414.38
721, 2953.46
722, 4561.91
723, 2278.71
724, 5132.97
725, 4058.93
726, 4326.06
727, 19093.23
728, 12599.64
729, 6142.57
730, 556.29
731, 5937.79
732, 5960.04
733, 5322.17
734, 2248.34
735, 2134.81
736, 4349.55
737, 3818.82
738, 7639.89
739, 2425.06
740, 4657.79
741, 3489.51
742, 4396.41
743, 3982.15
744, 7139.34
745, 3552.41
746, 4262.03
747, 3279.97
748, 1761.63
749, 6731.06
750, 6739.96
751, 1951.69
752, 6213.99
753, 5002.77
754, 6353.30
755, 6019.08
756, 2108.34
757, 5677.20
758, 3457.75
759, 4129.29
760, 4929.43
761, 7754.59
762, 5784.29
763, 5941.93
764, 5433.11
765, 8499.89
766, 2768.80
767, 3045.72
768, 3109.59
769, 2363.07
770, 23808.04
771, 3061.13
772, 4194.64
773, 568.56
774, 1599.23
775, 4619.57
776, 7140.33
777, 4678.03
778, 1830.03
779, 2696.62
780, 1284.44
781, 3009.28
782, 1550.73
783, 1560.59
784, 2707.74
785, 1007.62
786, 6260.43
787, 2212.98
788, 7180.62
789, 430.83
790, 17337.75
791, 5331.03
792, 3193.19
793, 4834.60
794, 1969.03
795, 6305.11
796, 6976.59
797, 5615.48
798, 4276.44
799, 2305.29
800, 4304.47
801, 4258.46
802, 2974.15
803, 7269.10
804, 1950.40
805, 5601.62
806, 5939.24
807, 5053.97
808, 3847.06
809, 1514.72
810, 3955.23
811, 3716.10
812, 8684.41
813, 18942.87
814, 2689.39
815, 10458.04
816, 2961.17
817, 3387.08
818, 123.96
819, 4771.31
820, 2425.20
821, 4400.24
822, 7400.89
823, 3637.17
824, 3232.90
825, 661.26
826, 3561.64
827, 4182.24
828, 5746.50
829, 12098.59
830, 1287.26
831, 4491.46
832, 3115.13
833, 3722.90
834, 6903.58
835, 4560.71
836, 2530.46
837, 1333.39
838, 1826.90
839, 2540.94
840, 4978.39
841, 6124.08
842, 4152.69
843, 1816.15
844, 4269.85
845, 1784.75
846, 318.81
847, 1887.91
848, 3561.01
849, 3428.56
850, 5541.17
851, 2600.92
852, 2698.62
853, 3615.93
854, 9165.12
855, 17988.42
856, 1477.74
857, 4768.19
858, 4920.25
859, 599.66
860, 3330.34
861, 1118.76
862, 3278.69
863, 1568.08
864, 6350.67
865, 2647.89
866, 147.34
867, 6826.49
868, 642.24
869, 2313.25
870, 1189.88
871, 3519.64
872, 3138.86
873, 1807.22
874, 1472.28
875, 4735.23
876, 5470.66
877, 8030.11
878, 6405.02
879, 7327.15
880, 4029.57
881, 6391.48
882, 3593.53
883, 4030.41
884, 2328.24
885, 3579.66
886, 4057.89
887, 3006.85
888, 2484.50
889, 1919.51
890, 3088.12
891, 2675.78
892, 1356.71
893, 1041.95
894, 2066.26
895, 3100.44
896, 750.90
897, 4567.11
898, 13537.04
899, 3700.32
900, 1592.64
901, 2724.28
902, 5019.52
903, 1331.10
904, 3284.84
905, 1054.43
906, 5704.53
907, 1196.14
908, 1728.19
909, 2836.96
910, 7318.26
911, 3286.58
912, 3038.83
913, 716.50
914, 3307.87
915, 2274.68
916, 4382.49
917, 4798.39
918, 1748.50
919, 2035.17
920, 6667.97
921, 5303.11
922, 3539.93
923, 5502.06
924, 8006.23
925, 1625.61
926, 2570.82
927, 6043.67
928, 3919.15
929, 930.05
930, 8549.30
931, 3148.50
932, 1156.39
933, 822.44
934, 689.14
935, 3399.36
936, 5326.84
937, 1008.60
938, 3121.51
939, 1096.31
940, 7863.21
941, 1707.04
942, 4597.10
943, 2784.49
944, 4196.14
945, 1795.06
946, 3446.73
947, 5476.90
948, 1759.92
949, 2650.31
950, 4408.80
951, 2725.31
952, 1662.11
953, 437.77
954, 765.85
955, 3225.34
956, 1446.12
957, 6133.54
958, 3972.20
959, 2731.87
960, 5550.63
961, 1385.48
962, 1804.18
963, 1126.33
964, 3817.35
965, 3486.45
966, 1481.15
967, 2294.10
968, 740.88
969, 877.97
970, 1833.29
971, 5002.01
972, 4226.15
973, 4174.64
974, 5143.20
975, 1822.10
976, 3091.97
977, 1033.12
978, 3568.26
979, 4085.73
980, 2652.91
981, 5108.34
982, 3082.12
983, 4463.25
984, 2850.70
985, 4531.75
986, 4467.45
987, 6847.73
988, 1568.95
989, 2637.91
990, 2435.43
991, 1512.50
992, 2982.56
993, 2066.01
994, 527.12
995, 1331.42
996, 3799.12
997, 2654.95
998, 1899.21
999, 1372.38
1000, 753.45
1001, 524.25
1002, 1700.95
1003, 2621.06
1004, 1497.87
1005, 5219.90
1006, 5187.67
1007, 2754.86
1008, 948.04
1009, 452.79
1010, 563.73
1011, 1184.34
1012, 4973.00
1013, 2731.24
1014, 4515.34
1015, 4537.00
1016, 2578.46
1017, 1886.92
1018, 3579.93
1019, 259.85
1020, 3177.45
1021, 3640.73
1022, 6543.40
1023, 1947.78
1024, 1981.17
1025, 4296.66
1026, 6496.56
1027, 2889.85
1028, 664.66
1029, 4075.13
1030, 3284.96
1031, 3591.76
1032, 2115.59
1033, 4004.92
1034, 5578.22
1035, 1869.66
1036, 2648.88
1037, 1459.42
1038, 1370.97
1039, 1354.64
1040, 4039.97
1041, 296.81
1042, 1840.02
1043, 3435.56
1044, 1673.92
1045, 4188.59
1046, 1336.16
1047, 1573.25
1048, 1062.09
1049, 3026.54
1050, 3792.84
1051, 1157.46
1052, 2859.24
1053, 2314.94
1054, 3077.56
1055, 693.02
1056, 1363.67
1057, 514.61
1058, 1614.22
1059, 5282.26
1060, 3184.34
1061, 2387.86
1062, 4090.49
1063, 1872.33
1064, 2883.40
1065, 1301.67
1066, 2261.75
1067, 2021.63
1068, 854.81
1069, 3286.21
1070, 2638.91
1071, 3519.05
1072, 939.19
1073, 829.73
1074, 2103.89
1075, 713.39
1076, 3639.58
1077, 2232.61
1078, 3707.46
1079, 2420.71
1080, 2760.25
1081, 6989.81
1082, 4537.41
1083, 3305.86
1084, 2778.15
1085, 2420.22
1086, 3730.06
1087, 3752.23
1088, 3559.56
1089, 849.31
1090, 2582.84
1091, 3100.28
1092, 3960.68
1093, 2112.77
1094, 1618.43
1095, 5578.54
1096, 2136.41
1097, 1909.35
1098, 3183.55
1099, 3055.31
1100, 668.91
1101, 925.41
1102, 2771.61
1103, 1597.89
1104, 2465.48
1105, 5193.18
1106, 5680.45
1107, 1359.16
1108, 1255.27
1109, 4913.72
1110, 5860.60
1111, 2129.41
1112, 4097.68
1113, 2694.87
1114, 1018.55
1115, 4248.18
1116, 2991.22
1117, 3446.32
1118, 7038.20
1119, 2802.17
1120, 1898.68
1121, 2838.58
1122, 3963.98
1123, 4548.37
1124, 2224.00
1125, 2535.47
1126, 335.50
1127, 2100.46
1128, 4096.06
1129, 3516.09
1130, 975.92
1131, 5932.07
1132, 3793.11
1133, 3041.32
1134, 934.36
1135, 3899.98
1136, 3266.73
1137, 2206.91
1138, 4488.79
1139, 7136.02
1140, 4473.59
1141, 1087.82
1142, 3678.53
1143, 4221.18
1144, 5342.78
1145, 4296.94
1146, 2894.32
1147, 1146.58
1148, 2803.96
1149, 3870.30
1150, 2177.53
1151, 564.74
1152, 1667.26
1153, 2368.86
1154, 8279.11
1155, 5382.67
1156, 3868.47
1157, 4233.76
1158, 6058.95
1159, 1204.25
1160, 2645.15
1161, 3460.47
1162, 1528.97
1163, 1997.30
1164, 4946.53
1165, 3780.63
1166, 5447.21
1167, 6788.22
1168, 1945.16
1169, 2291.62
1170, 3862.14
1171, 3636.91
1172, 4571.76
1173, 4844.42
1174, 2342.76
1175, 3257.12
1176, 3090.84
1177, 1531.58
1178, 3048.10
1179, 2636.48
1180, 1762.80
1181, 2165.48
1182, 4987.69
1183, 3658.26
1184, 3245.98
1185, 1858.22
1186, 2897.69
1187, 1986.23
1188, 1437.71
1189, 1087.76
1190, 2828.12
1191, 1677.59
1192, 3542.52
1193, 2460.96
1194, 660.57
1195, 2014.17
1196, 5022.06
1197, 7077.22
1198, 2350.54
1199, 4205.52
1200, 2652.49
1201, 1743.27
1202, 1016.93
1203, 3612.88
1204, 1313.26
1205, 3530.23
1206, 1570.35
1207, 3405.65
1208, 3803.45
1209, 3430.16
1210, 2852.54
1211, 1779.43
1212, 3048.82
1213, 605.28
1214, 200.27
1215, 1245.45
1216, 3643.24
1217, 1567.85
1218, 2446.96
1219, 7453.86
1220, 2755.13
1221, 5061.89
1222, 2792.17
1223, 2532.37
1224, 1648.66
1225, 7282.90
1226, 2401.06
1227, 1312.74
1228, 3448.08
1229, 2433.72
1230, 701.34
1231, 1922.21
1232, 2623.49
1233, 1330.98
1234, 2254.05
1235, 1274.26
1236, 4410.34
1237, 2468.45
1238, 1957.40
1239, 7030.18
1240, 1654.66
1241, 3309.98
1242, 2531.14
1243, 5661.61
1244, 758.23
1245, 871.11
1246, 3121.89
1247, 2631.72
1248, 3539.61
1249, 2985.75
1250, 450.29
1251, 3771.03
1252, 2250.50
1253, 949.78
1254, 2734.25
1255, 1687.43
1256, 3548.99
1257, 3837.80
1258, 2520.42
1259, 2629.00
1260, 3313.32
1261, 1620.77
1262, 8771.27
1263, 2327.27
1264, 4680.68
1265, 477.45
1266, 2697.16
1267, 1490.67
1268, 3236.43
1269, 3434.82
1270, 2841.03
1271, 1332.84
1272, 5308.45
1273, 3342.70
1274, 3057.58
1275, 4925.85
1276, 2325.75
1277, 1517.20
1278, 1047.72
1279, 3924.50
1280, 2563.80
1281, 5677.97
1282, 6964.83
1283, 1755.18
1284, 5339.44
1285, 997.41
1286, 1912.43
1287, 303.09
1288, 3088.84
1289, 2360.74
1290, 2378.09
1291, 2169.33
1292, 3159.02
1293, 2965.24
1294, 1937.92
1295, 4137.10
1296, 4014.62
1297, 862.88
1298, 3912.76
1299, 2552.35
1300, 1635.30
1301, 3870.94
1302, 3715.35
1303, 2325.13
1304, 5403.69
1305, 2797.61
1306, 1001.84
1307, 1654.63
1308, 3689.35
1309, 3602.79
1310, 2431.02
1311, 1769.95
1312, 5035.39
1313, 1900.55
1314, 2577.95
1315, 1012.39
1316, 2111.86
1317, 1271.52
1318, 4438.94
1319, 5656.69
1320, 1229.89
1321, 2166.63
1322, 2220.17
1323, 3124.25
1324, 4113.58
1325, 2980.03
1326, 909.97
1327, 2807.83
1328, 2497.05
1329, 3052.55
1330, 5358.08
1331, 1100.31
1332, 3535.06
1333, 3723.03
1334, 5261.49
1335, 857.37
1336, 2110.11
1337, 2601.72
1338, 881.38
1339, 2180.01
1340, 1834.36
1341, 3520.48
1342, 1232.99
1343, 2995.76
1344, 646.54
1345, 3643.33
1346, 1957.99
1347, 4107.57
1348, 2876.22
1349, 2079.54
1350, 1057.24
1351, 2539.32
1352, 3455.45
1353, 3067.09
1354, 800.94
1355, 3382.98
1356, 915.17
1357, 461.16
1358, 3863.13
1359, 4206.81
1360, 1182.12
1361, 3861.29
1362, 3268.17
1363, 7788.01
1364, 2546.63
1365, 5084.76
1366, 8755.52
1367, 6248.50
1368, 1815.74
1369, 4746.91
1370, 6891.61
1371, 2074.29
1372, 2231.32
1373, 786.25
1374, 4884.26
1375, 569.69
1376, 3658.94
1377, 2147.56
1378, 4714.62
1379, 3627.52
1380, 2550.24
1381, 2946.24
1382, 4476.86
1383, 3342.69
1384, 1271.85
1385, 3006.61
1386, 411.81
1387, 1909.84
1388, 1467.07
1389, 1079.30
1390, 5415.61
1391, 4956.15
1392, 3696.65
1393, 1857.57
1394, 3487.95
1395, 3851.46
1396, 5051.79
1397, 2109.22
1398, 868.44
1399, 1843.17
1400, 1033.00
1401, 836.89
1402, 3030.32
1403, 2582.48
1404, 1711.04
1405, 2506.08
1406, 2953.81
1407, 2880.85
1408, 3251.04
1409, 2979.68
1410, 2086.57
1411, 1516.72
1412, 4881.33
1413, 1867.53
1414, 4590.02
1415, 775.71
1416, 1167.47
1417, 1517.49
1418, 3503.19
1419, 1944.06
1420, 1238.14
1421, 1471.19
1422, 2439.70
1423, 1854.58
1424, 3545.00
1425, 4639.60
1426, 2069.16
1427, 3038.86
1428, 2060.90
1429, 5201.88
1430, 1214.06
1431, 2048.44
1432, 2450.47
1433, 2007.15
1434, 4667.03
1435, 279.39
1436, 2917.09
1437, 1371.64
1438, 3471.59
1439, 3928.25
1440, 3845.07
1441, 5255.20
1442, 2431.10
1443, 4803.74
1444, 3543.94
1445, 1793.38
1446, 4442.92
1447, 2776.78
1448, 2099.39
1449, 1322.86
1450, 2026.77
1451, 3670.30
1452, 5785.40
1453, 2824.31
1454, 5485.71
1455, 938.70
1456, 2352.88
1457, 3074.90
1458, 3640.36
1459, 981.09
1460, 3537.22
1461, 1002.91
1462, 3749.43
1463, 2649.45
1464, 3068.60
1465, 4431.11
1466, 4038.09
1467, 5325.22
1468, 3674.89
1469, 3195.98
1470, 3514.54
1471, 3726.65
1472, 1901.38
1473, 2993.13
1474, 4609.10
1475, 3059.35
1476, 3278.63
1477, 2031.20
1478, 2087.99
1479, 3717.34
1480, 1406.03
1481, 3366.31
1482, 2979.90
1483, 2499.75
1484, 2726.08
1485, 2354.96
1486, 3398.79
1487, 1683.70
1488, 953.95
1489, 5071.98
1490, 4681.87
1491, 1416.67
1492, 2147.95
1493, 3895.50
1494, 4071.48
1495, 970.14
1496, 1068.15
1497, 1666.80
1498, 3577.02
1499, 5261.40
1500, 719.12
1501, 1788.54
1502, 1006.57
1503, 2011.35
1504, 1252.33
1505, 1289.58
1506, 2457.99
1507, 2530.28
1508, 3704.09
1509, 3136.04
1510, 2370.25
1511, 5502.74
1512, 1816.49
1513, 2950.24
1514, 5239.78
1515, 5046.79
1516, 3655.65
1517, 4487.80
1518, 4188.84
1519, 4110.08
1520, 2178.53
1521, 2990.68
1522, 5283.41
1523, 3756.56
1524, 4955.60
1525, 3813.13
1526, 3831.35
1527, 3139.99
1528, 244.38
1529, 3511.96
1530, 3841.40
1531, 2818.37
1532, 3643.29
1533, 2673.92
1534, 334.03
1535, 1544.55
1536, 1226.05
1537, 1625.17
1538, 2784.34
1539, 1526.05
1540, 2667.43
1541, 2743.53
1542, 1622.51
1543, 6066.84
1544, 2922.03
1545, 1484.23
1546, 4437.62
1547, 1787.03
1548, 2442.06
1549, 5267.72
1550, 861.18
1551, 4708.19
1552, 1982.42
1553, 2033.45
1554, 1985.62
1555, 1578.20
1556, 3166.71
1557, 2805.72
1558, 1673.37
1559, 3697.44
1560, 5297.73
1561, 1433.08
1562, 2597.68
1563, 2860.52
1564, 6593.61
1565, 6480.70
1566, 2396.63
1567, 3948.32
1568, 5179.47
1569, 3275.74
1570, 2170.86
1571, 2550.45
1572, 5893.65
1573, 3995.18
1574, 1600.40
1575, 921.07
1576, 670.10
1577, 1511.73
1578, 4929.21
1579, 1237.10
1580, 3168.31
1581, 2752.90
1582, 1566.82
1583, 4603.53
1584, 4545.44
1585, 5345.90
1586, 1707.64
1587, 2001.35
1588, 1387.29
1589, 731.25
1590, 1721.25
1591, 1519.53
1592, 698.19
1593, 5319.73
1594, 2360.82
1595, 4815.60
1596, 5341.23
1597, 1593.28
1598, 5232.33
1599, 3157.70
1600, 1142.95
1601, 4403.92
1602, 4290.73
1603, 2367.28
1604, 3423.54
1605, 3175.66
1606, 730.40
1607, 3066.23
1608, 2740.51
1609, 2964.09
1610, 2903.93
1611, 4484.88
1612, 1655.82
1613, 5506.79
1614, 1175.43
1615, 5459.86
1616, 1244.01
1617, 3988.35
1618, 267.92
1619, 2735.88
1620, 2387.86
1621, 4321.29
1622, 5597.23
1623, 4277.49
1624, 3362.66
1625, 4258.67
1626, 694.29
1627, 2538.69
1628, 4894.95
1629, 2078.30
1630, 3627.59
1631, 1048.21
1632, 2629.83
1633, 3521.07
1634, 3089.84
1635, 2020.86
1636, 1826.94
1637, 902.00
1638, 6022.26
1639, 4522.38
1640, 1927.45
1641, 3938.22
1642, 1439.45
1643, 3392.45
1644, 1574.09
1645, 1966.48
1646, 2407.46
1647, 3808.22
1648, 2351.67
1649, 922.48
1650, 3099.50
1651, 5060.15
1652, 3038.60
1653, 1453.86
1654, 3886.03
1655, 1260.39
1656, 483.36
1657, 2022.28
1658, 2866.45
1659, 4300.21
1660, 3814.75
1661, 689.94
1662, 869.09
1663, 1316.27
1664, 2855.95
1665, 3916.09
1666, 4273.19
1667, 3500.89
1668, 1007.05
1669, 731.47
1670, 3189.25
1671, 2532.78
1672, 1036.22
1673, 5615.02
1674, 2185.10
1675, 4445.88
1676, 4175.47
1677, 4565.32
1678, 7717.32
1679, 4181.81
1680, 627.50
1681, 1034.06
1682, 709.69
1683, 1573.19
1684, 1272.84
1685, 5186.01
1686, 1640.90
1687, 1184.64
1688, 2622.60
1689, 1034.81
1690, 2027.45
1691, 660.37
1692, 1130.04
1693, 2836.35
1694, 1012.11
1695, 2115.57
1696, 1962.93
1697, 2732.39
1698, 1949.89
1699, 2300.66
1700, 3673.29
1701, 2783.73
1702, 2184.27
1703, 4300.29
1704, 3462.39
1705, 5303.65
1706, 4574.18
1707, 1384.86
1708, 4911.67
1709, 7554.74
1710, 6077.80
1711, 1932.06
1712, 2555.02
1713, 1052.13
1714, 1701.96
1715, 5048.22
1716, 2584.47
1717, 1688.65
1718, 483.53
1719, 4394.85
1720, 1771.36
1721, 2288.03
1722, 2932.24
1723, 1450.45
1724, 3242.82
1725, 1424.01
1726, 1994.86
1727, 4351.42
1728, 5970.20
1729, 3502.56
1730, 2485.82
1731, 1717.46
1732, 2439.02
1733, 2024.72
1734, 3289.91
1735, 1291.38
1736, 2396.79
1737, 524.19
1738, 2790.54
1739, 2518.46
1740, 2103.20
1741, 1043.42
1742, 1398.18
1743, 1493.96
1744, 4924.73
1745, 3430.36
1746, 4062.45
1747, 2675.66
1748, 1737.01
1749, 1052.81
1750, 2752.54
1751, 957.57
1752, 1678.48
1753, 2723.38
1754, 595.72
1755, 2465.73
1756, 3253.30
1757, 1680.25
1758, 1264.68
1759, 4175.67
1760, 1503.90
1761, 3545.78
1762, 581.13
1763, 4704.82
1764, 433.39
1765, 3751.81
1766, 2156.65
1767, 3835.00
1768, 2448.80
1769, 1891.12
1770, 1116.62
1771, 2326.54
1772, 2947.01
1773, 4361.96
1774, 1405.91
1775, 2192.91
1776, 776.86
1777, 2475.35
1778, 2615.13
1779, 4813.90
1780, 816.67
1781, 3311.75
1782, 969.05
1783, 2394.30
1784, 6066.09
1785, 1445.71
1786, 2979.69
1787, 3746.62
1788, 725.52
1789, 2428.70
1790, 4716.94
1791, 2058.45
1792, 768.67
1793, 4184.12
1794, 1360.02
1795, 1181.96
1796, 5558.59
1797, 5849.98
1798, 3103.83
1799, 955.52
1800, 2167.61
1801, 1759.92
1802, 1932.88
1803, 3896.78
1804, 1386.69
1805, 2232.25
1806, 3562.12
1807, 2270.55
1808, 3937.81
1809, 4491.43
1810, 2569.49
1811, 2712.67
1812, 6010.19
1813, 5778.96
1814, 2076.83
1815, 1229.76
1816, 3671.96
1817, 4910.64
1818, 1053.61
1819, 5784.36
1820, 110.55
1821, 633.17
1822, 1861.43
1823, 2700.01
1824, 1512.31
1825, 2560.51
1826, 3841.75
1827, 4895.79
1828, 3658.14
1829, 2302.32
1830, 3506.91
1831, 3530.19
1832, 6741.38
1833, 2385.46
1834, 1388.18
1835, 4321.27
1836, 1788.69
1837, 3493.74
1838, 709.68
1839, 228.61
1840, 1679.74
1841, 1395.99
1842, 2521.42
1843, 2820.12
1844, 2116.60
1845, 3624.19
1846, 2909.78
1847, 4206.56
1848, 4302.79
1849, 2574.18
1850, 1796.13
1851, 4451.47
1852, 1470.42
1853, 2765.09
1854, 3179.17
1855, 3655.27
1856, 3353.32
1857, 1893.73
1858, 2299.55
1859, 3545.95
1860, 4949.28
1861, 3212.48
1862, 1009.22
1863, 1625.27
1864, 4614.49
1865, 4730.95
1866, 2913.63
1867, 3315.66
1868, 1864.87
1869, 3213.38
1870, 1411.13
1871, 2522.75
1872, 2431.32
1873, 1539.92
1874, 1829.50
1875, 1674.45
1876, 5242.23
1877, 2322.08
1878, 954.89
1879, 3933.80
1880, 1833.59
1881, 3517.15
1882, 675.89
1883, 279.35
1884, 4252.36
1885, 4034.90
1886, 2558.68
1887, 1696.41
1888, 3650.35
1889, 983.58
1890, 5149.58
1891, 1600.38
1892, 2182.36
1893, 1441.91
1894, 3378.55
1895, 3104.46
1896, 648.71
1897, 3256.86
1898, 1472.62
1899, 1487.84
1900, 3433.74
1901, 1883.74
1902, 2407.90
1903, 3879.58
1904, 2459.58
1905, 1093.84
1906, 3397.69
1907, 3900.15
1908, 643.54
1909, 1514.28
1910, 1114.09
1911, 659.65
1912, 1801.13
1913, 1370.11
1914, 3934.03
1915, 1695.85
1916, 2244.13
1917, 411.16
1918, 3560.35
1919, 4745.30
1920, 1644.72
1921, 1408.25
1922, 4143.11
1923, 4206.98
1924, 1120.59
1925, 2298.88
1926, 3247.66
1927, 2902.96
1928, 2168.50
1929, 3042.76
1930, 2016.80
1931, 2839.61
1932, 1382.53
1933, 1009.12
1934, 2512.69
1935, 1616.18
1936, 2602.16
1937, 3970.94
1938, 427.78
1939, 4262.05
1940, 6787.05
1941, 5345.87
1942, 377.44
1943, 2989.37
1944, 3507.57
1945, 918.88
1946, 1600.15
1947, 5326.38
1948, 3478.18
1949, 4674.89
1950, 667.12
1951, 3962.71
1952, 2282.03
1953, 2179.57
1954, 2859.15
1955, 1802.92
1956, 1439.34
1957, 4393.10
1958, 1287.39
1959, 4108.22
1960, 2072.33
1961, 4246.32
1962, 3415.59
1963, 3179.29
1964, 1239.49
1965, 3284.59
1966, 3512.57
1967, 3852.60
1968, 1554.07
1969, 1442.14
1970, 2267.75
1971, 4301.04
1972, 4286.76
1973, 4506.58
1974, 375.15
1975, 418.25
1976, 2250.80
1977, 1269.64
1978, 1251.02
1979, 1308.98
1980, 6815.16
1981, 2511.95
1982, 774.94
1983, 5375.37
1984, 1444.96
1985, 5242.56
1986, 1396.37
1987, 4350.61
1988, 2588.60
1989, 1598.85
1990, 4000.91
1991, 3391.50
1992, 3092.93
1993, 4734.91
1994, 2545.75
1995, 1438.28
1996, 2510.47
1997, 3101.63
1998, 1021.69
1999, 1865.80
2000, 2308.46
2001, 2410.70
2002, 3944.64
2003, 2097.78
2004, 4469.10
2005, 5370.57
2006, 3389.80
2007, 2715.28
2008, 3569.44
2009, 3820.26
2010, 724.93
2011, 3726.06
2012, 1900.63
2013, 1764.66
2014, 3606.07
2015, 2454.43
2016, 2462.42
2017, 1064.38
2018, 2395.13
2019, 4488.15
2020, 2770.73
2021, 1537.58
2022, 3941.96
2023, 4437.41
2024, 2113.81
2025, 3036.22
2026, 1450.60
2027, 1692.24
2028, 3240.55
2029, 2187.71
2030, 3061.45
2031, 1952.16
2032, 2414.18
2033, 1706.73
2034, 4399.02
2035, 3563.96
2036, 3866.16
2037, 2205.14
2038, 3018.63
2039, 3199.18
2040, 1150.02
2041, 2366.13
2042, 2176.74
2043, 3919.13
2044, 3252.38
2045, 4846.26
2046, 7424.89
2047, 2145.81
=== END ===


=== BATCH 3 ===
0, 2189994.50
1, 15456.38
2, 15551.27
3, 20800.34
4, 4971.79
5, 10224.11
6, 14509.46
7, 3131.85
8, 8516.50
9, 2529.10
10, 30645.74
11, 21294.46
12, 12616.59
13, 3386.21
14, 12316.51
15, 5028.04
16, 10235.05
17, 15798.33
18, 5364.54
19, 4185.19
20, 7111.76
21, 20800.21
22, 28675.92
23, 12790.70
24, 13520.17
25, 11315.04
26, 21920.21
27, 2674.97
28, 11803.25
29, 14505.35
30, 5944.24
31, 16908.85
32, 11541.32
33, 719.95
34, 6761.23
35, 15778.03
36, 8278.10
37, 2173.82
38, 16563.12
39, 11927.64
40, 10921.87
41, 6252.80
42, 16206.18
43, 6046.92
44, 18940.55
45, 12046.72
46, 2538.28
47, 13602.36
48, 21725.70
49, 10297.52
50, 5386.48
51, 7032.25
52, 13749.84
53, 24958.15
54, 12209.65
55, 22064.19
56, 18824.53
57, 5564.18
58, 5748.12
59, 6972.50
60, 6689.73
61, 18166.23
62, 12003.48
63, 1115.10
64, 9339.26
65, 4266.10
66, 9105.27
67, 3824.92
68, 16775.23
69, 6918.10
70, 15703.66
71, 11668.65
72, 13567.76
73, 11816.82
74, 13053.22
75, 17534.22
76, 11847.78
77, 14371.40
78, 8394.03
79, 7842.21
80, 8404.92
81, 16200.44
82, 4169.62
83, 12310.50
84, 14724.44
85, 16615.90
86, 7184.02
87, 22563.33
88, 6241.45
89, 6908.40
90, 25978.93
91, 2131.35
92, 7397.63
93, 9766.00
94, 17133.50
95, 8894.46
96, 14187.14
97, 15297.48
98, 22917.30
99, 15067.29
100, 14967.00
101, 4683.41
102, 16463.82
103, 4977.77
104, 2566.83
105, 7464.88
106, 9574.94
107, 15113.83
108, 11830.95
109, 5518.80
110, 2047.07
111, 15139.85
112, 17001.21
113, 12274.48
114, 6034.65
115, 10054.14
116, 10404.59
117, 9389.20
118, 11864.80
119, 7467.21
120, 9375.08
121, 6992.43
122, 4133.35
123, 5098.59
124, 13854.46
125, 576.39
126, 1235.32
127, 1288.50
128, 10057.88
129, 6375.50
130, 15386.26
131, 23773.89
132, 1180.02
133, 9613.94
134, 9696.38
135, 2809.71
136, 14893.00
137, 4552.30
138, 1028.25
139, 6953.60
140, 2187.43
141, 2736.31
142, 10891.72
143, 7912.18
144, 6217.39
145, 13095.03
146, 8463.06
147, 5221.50
148, 13489.47
149, 7180.39
150, 7410.56
151, 12177.17
152, 10697.72
153, 18356.09
154, 5971.25
155, 4866.76
156, 5741.60
157, 5487.97
158, 17242.24
159, 12837.16
160, 7572.17
161, 4560.62
162, 10125.98
163, 16132.64
164, 7041.69
165, 12234.38
166, 18667.49
167, 18503.00
168, 9072.26
169, 13191.08
170, 11817.99
171, 10143.44
172, 10680.14
173, 15181.25
174, 12182.34
175, 21852.03
176, 7173.71
177, 5164.82
178, 8055.21
179, 5735.20
180, 5182.56
181, 11116.89
182, 15683.05
183, 17912.47
184, 10307.65
185, 9784.83
186, 7163.48
187, 7026.09
188, 18937.55
189, 9778.63
190, 2819.20
191, 8254.54
192, 12200.64
193, 6169.05
194, 6584.25
195, 13490.83
196, 10388.65
197, 4400.20
198, 10362.76
199, 6420.99
200, 10632.58
201, 14095.65
202, 461.48
203, 8415.86
204, 10597.88
205, 9380.86
206, 18979.82
207, 2118.11
208, 15232.42
209, 7649.83
210, 19656.62
211, 10924.78
212, 19178.51
213, 6956.73
214, 4293.51
215, 3787.63
216, 13453.53
217, 6528.19
218, 16042.27
219, 10622.66
220, 680.66
221, 4917.31
222, 5167.96
223, 11908.35
224, 23485.92
225, 9915.28
226, 8035.33
227, 14086.70
228, 11926.40
229, 21844.34
230, 9510.16
231, 2492.77
232, 5362.98
233, 5128.59
234, 24478.64
235, 11000.31
236, 4841.46
237, 6682.24
238, 5779.17
239, 12072.61
240, 9895.92
241, 7376.92
242, 10072.56
243, 4911.42
244, 14355.40
245, 13803.83
246, 10012.75
247, 10849.66
248, 5163.86
249, 12916.73
250, 6687.40
251, 6739.66
252, 9125.24
253, 13077.55
254, 6619.88
255, 4685.59
256, 5364.87
257, 14558.65
258, 15252.24
259, 15976.28
260, 2904.71
261, 8062.82
262, 12310.03
263, 14551.89
264, 12052.12
265, 13795.00
266, 3772.30
267, 3187.50
268, 16427.67
269, 16054.06
270, 15004.92
271, 8154.72
272, 11609.57
273, 9732.39
274, 6962.59
275, 7006.41
276, 14777.11
277, 12601.60
278, 8213.51
279, 7790.12
280, 7350.73
281, 3131.51
282, 3184.97
283, 22156.54
284, 24033.14
285, 17623.55
286, 11831.18
287, 11363.88
288, 18682.03
289, 15776.66
290, 5711.13
291, 18876.44
292, 6157.02
293, 10217.03
294, 14197.72
295, 7633.21
296, 16249.49
297, 11070.29
298, 13951.39
299, 18167.53
300, 13126.33
301, 10183.68
302, 5245.69
303, 5800.54
304, 5810.43
305, 14889.76
306, 8350.42
307, 13264.21
308, 8775.12
309, 20003.97
310, 9775.56
311, 3734.70
312, 7768.93
313, 7179.06
314, 5425.47
315, 17032.48
316, 9654.40
317, 23456.86
318, 10996.48
319, 16723.66
320, 8061.34
321, 7565.37
322, 10538.94
323, 3122.37
324, 7795.07
325, 7899.68
326, 4467.50
327, 13348.74
328, 10732.88
329, 12279.58
330, 11917.28
331, 6533.71
332, 3922.18
333, 5228.42
334, 11503.15
335, 9153.10
336, 10708.95
337, 3083.09
338, 10795.24
339, 6612.20
340, 14896.42
341, 15620.75
342, 16730.59
343, 14441.59
344, 19478.02
345, 9931.76
346, 6194.17
347, 1810.60
348, 13400.80
349, 14288.51
350, 3942.70
351, 6682.32
352, 8404.03
353, 7297.42
354, 3002.07
355, 7594.82
356, 15411.75
357, 16324.60
358, 11049.51
359, 11297.59
360, 15092.73
361, 18555.98
362, 20200.53
363, 15296.95
364, 6073.47
365, 6299.68
366, 14556.04
367, 25901.39
368, 11583.73
369, 6213.47
370, 8899.04
371, 13368.62
372, 16683.62
373, 18839.20
374, 13652.70
375, 13806.67
376, 11815.37
377, 6525.89
378, 7475.31
379, 6297.21
380, 23356.53
381, 9032.59
382, 5845.48
383, 6217.76
384, 36303.83
385, 13652.02
386, 11088.25
387, 21538.83
388, 14338.06
389, 6254.24
390, 16600.39
391, 21470.51
392, 8305.55
393, 8386.24
394, 2013.15
395, 13719.20
396, 21573.98
397, 7798.58
398, 5023.18
399, 3704.92
400, 7428.21
401, 12163.49
402, 14854.47
403, 7167.21
404, 18268.85
405, 10409.17
406, 11608.56
407, 6085.66
408, 17509.47
409, 5129.41
410, 15237.23
411, 16783.42
412, 8798.62
413, 8128.90
414, 18748.82
415, 24930.05
416, 13458.64
417, 12722.33
418, 8465.03
419, 14436.04
420, 14846.07
421, 10039.03
422, 18897.15
423, 15707.92
424, 8425.43
425, 6599.43
426, 5828.63
427, 9885.91
428, 10654.57
429, 8395.59
430, 12469.60
431, 34159.06
432, 8749.05
433, 9255.12
434, 15350.86
435, 17048.61
436, 9856.57
437, 21192.96
438, 8583.02
439, 18240.33
440, 1702.90
441, 8584.74
442, 24745.15
443, 12993.73
444, 7023.16
445, 11575.85
446, 15683.45
447, 18924.29
448, 11841.20
449, 12694.54
450, 5335.13
451, 2577.06
452, 2418.57
453, 20006.09
454, 8008.75
455, 2240.41
456, 6273.07
457, 9203.31
458, 14932.72
459, 8093.11
460, 9906.81
461, 12649.49
462, 26958.30
463, 28815.34
464, 10784.59
465, 9476.64
466, 6709.34
467, 25746.45
468, 10277.18
469, 29463.56
470, 12496.64
471, 11199.55
472, 24868.04
473, 13570.08
474, 14024.48
475, 11797.60
476, 11688.49
477, 2152.06
478, 14092.60
479, 5377.35
480, 14355.93
481, 21358.23
482, 32580.50
483, 1760.87
484, 1241.47
485, 11783.19
486, 13515.27
487, 9162.14
488, 27970.80
489, 16052.75
490, 5853.44
491, 2273.65
492, 16228.34
493, 28058.77
494, 27753.86
495, 15775.02
496, 14187.64
497, 22465.34
498, 15354.57
499, 12333.85
500, 19391.65
501, 9262.31
502, 24213.77
503, 25659.76
504, 16353.62
505, 18016.57
506, 12793.15
507, 12997.70
508, 10784.36
509, 10951.59
510, 6102.69
511, 18254.67
512, 20278.32
513, 13796.73
514, 13608.14
515, 6032.13
516, 28143.17
517, 11300.65
518, 27760.21
519, 20573.81
520, 38278.79
521, 23354.07
522, 26990.50
523, 18979.95
524, 9609.30
525, 4212.82
526, 1960.43
527, 18536.45
528, 3956.63
529, 5927.91
530, 13349.19
531, 15589.55
532, 13365.85
533, 32704.04
534, 26135.64
535, 20657.35
536, 24511.10
537, 16829.62
538, 9356.41
539, 36158.67
540, 31574.77
541, 21972.46
542, 22738.18
543, 9623.86
544, 13146.29
545, 29686.50
546, 9945.66
547, 22438.40
548, 27482.47
549, 35157.75
550, 13271.87
551, 17323.76
552, 23381.68
553, 17631.48
554, 14743.54
555, 15816.80
556, 17625.14
557, 6328.85
558, 18545.49
559, 29699.11
560, 3292.84
561, 4373.87
562, 9940.21
563, 30187.94
564, 27562.73
565, 10667.39
566, 15379.71
567, 27187.80
568, 18092.21
569, 6303.40
570, 12696.03
571, 12217.60
572, 27470.48
573, 29363.86
574, 12407.88
575, 20632.92
576, 8173.69
577, 42982.60
578, 26919.42
579, 18335.11
580, 26482.98
581, 6793.45
582, 28798.77
583, 18630.09
584, 9052.03
585, 4805.21
586, 29061.87
587, 12755.06
588, 26024.73
589, 20447.32
590, 31504.40
591, 25942.58
592, 9036.05
593, 18256.84
594, 19658.04
595, 15694.02
596, 29192.70
597, 17814.55
598, 13243.05
599, 19201.00
600, 32068.03
601, 22702.85
602, 6951.58
603, 18614.79
604, 15349.41
605, 21168.86
606, 38288.85
607, 27993.58
608, 28080.31
609, 18182.69
610, 19224.51
611, 6179.74
612, 8473.84
613, 17455.64
614, 6804.13
615, 28064.19
616, 21478.62
617, 37788.41
618, 33550.96
619, 27865.37
620, 12940.38
621, 24120.93
622, 26949.11
623, 20133.24
624, 17773.85
625, 2592.69
626, 16092.32
627, 14459.22
628, 21446.17
629, 27392.87
630, 24013.33
631, 20587.85
632, 29262.37
633, 17037.04
634, 28898.59
635, 36841.61
636, 13450.82
637, 8983.92
638, 27173.61
639, 28071.74
640, 18697.34
641, 19315.97
642, 7487.02
643, 19571.31
644, 26377.22
645, 10605.23
646, 29000.37
647, 12478.39
648, 18706.59
649, 37260.43
650, 14623.72
651, 19183.45
652, 13580.35
653, 30260.82
654, 25243.78
655, 27325.54
656, 13584.69
657, 26284.78
658, 23930.75
659, 14645.71
660, 15454.95
661, 14597.52
662, 31095.42
663, 8322.03
664, 7102.02
665, 16516.13
666, 3116.75
667, 22417.52
668, 19719.82
669, 24542.27
670, 11768.30
671, 9426.05
672, 25852.25
673, 3246.11
674, 26328.10
675, 3200.56
676, 6567.22
677, 12478.37
678, 11739.06
679, 11801.99
680, 46002.93
681, 13585.42
682, 21891.54
683, 12752.97
684, 20274.06
685, 33257.03
686, 8835.28
687, 28649.88
688, 5670.77
689, 4836.66
690, 14545.77
691, 1981.55
692, 32920.13
693, 7016.84
694, 32085.10
695, 14567.90
696, 4721.20
697, 24392.04
698, 12046.00
699, 13575.92
700, 15211.86
701, 63068.77
702, 15597.38
703, 11323.71
704, 13330.85
705, 13562.57
706, 5713.21
707, 7940.57
708, 31868.46
709, 18775.26
710, 2057.04
711, 19591.67
712, 33218.18
713, 4795.83
714, 28209.78
715, 25095.91
716, 22893.02
717, 22477.45
718, 28416.70
719, 22116.51
720, 27792.09
721, 17645.77
722, 56951.51
723, 10704.79
724, 17838.22
725, 8779.60
726, 26227.27
727, 27266.06
728, 11552.03
729, 28449.00
730, 7878.04
731, 18691.39
732, 12460.88
733, 8107.26
734, 7101.70
735, 13710.03
736, 19177.52
737, 11898.02
738, 7871.79
739, 15320.41
740, 25259.67
741, 10475.28
742, 25594.43
743, 7867.81
744, 36992.33
745, 17311.79
746, 12349.87
747, 22421.40
748, 18603.89
749, 16113.93
750, 3012.98
751, 11908.75
752, 17173.62
753, 16651.23
754, 52881.94
755, 14776.47
756, 26441.69
757, 16813.46
758, 11311.89
759, 31617.31
760, 20024.25
761, 1543.16
762, 13095.82
763, 3190.10
764, 23828.59
765, 53259.36
766, 31916.84
767, 18892.54
768, 9717.92
769, 25863.01
770, 25602.01
771, 28998.30
772, 13073.90
773, 7930.72
774, 38363.64
775, 37287.86
776, 22058.72
777, 11515.12
778, 24110.79
779, 8596.29
780, 18495.99
781, 12068.86
782, 23306.80
783, 13968.73
784, 9398.63
785, 20189.10
786, 26413.21
787, 20704.45
788, 37446.09
789, 8913.40
790, 10103.50
791, 16577.52
792, 6731.69
793, 31734.95
794, 25711.93
795, 5480.46
796, 7275.19
797, 995.38
798, 11154.95
799, 15041.97
800, 27330.66
801, 17808.12
802, 23110.76
803, 9837.65
804, 3792.16
805, 19461.29
806, 27610.76
807, 24229.77
808, 970.33
809, 23179.43
810, 11641.02
811, 15828.18
812, 15212.34
813, 16833.22
814, 706.32
815, 10835.24
816, 19867.50
817, 7162.15
818, 31943.90
819, 9123.50
820, 7802.17
821, 12254.26
822, 26079.86
823, 44862.47
824, 36738.52
825, 11323.91
826, 8590.02
827, 28488.54
828, 16124.48
829, 31323.02
830, 7854.66
831, 18301.23
832, 18780.48
833, 10806.17
834, 15076.94
835, 27023.71
836, 19513.76
837, 17632.96
838, 18728.21
839, 29868.06
840, 28133.02
841, 30011.14
842, 25241.29
843, 8382.63
844, 14969.28
845, 16633.86
846, 17070.74
847, 26064.20
848, 27265.98
849, 26137.25
850, 18138.44
851, 25136.62
852, 23710.52
853, 18497.54
854, 11002.33
855, 18889.31
856, 16761.60
857, 28875.33
858, 21772.47
859, 14502.37
860, 42189.64
861, 33207.98
862, 6947.51
863, 18331.86
864, 16099.29
865, 9021.31
866, 24654.47
867, 16302.69
868, 23839.13
869, 12011.64
870, 32846.69
871, 28199.34
872, 20445.09
873, 15635.50
874, 16637.44
875, 52845.96
876, 4987.58
877, 64731.42
878, 15362.91
879, 11605.14
880, 10519.35
881, 20768.52
882, 36342.18
883, 8630.19
884, 21146.13
885, 33559.05
886, 13837.89
887, 25744.81
888, 34718.25
889, 19771.38
890, 18112.51
891, 6420.22
892, 42642.22
893, 36380.20
894, 18478.96
895, 43043.98
896, 26353.00
897, 6477.08
898, 88491.04
899, 26263.45
900, 16435.83
901, 8392.87
902, 30743.55
903, 3807.46
904, 38506.00
905, 21222.35
906, 25414.92
907, 40208.43
908, 8208.51
909, 22247.70
910, 12714.70
911, 8985.67
912, 11581.53
913, 12537.58
914, 33380.07
915, 37763.09
916, 26134.37
917, 23271.24
918, 40045.12
919, 21398.04
920, 28155.60
921, 14680.72
922, 45568.85
923, 35897.55
924, 39527.99
925, 23598.21
926, 35749.18
927, 18340.95
928, 2408.24
929, 46198.42
930, 23333.08
931, 15336.91
932, 17884.56
933, 46674.84
934, 16064.85
935, 9570.38
936, 10530.47
937, 19313.51
938, 17586.76
939, 4073.36
940, 34966.27
941, 20505.35
942, 60531.06
943, 38999.54
944, 23579.02
945, 9225.03
946, 18254.72
947, 33108.46
948, 24187.09
949, 48573.27
950, 26069.48
951, 32893.10
952, 15619.53
953, 6078.75
954, 16310.27
955, 37316.91
956, 45718.74
957, 40443.90
958, 49439.00
959, 17415.13
960, 8820.58
961, 29542.72
962, 16714.11
963, 50305.45
964, 16642.24
965, 26928.33
966, 4786.64
967, 18668.60
968, 3128.44
969, 3990.71
970, 4343.75
971, 68780.67
972, 4636.99
973, 23581.06
974, 37458.02
975, 62833.96
976, 31281.35
977, 19530.97
978, 21645.65
979, 55040.59
980, 42232.43
981, 16200.62
982, 19672.66
983, 15070.87
984, 23376.40
985, 15346.35
986, 31113.06
987, 24192.03
988, 25477.64
989, 24967.96
990, 36477.09
991, 27271.93
992, 35001.27
993, 28266.75
994, 40043.12
995, 25813.93
996, 19358.26
997, 12820.80
998, 33827.41
999, 51419.04
1000, 9261.18
1001, 9906.36
1002, 53289.44
1003, 78798.02
1004, 19996.57
1005, 24938.22
1006, 13024.59
1007, 44851.42
1008, 14203.58
1009, 39361.50
1010, 22902.45
1011, 40768.27
1012, 52877.73
1013, 49434.88
1014, 37286.93
1015, 27006.21
1016, 26069.86
1017, 24609.39
1018, 4315.67
1019, 23006.51
1020, 41228.02
1021, 21087.84
1022, 56839.52
1023, 36426.53
1024, 16292.68
1025, 46864.50
1026, 24776.43
1027, 60205.69
1028, 46545.72
1029, 21778.53
1030, 13068.14
1031, 20381.01
1032, 20120.89
1033, 29809.58
1034, 19979.45
1035, 9213.27
1036, 31627.32
1037, 18478.65
1038, 37561.10
1039, 47732.12
1040, 7882.37
1041, 31416.18
1042, 33617.44
1043, 38934.35
1044, 31875.08
1045, 17089.73
1046, 35649.46
1047, 14838.52
1048, 16605.14
1049, 41467.06
1050, 32734.46
1051, 10345.29
1052, 23350.41
1053, 43426.04
1054, 51798.90
1055, 24018.96
1056, 36383.71
1057, 26309.83
1058, 24275.90
1059, 20146.10
1060, 34977.13
1061, 37900.04
1062, 31820.17
1063, 21040.23
1064, 53318.34
1065, 18955.14
1066, 38759.56
1067, 22166.07
1068, 38483.34
1069, 19921.26
1070, 60589.74
1071, 26719.63
1072, 24024.77
1073, 22707.93
1074, 20815.64
1075, 47369.09
1076, 62719.99
1077, 67928.25
1078, 14552.40
1079, 32181.21
1080, 35527.36
1081, 12684.92
1082, 25853.61
1083, 22002.72
1084, 34249.62
1085, 25006.90
1086, 27979.91
1087, 52256.93
1088, 40538.39
1089, 42448.76
1090, 27275.83
1091, 22543.95
1092, 21889.71
1093, 31182.84
1094, 58885.18
1095, 54552.10
1096, 38321.18
1097, 29303.80
1098, 50897.56
1099, 6497.66
1100, 26040.04
1101, 23433.47
1102, 28914.03
1103, 42922.11
1104, 33665.04
1105, 55859.56
1106, 27403.93
1107, 4920.94
1108, 30528.14
1109, 59928.66
1110, 35198.57
1111, 31845.86
1112, 59468.73
1113, 43440.56
1114, 55082.30
1115, 43048.50
1116, 51854.62
1117, 21648.30
1118, 36011.62
1119, 38294.20
1120, 30412.12
1121, 71689.56
1122, 41184.45
1123, 21311.08
1124, 11810.26
1125, 60722.36
1126, 48983.65
1127, 58091.93
1128, 26332.93
1129, 8935.24
1130, 34273.30
1131, 16161.75
1132, 37889.69
1133, 28971.52
1134, 13116.62
1135, 52390.32
1136, 45998.52
1137, 29802.06
1138, 39460.57
1139, 28125.05
1140, 15404.00
1141, 37038.42
1142, 47024.59
1143, 49034.12
1144, 20083.26
1145, 11001.99
1146, 38968.18
1147, 59616.87
1148, 26793.38
1149, 4078.23
1150, 14230.71
1151, 40185.66
1152, 38915.12
1153, 25332.40
1154, 64594.89
1155, 54453.21
1156, 37613.48
1157, 24457.55
1158, 11021.07
1159, 67216.52
1160, 43037.70
1161, 25965.90
1162, 63088.20
1163, 36053.98
1164, 5840.31
1165, 48072.14
1166, 73441.62
1167, 77980.09
1168, 60453.71
1169, 26416.48
1170, 26859.24
1171, 19480.29
1172, 23376.88
1173, 30546.47
1174, 31844.23
1175, 15068.18
1176, 26387.05
1177, 82350.34
1178, 32947.35
1179, 10529.10
1180, 47969.41
1181, 24745.62
1182, 53712.53
1183, 33775.66
1184, 56670.91
1185, 22938.41
1186, 61495.45
1187, 59016.75
1188, 23685.55
1189, 59080.74
1190, 39944.55
1191, 35193.39
1192, 65444.59
1193, 94037.20
1194, 17812.01
1195, 43204.12
1196, 9840.46
1197, 52074.46
1198, 47038.66
1199, 31770.64
1200, 56708.12
1201, 58474.90
1202, 72704.76
1203, 29924.06
1204, 1305.38
1205, 34815.12
1206, 14275.59
1207, 48040.34
1208, 19999.46
1209, 6809.72
1210, 48259.42
1211, 36919.77
1212, 16847.86
1213, 12806.82
1214, 12054.42
1215, 21823.51
1216, 33939.95
1217, 51313.70
1218, 45194.21
1219, 75408.21
1220, 35146.99
1221, 60998.16
1222, 37933.81
1223, 22848.91
1224, 35701.20
1225, 26472.52
1226, 17327.20
1227, 51519.22
1228, 18428.09
1229, 8301.69
1230, 45033.35
1231, 83705.34
1232, 35143.68
1233, 39112.49
1234, 73876.97
1235, 51793.16
1236, 40007.23
1237, 30426.99
1238, 50594.86
1239, 17407.33
1240, 41538.41
1241, 15036.88
1242, 25112.61
1243, 30121.64
1244, 41666.48
1245, 47118.42
1246, 61692.59
1247, 53397.18
1248, 78177.92
1249, 5125.61
1250, 9775.49
1251, 46046.95
1252, 20581.30
1253, 77666.70
1254, 45085.80
1255, 4374.99
1256, 44501.51
1257, 41076.12
1258, 18414.51
1259, 20056.71
1260, 49090.35
1261, 26155.12
1262, 16853.92
1263, 13181.86
1264, 28256.91
1265, 40351.73
1266, 44627.21
1267, 9280.39
1268, 23220.75
1269, 67442.46
1270, 51369.82
1271, 13218.12
1272, 49270.03
1273, 36328.31
1274, 35921.13
1275, 18732.56
1276, 23810.47
1277, 81417.08
1278, 33653.44
1279, 41109.12
1280, 3719.93
1281, 56671.00
1282, 47202.70
1283, 28211.41
1284, 53991.42
1285, 37348.84
1286, 69630.54
1287, 19092.55
1288, 24911.51
1289, 29054.31
1290, 41927.53
1291, 34818.77
1292, 36412.10
1293, 20231.08
1294, 48514.17
1295, 35913.67
1296, 32610.64
1297, 32796.89
1298, 99604.98
1299, 23782.98
1300, 49318.41
1301, 25845.57
1302, 45472.17
1303, 26704.47
1304, 50535.15
1305, 32977.43
1306, 95208.23
1307, 61606.00
1308, 37242.28
1309, 25867.05
1310, 17545.04
1311, 34049.05
1312, 10803.05
1313, 56598.37
1314, 13540.29
1315, 65320.63
1316, 25763.91
1317, 38846.66
1318, 18177.18
1319, 48401.79
1320, 22253.67
1321, 16325.92
1322, 44934.71
1323, 25201.75
1324, 60901.64
1325, 56508.82
1326, 39716.85
1327, 35050.32
1328, 21272.92
1329, 38060.85
1330, 29012.95
1331, 33362.73
1332, 12937.34
1333, 53881.49
1334, 7525.43
1335, 36299.98
1336, 9802.46
1337, 23726.42
1338, 38737.94
1339, 17315.27
1340, 44331.13
1341, 56414.47
1342, 3116.59
1343, 41101.95
1344, 29788.37
1345, 23922.36
1346, 39095.68
1347, 36525.02
1348, 16417.50
1349, 9400.57
1350, 49981.98
1351, 79528.89
1352, 26545.77
1353, 17058.64
1354, 18361.66
1355, 32296.77
1356, 32559.62
1357, 18951.16
1358, 30547.28
1359, 35157.29
1360, 68641.59
1361, 7508.36
1362, 22927.23
1363, 26971.36
1364, 16858.98
1365, 45703.06
1366, 13627.71
1367, 17020.79
1368, 73862.20
1369, 19421.45
1370, 40490.48
1371, 31645.55
1372, 21660.31
1373, 21597.96
1374, 19946.21
1375, 67875.84
1376, 28313.66
1377, 25321.57
1378, 58761.64
1379, 43798.19
1380, 3614.87
1381, 50537.12
1382, 27542.17
1383, 33689.36
1384, 19841.47
1385, 24864.46
1386, 30256.27
1387, 23669.79
1388, 19177.30
1389, 27194.77
1390, 46014.98
1391, 28444.36
1392, 33726.98
1393, 40281.49
1394, 24862.71
1395, 53569.24
1396, 47368.53
1397, 44789.23
1398, 31600.80
1399, 46565.24
1400, 15100.89
1401, 48051.04
1402, 23775.51
1403, 69419.12
1404, 11566.79
1405, 34014.78
1406, 39541.02
1407, 39758.56
1408, 13877.13
1409, 66038.95
1410, 47879.67
1411, 21283.34
1412, 8554.45
1413, 17456.56
1414, 26810.22
1415, 52739.80
1416, 52404.69
1417, 27538.64
1418, 45244.48
1419, 27091.98
1420, 36348.53
1421, 32736.86
1422, 35727.59
1423, 1792.01
1424, 20085.01
1425, 33533.94
1426, 34367.25
1427, 35146.00
1428, 27477.71
1429, 43195.79
1430, 17327.51
1431, 27234.11
1432, 45084.40
1433, 53584.09
1434, 8904.71
1435, 29962.04
1436, 14078.43
1437, 38847.56
1438, 8634.16
1439, 34684.64
1440, 31314.12
1441, 8153.17
1442, 19901.66
1443, 47804.68
1444, 20791.02
1445, 33290.96
1446, 61303.57
1447, 14501.87
1448, 31803.98
1449, 34901.05
1450, 29229.00
1451, 45728.20
1452, 29105.62
1453, 26981.60
1454, 25617.99
1455, 37738.19
1456, 25998.19
1457, 22061.70
1458, 32491.16
1459, 35065.32
1460, 22658.58
1461, 25661.56
1462, 27581.47
1463, 64465.30
1464, 24602.48
1465, 41267.27
1466, 12681.18
1467, 16286.77
1468, 16162.01
1469, 28334.73
1470, 53557.65
1471, 22575.42
1472, 34009.91
1473, 20882.95
1474, 48843.36
1475, 57914.37
1476, 27180.65
1477, 18392.86
1478, 23493.08
1479, 25311.63
1480, 41658.95
1481, 26446.50
1482, 39318.43
1483, 34034.56
1484, 53044.38
1485, 19063.77
1486, 37711.94
1487, 23231.53
1488, 30503.97
1489, 16270.90
1490, 23324.32
1491, 30973.79
1492, 42677.93
1493, 10105.12
1494, 43955.69
1495, 37838.68
1496, 36239.09
1497, 21821.43
1498, 7649.35
1499, 9164.70
1500, 30976.87
1501, 26973.60
1502, 18438.25
1503, 27227.96
1504, 58234.09
1505, 13867.85
1506, 31417.11
1507, 57336.53
1508, 28394.43
1509, 43708.27
1510, 30134.07
1511, 60607.09
1512, 44206.38
1513, 6374.14
1514, 15596.59
1515, 29043.72
1516, 62731.69
1517, 42303.73
1518, 37795.59
1519, 34071.29
1520, 22153.54
1521, 48423.41
1522, 10095.31
1523, 25741.46
1524, 31034.91
1525, 15345.31
1526, 29825.43
1527, 41823.20
1528, 39082.84
1529, 34847.23
1530, 45121.73
1531, 25338.53
1532, 69837.95
1533, 7812.46
1534, 18387.07
1535, 52191.64
1536, 49004.59
1537, 21062.18
1538, 28269.73
1539, 43833.50
1540, 30524.59
1541, 17352.95
1542, 28772.27
1543, 22233.14
1544, 50042.36
1545, 46709.38
1546, 26204.54
1547, 33702.83
1548, 43566.09
1549, 29246.30
1550, 29748.38
1551, 10814.05
1552, 41519.44
1553, 15074.36
1554, 63163.68
1555, 27328.86
1556, 33933.31
1557, 18621.00
1558, 30387.49
1559, 13301.95
1560, 10708.65
1561, 30134.35
1562, 28414.59
1563, 5285.85
1564, 45084.77
1565, 29990.85
1566, 10569.51
1567, 33176.82
1568, 19822.89
1569, 20199.79
1570, 37872.86
1571, 3852.37
1572, 19832.54
1573, 3750.79
1574, 8471.01
1575, 8446.51
1576, 11486.32
1577, 17933.75
1578, 25000.17
1579, 23860.35
1580, 41850.35
1581, 23768.03
1582, 32544.26
1583, 30270.73
1584, 3961.35
1585, 23169.67
1586, 34983.55
1587, 18188.19
1588, 37184.39
1589, 43374.43
1590, 18450.06
1591, 61668.51
1592, 39939.00
1593, 19805.63
1594, 19958.21
1595, 28869.02
1596, 21036.06
1597, 19388.62
1598, 47974.09
1599, 3106.09
1600, 38865.11
1601, 6798.07
1602, 4786.04
1603, 33610.14
1604, 8804.12
1605, 39117.20
1606, 55752.85
1607, 8519.29
1608, 54000.74
1609, 49048.43
1610, 12443.86
1611, 81453.45
1612, 41324.71
1613, 25724.86
1614, 20150.71
1615, 53124.38
1616, 45186.50
1617, 37693.86
1618, 10947.49
1619, 11148.62
1620, 48676.44
1621, 12514.36
1622, 25571.70
1623, 33766.52
1624, 36886.18
1625, 26477.17
1626, 60043.86
1627, 36810.26
1628, 25624.71
1629, 34639.95
1630, 36578.02
1631, 44274.23
1632, 31482.50
1633, 17397.91
1634, 16642.71
1635, 18330.02
1636, 30613.65
1637, 44095.23
1638, 15868.12
1639, 13643.59
1640, 52991.73
1641, 42964.71
1642, 23242.91
1643, 20904.51
1644, 17660.99
1645, 27194.86
1646, 33727.31
1647, 39872.58
1648, 42063.61
1649, 13284.86
1650, 11591.87
1651, 46561.65
1652, 26203.64
1653, 11971.57
1654, 25471.59
1655, 13134.40
1656, 11241.29
1657, 26939.01
1658, 5995.89
1659, 14359.04
1660, 33183.50
1661, 32888.48
1662, 33239.93
1663, 27815.67
1664, 16382.98
1665, 25644.52
1666, 16425.22
1667, 36150.95
1668, 23643.84
1669, 24234.97
1670, 26452.01
1671, 29722.47
1672, 30486.58
1673, 17912.80
1674, 51742.88
1675, 43939.55
1676, 17683.25
1677, 45733.65
1678, 15703.62
1679, 48851.43
1680, 18222.76
1681, 24676.66
1682, 45578.45
1683, 67116.23
1684, 35192.16
1685, 73873.66
1686, 17306.54
1687, 10829.30
1688, 51395.49
1689, 7234.97
1690, 17551.79
1691, 14970.56
1692, 27709.55
1693, 45471.21
1694, 36495.50
1695, 33658.39
1696, 18382.00
1697, 34101.20
1698, 25121.25
1699, 41616.98
1700, 20690.07
1701, 19493.79
1702, 35262.43
1703, 30154.01
1704, 18270.36
1705, 29802.02
1706, 10406.88
1707, 12640.53
1708, 18263.85
1709, 58791.00
1710, 26132.31
1711, 24166.46
1712, 27087.04
1713, 7626.53
1714, 27377.35
1715, 25214.96
1716, 15320.76
1717, 34407.58
1718, 45915.20
1719, 7553.43
1720, 34992.95
1721, 46651.30
1722, 44780.65
1723, 30350.07
1724, 1949.08
1725, 11153.40
1726, 2434.89
1727, 41852.18
1728, 26325.71
1729, 37448.29
1730, 36262.27
1731, 21175.02
1732, 31701.71
1733, 37145.91
1734, 38960.90
1735, 9757.99
1736, 2617.34
1737, 31780.55
1738, 19025.18
1739, 6497.41
1740, 18419.70
1741, 6377.48
1742, 18728.58
1743, 38506.02
1744, 26615.33
1745, 39667.53
1746, 29198.16
1747, 18631.00
1748, 24947.03
1749, 11295.86
1750, 22670.12
1751, 15129.55
1752, 50984.34
1753, 27551.19
1754, 16976.68
1755, 27814.20
1756, 26854.37
1757, 6435.89
1758, 4334.26
1759, 29252.92
1760, 37648.54
1761, 21970.31
1762, 10142.34
1763, 22980.85
1764, 29828.35
1765, 26457.82
1766, 19185.53
1767, 18984.91
1768, 6532.85
1769, 30909.68
1770, 33779.21
1771, 18406.70
1772, 14164.38
1773, 28451.84
1774, 13281.69
1775, 24133.88
1776, 15374.90
1777, 8327.38
1778, 26996.96
1779, 19941.95
1780, 19593.78
1781, 17381.41
1782, 31671.90
1783, 36557.59
1784, 2605.55
1785, 43676.26
1786, 21129.60
1787, 21439.67
1788, 16678.00
1789, 21083.38
1790, 41601.62
1791, 42277.12
1792, 10006.19
1793, 30066.54
1794, 27538.13
1795, 16122.27
1796, 7453.20
1797, 11612.26
1798, 31887.19
1799, 16983.91
1800, 24705.16
1801, 28447.09
1802, 6925.17
1803, 3109.71
1804, 26766.09
1805, 15418.38
1806, 27556.37
1807, 10855.55
1808, 11752.43
1809, 11193.45
1810, 15279.43
1811, 40736.67
1812, 23071.13
1813, 30070.76
1814, 8055.59
1815, 26048.38
1816, 14847.41
1817, 2692.06
1818, 17698.03
1819, 18142.98
1820, 25488.32
1821, 14703.69
1822, 50825.00
1823, 22898.22
1824, 25026.84
1825, 18839.96
1826, 29324.40
1827, 19905.97
1828, 30433.61
1829, 7363.15
1830, 27353.21
1831, 9973.90
1832, 24979.96
1833, 19135.62
1834, 29059.96
1835, 5473.94
1836, 14646.96
1837, 14309.66
1838, 10557.93
1839, 30067.77
1840, 20608.51
1841, 29862.06
1842, 27610.87
1843, 21052.00
1844, 17835.09
1845, 40893.09
1846, 19738.94
1847, 21948.25
1848, 17554.25
1849, 7789.42
1850, 32324.38
1851, 11972.13
1852, 23856.12
1853, 50583.71
1854, 8950.84
1855, 17714.72
1856, 10303.27
1857, 24436.55
1858, 18645.58
1859, 9954.78
1860, 15064.07
1861, 22654.05
1862, 16655.89
1863, 46343.12
1864, 22041.17
1865, 5496.69
1866, 10616.22
1867, 11775.83
1868, 12210.01
1869, 16449.09
1870, 30860.90
1871, 25907.56
1872, 35595.24
1873, 7646.92
1874, 11148.35
1875, 6591.13
1876, 29505.45
1877, 1658.91
1878, 15493.68
1879, 12882.78
1880, 19583.63
1881, 29513.74
1882, 26232.30
1883, 8651.25
1884, 25613.85
1885, 15696.28
1886, 36502.05
1887, 24257.03
1888, 40620.82
1889, 28833.81
1890, 26035.58
1891, 27505.00
1892, 20538.56
1893, 12178.72
1894, 18651.42
1895, 1055.23
1896, 11087.37
1897, 27787.49
1898, 6570.46
1899, 20934.71
1900, 20650.94
1901, 2982.47
1902, 28012.04
1903, 15528.34
1904, 31797.11
1905, 18685.25
1906, 19141.18
1907, 30763.63
1908, 19994.65
1909, 25759.77
1910, 13156.33
1911, 7810.53
1912, 6198.27
1913, 11056.23
1914, 26570.03
1915, 13939.55
1916, 21560.38
1917, 14195.37
1918, 25395.63
1919, 4707.24
1920, 10607.50
1921, 7363.41
1922, 7593.32
1923, 18970.25
1924, 20040.55
1925, 37472.95
1926, 41929.43
1927, 37535.35
1928, 9051.94
1929, 10429.63
1930, 12467.29
1931, 18547.84
1932, 34360.24
1933, 21522.76
1934, 15822.45
1935, 2556.89
1936, 29902.74
1937, 15331.87
1938, 7255.46
1939, 32371.47
1940, 45242.89
1941, 31735.40
1942, 19694.15
1943, 1405.43
1944, 25729.41
1945, 47455.16
1946, 28281.22
1947, 21910.11
1948, 16688.59
1949, 23573.15
1950, 6799.44
1951, 18306.93
1952, 11587.33
1953, 37653.85
1954, 21776.60
1955, 14372.79
1956, 27681.23
1957, 23441.91
1958, 16939.29
1959, 9101.54
1960, 17379.78
1961, 16723.18
1962, 14129.60
1963, 22181.77
1964, 9948.56
1965, 16319.03
1966, 7522.48
1967, 12902.31
1968, 28755.02
1969, 12123.88
1970, 8071.30
1971, 33491.59
1972, 28848.97
1973, 5027.50
1974, 26722.25
1975, 15258.94
1976, 14601.90
1977, 20062.84
1978, 29597.07
1979, 29401.87
1980, 9663.73
1981, 9315.44
1982, 24577.58
1983, 16239.76
1984, 7846.68
1985, 7687.46
1986, 22129.73
1987, 7490.14
1988, 13526.95
1989, 5501.63
1990, 25195.79
1991, 8298.85
1992, 27567.89
1993, 25041.75
1994, 20723.75
1995, 7269.05
1996, 14296.83
1997, 28357.56
1998, 22831.64
1999, 18221.31
2000, 12306.28
2001, 22450.09
2002, 36036.30
2003, 27020.38
2004, 29643.98
2005, 12321.00
2006, 28502.88
2007, 32890.09
2008, 35249.61
2009, 5561.07
2010, 14607.18
2011, 12923.57
2012, 19297.95
2013, 21185.74
2014, 9751.15
2015, 23148.59
2016, 10441.49
2017, 6301.55
2018, 7059.98
2019, 16189.35
2020, 23220.87
2021, 16736.92
2022, 27009.54
2023, 16152.92
2024, 8556.59
2025, 33621.18
2026, 12062.05
2027, 10872.55
2028, 40651.68
2029, 18434.28
2030, 27676.88
2031, 5578.26
2032, 34274.47
2033, 4915.97
2034, 17112.28
2035, 21056.97
2036, 12890.97
2037, 25638.08
2038, 45928.70
2039, 17100.99
2040, 11008.29
2041, 16590.48
2042, 34702.82
2043, 15030.89
2044, 8455.44
2045, 15901.23
2046, 25315.07
2047, 23601.35
=== END ===


=== BATCH 4 ===
0, 2161617.25
1, 23222.10
2, 19197.53
3, 8452.79
4, 12201.40
5, 7239.96
6, 19210.92
7, 3734.12
8, 13587.88
9, 7071.08
10, 26942.96
11, 17674.55
12, 13112.44
13, 8257.45
14, 26507.94
15, 17954.56
16, 6786.42
17, 16257.61
18, 12127.32
19, 10005.82
20, 10739.77
21, 8882.96
22, 9581.09
23, 5892.32
24, 12543.03
25, 14199.28
26, 22366.43
27, 6522.32
28, 15324.68
29, 10462.19
30, 9858.04
31, 2687.38
32, 21820.88
33, 16006.18
34, 18041.19
35, 16031.61
36, 17632.81
37, 16141.28
38, 8041.34
39, 5951.83
40, 9392.72
41, 25732.00
42, 21822.07
43, 15182.62
44, 12417.44
45, 5345.68
46, 16424.89
47, 16745.66
48, 15534.56
49, 6604.89
50, 12575.64
51, 8011.44
52, 9118.12
53, 5363.60
54, 15309.12
55, 7480.30
56, 5960.86
57, 9697.31
58, 2554.09
59, 16989.50
60, 2424.39
61, 17995.27
62, 19215.59
63, 23463.52
64, 14938.89
65, 12366.59
66, 11270.16
67, 6190.38
68, 8135.97
69, 5568.74
70, 13292.13
71, 18689.39
72, 26348.72
73, 13149.26
74, 10574.12
75, 9404.08
76, 18766.81
77, 3694.82
78, 11759.09
79, 14878.47
80, 14950.96
81, 2752.63
82, 5952.10
83, 5220.87
84, 502.13
85, 5660.34
86, 7321.90
87, 7626.39
88, 3281.53
89, 17519.19
90, 5106.91
91, 17238.75
92, 13895.68
93, 10452.46
94, 11937.98
95, 2392.61
96, 11535.52
97, 2245.85
98, 13470.60
99, 12448.68
100, 10923.60
101, 19575.75
102, 1133.29
103, 13145.05
104, 6627.06
105, 9223.50
106, 14132.34
107, 4789.88
108, 22689.68
109, 15191.17
110, 13129.91
111, 10776.31
112, 12917.27
113, 18231.67
114, 11241.44
115, 8769.49
116, 12871.75
117, 4389.49
118, 18941.53
119, 16270.25
120, 3352.03
121, 2033.78
122, 9499.13
123, 14676.64
124, 3451.37
125, 11667.63
126, 27470.37
127, 8356.48
128, 8229.11
129, 23220.13
130, 5311.31
131, 12599.81
132, 6586.61
133, 5522.07
134, 26461.40
135, 16825.36
136, 24701.85
137, 20281.86
138, 2249.25
139, 5366.45
140, 4030.24
141, 4215.51
142, 13800.41
143, 2589.60
144, 11653.30
145, 5537.36
146, 18450.55
147, 5959.14
148, 2906.72
149, 3639.85
150, 9313.17
151, 18304.46
152, 2861.15
153, 7129.81
154, 10104.37
155, 6600.65
156, 6733.45
157, 9401.50
158, 6353.67
159, 7959.50
160, 15968.59
161, 3516.90
162, 6095.85
163, 4381.79
164, 3981.86
165, 10865.27
166, 15882.41
167, 12905.57
168, 10160.02
169, 12104.20
170, 8427.99
171, 4134.94
172, 10614.86
173, 11302.30
174, 11691.73
175, 7482.46
176, 7213.83
177, 5506.12
178, 15804.83
179, 17151.17
180, 5582.53
181, 4751.40
182, 14714.97
183, 6112.38
184, 6070.32
185, 7573.13
186, 7308.10
187, 2972.42
188, 10519.10
189, 3344.79
190, 7254.59
191, 3693.73
192, 11355.68
193, 4700.71
194, 14743.86
195, 14092.27
196, 5711.41
197, 23208.12
198, 14900.62
199, 17261.51
200, 2152.90
201, 5902.76
202, 10579.22
203, 13188.73
204, 11721.33
205, 10506.57
206, 15756.03
207, 3969.10
208, 8416.72
209, 18870.85
210, 5298.53
211, 4938.46
212, 6707.46
213, 9749.17
214, 4515.05
215, 14105.98
216, 8299.98
217, 10148.76
218, 5593.75
219, 13054.62
220, 7463.13
221, 11545.48
222, 2887.19
223, 12825.83
224, 1791.24
225, 15952.45
226, 15377.62
227, 17536.10
228, 23114.52
229, 9467.98
230, 6954.98
231, 11501.05
232, 8482.67
233, 8629.45
234, 7889.48
235, 12292.37
236, 16825.56
237, 11722.87
238, 7786.96
239, 14588.95
240, 13413.19
241, 12637.91
242, 6117.44
243, 13199.74
244, 5580.00
245, 16324.53
246, 8614.13
247, 13035.33
248, 13628.05
249, 6599.85
250, 6446.45
251, 5126.59
252, 14887.98
253, 6032.06
254, 5787.06
255, 6410.40
256, 12511.30
257, 17143.50
258, 6760.05
259, 15610.90
260, 15764.35
261, 13760.45
262, 14609.92
263, 7222.07
264, 4222.15
265, 10677.26
266, 19407.41
267, 7152.00
268, 10541.02
269, 7605.40
270, 14378.39
271, 11314.11
272, 10346.26
273, 9321.22
274, 29451.38
275, 8764.52
276, 6933.93
277, 14487.47
278, 22820.88
279, 6444.05
280, 11643.21
281, 9628.54
282, 5809.69
283, 18139.54
284, 7139.39
285, 7453.07
286, 10254.03
287, 7663.81
288, 13046.90
289, 6980.00
290, 2253.19
291, 9448.94
292, 11520.92
293, 13259.39
294, 18148.20
295, 12214.53
296, 8480.21
297, 10050.48
298, 11220.06
299, 11278.49
300, 12786.14
301, 8246.21
302, 4687.27
303, 20894.89
304, 4196.34
305, 15015.39
306, 18190.29
307, 4857.49
308, 14093.58
309, 7547.96
310, 5159.90
311, 19298.18
312, 2715.96
313, 26940.79
314, 4362.96
315, 11437.60
316, 8706.23
317, 12916.63
318, 19518.31
319, 18676.48
320, 17147.14
321, 8116.79
322, 703.62
323, 4994.86
324, 4657.33
325, 13716.83
326, 8805.74
327, 16420.73
328, 18194.34
329, 6408.46
330, 16710.93
331, 4451.76
332, 23006.84
333, 14939.16
334, 1971.62
335, 12100.16
336, 14289.31
337, 3821.16
338, 10373.98
339, 4934.22
340, 25364.84
341, 8216.18
342, 14616.05
343, 22502.49
344, 7374.87
345, 13920.62
346, 19465.94
347, 7108.81
348, 9840.60
349, 6411.22
350, 13739.35
351, 15640.33
352, 15238.69
353, 2655.20
354, 9357.86
355, 14778.34
356, 6910.66
357, 9769.96
358, 15985.93
359, 19576.86
360, 8115.06
361, 19343.60
362, 4386.78
363, 11216.83
364, 20774.33
365, 13980.35
366, 4191.29
367, 8449.67
368, 5907.64
369, 11464.91
370, 18221.77
371, 6235.93
372, 4035.70
373, 11357.29
374, 14205.68
375, 10428.82
376, 13924.49
377, 8525.84
378, 15352.13
379, 7606.28
380, 14678.48
381, 8829.14
382, 5806.47
383, 11138.32
384, 7872.45
385, 15207.83
386, 14395.96
387, 15025.71
388, 12210.95
389, 9816.25
390, 14846.09
391, 15881.96
392, 21955.21
393, 15459.95
394, 14421.20
395, 6280.57
396, 36549.32
397, 2333.60
398, 12005.42
399, 8013.18
400, 3049.63
401, 5460.87
402, 14332.72
403, 19848.63
404, 6657.73
405, 12049.47
406, 11822.37
407, 6528.32
408, 3504.17
409, 7234.98
410, 21054.30
411, 19333.52
412, 11779.05
413, 9031.83
414, 10731.40
415, 7916.21
416, 13789.87
417, 9838.07
418, 1508.59
419, 5696.98
420, 12169.33
421, 11801.62
422, 13886.08
423, 14909.99
424, 16709.67
425, 24154.19
426, 6633.47
427, 13513.51
428, 16724.22
429, 3970.42
430, 19874.03
431, 17462.64
432, 11510.32
433, 13700.71
434, 2890.03
435, 6562.70
436, 7251.13
437, 6499.45
438, 15513.66
439, 12307.21
440, 2529.23
441, 14628.12
442, 24013.79
443, 6523.64
444, 3981.75
445, 11427.93
446, 18061.30
447, 18180.94
448, 4375.78
449, 8299.14
450, 12041.67
451, 7598.00
452, 10101.16
453, 14533.45
454, 8211.09
455, 20252.53
456, 8776.21
457, 18767.05
458, 13780.54
459, 2107.14
460, 5224.48
461, 32044.06
462, 13445.09
463, 5743.78
464, 3982.67
465, 4932.00
466, 8377.27
467, 4419.52
468, 7544.15
469, 10269.44
470, 11087.13
471, 10319.80
472, 23616.34
473, 5380.64
474, 30684.79
475, 722.29
476, 22606.97
477, 22616.63
478, 22023.72
479, 9913.53
480, 24037.83
481, 3884.38
482, 9701.62
483, 8632.24
484, 12601.79
485, 8180.53
486, 9727.05
487, 6034.27
488, 10129.17
489, 6839.73
490, 14369.96
491, 12101.03
492, 3554.07
493, 3969.95
494, 10796.10
495, 19701.33
496, 14892.42
497, 25916.93
498, 10925.00
499, 10323.83
500, 9223.54
501, 9513.92
502, 8449.18
503, 22122.96
504, 7940.13
505, 14498.94
506, 11790.89
507, 32378.75
508, 16499.22
509, 17616.30
510, 28969.26
511, 2423.27
512, 24217.60
513, 5895.07
514, 7390.10
515, 17265.10
516, 32302.57
517, 1182.52
518, 27917.65
519, 8183.26
520, 25619.70
521, 10538.61
522, 24338.32
523, 11510.61
524, 3735.10
525, 12648.54
526, 14426.06
527, 23491.46
528, 21849.46
529, 21851.67
530, 15665.99
531, 20977.53
532, 16719.49
533, 11081.29
534, 24139.90
535, 7687.78
536, 7094.03
537, 32022.84
538, 25240.45
539, 10820.71
540, 5710.10
541, 8866.38
542, 15536.99
543, 15233.07
544, 23017.37
545, 7140.18
546, 12295.54
547, 8507.17
548, 651.57
549, 18579.06
550, 34343.64
551, 8044.33
552, 20015.98
553, 15606.72
554, 18590.64
555, 7031.94
556, 2526.85
557, 26384.83
558, 15478.83
559, 31014.95
560, 10209.92
561, 10334.14
562, 3536.72
563, 6469.86
564, 14010.36
565, 9585.05
566, 24676.11
567, 12749.93
568, 10034.91
569, 10986.65
570, 26815.12
571, 19029.83
572, 18669.08
573, 24522.12
574, 18488.90
575, 11138.95
576, 21194.94
577, 2081.49
578, 5053.82
579, 15297.44
580, 21314.97
581, 6456.80
582, 27247.93
583, 21251.85
584, 11123.99
585, 10447.94
586, 12563.51
587, 20754.71
588, 34095.09
589, 11828.93
590, 37630.74
591, 34685.95
592, 13679.01
593, 16221.03
594, 31433.22
595, 20888.32
596, 8251.25
597, 7294.50
598, 21712.84
599, 22512.36
600, 10893.89
601, 9927.35
602, 10272.93
603, 8015.65
604, 27212.94
605, 34450.66
606, 20685.10
607, 8029.15
608, 9403.97
609, 29268.11
610, 8021.35
611, 8244.66
612, 6490.54
613, 25145.36
614, 7161.19
615, 14036.31
616, 51518.73
617, 24860.65
618, 20666.69
619, 21858.84
620, 5671.93
621, 20770.20
622, 18962.08
623, 12032.04
624, 18773.00
625, 14263.54
626, 19126.24
627, 11604.35
628, 23448.68
629, 22708.16
630, 24534.44
631, 15850.87
632, 30799.58
633, 17172.25
634, 11158.07
635, 27454.73
636, 11937.37
637, 17841.49
638, 28182.62
639, 18574.68
640, 37391.75
641, 28139.33
642, 10197.42
643, 11469.81
644, 28876.64
645, 24810.22
646, 22494.70
647, 21273.49
648, 25440.91
649, 6896.63
650, 23350.92
651, 19305.66
652, 17330.55
653, 14422.40
654, 17210.99
655, 18972.00
656, 17682.24
657, 2878.05
658, 10282.62
659, 25433.94
660, 9112.31
661, 11409.08
662, 20566.06
663, 26477.67
664, 26592.09
665, 22202.16
666, 12048.44
667, 20463.59
668, 22096.14
669, 5747.49
670, 17512.28
671, 27475.24
672, 2757.93
673, 13344.67
674, 24975.18
675, 36711.83
676, 18576.02
677, 8459.15
678, 20181.64
679, 28733.77
680, 20810.90
681, 24412.37
682, 10379.11
683, 31258.42
684, 37547.91
685, 18873.77
686, 33637.26
687, 13824.00
688, 18548.99
689, 3421.51
690, 1964.13
691, 9759.29
692, 17029.51
693, 13912.25
694, 21986.62
695, 13481.04
696, 21750.13
697, 21384.45
698, 23462.47
699, 13580.73
700, 14316.03
701, 7163.99
702, 33590.28
703, 5672.72
704, 55064.54
705, 18380.21
706, 12276.44
707, 31305.44
708, 19965.89
709, 14993.44
710, 5112.21
711, 33967.16
712, 36729.39
713, 33096.50
714, 26400.48
715, 21544.92
716, 8259.54
717, 14849.64
718, 30093.76
719, 17789.99
720, 17402.60
721, 20757.91
722, 34933.27
723, 11612.86
724, 40075.97
725, 11983.22
726, 19664.03
727, 3776.22
728, 21716.74
729, 25169.33
730, 19492.08
731, 14008.26
732, 18755.19
733, 12909.34
734, 19355.48
735, 25051.31
736, 34315.96
737, 21846.68
738, 3572.63
739, 17524.35
740, 23175.95
741, 27723.06
742, 15898.17
743, 30343.89
744, 26534.19
745, 10743.71
746, 7220.02
747, 25732.62
748, 13398.74
749, 22232.40
750, 14994.53
751, 18825.48
752, 19296.00
753, 21451.02
754, 17586.95
755, 22230.46
756, 11779.71
757, 43421.96
758, 23917.78
759, 22953.41
760, 26835.79
761, 4038.24
762, 32795.50
763, 15086.52
764, 16807.59
765, 17499.77
766, 19349.71
767, 12732.24
768, 11251.09
769, 9146.84
770, 21011.52
771, 10078.62
772, 50782.82
773, 2257.86
774, 12678.06
775, 11486.88
776, 21174.28
777, 22435.21
778, 21936.38
779, 40187.45
780, 20708.28
781, 21723.92
782, 21860.73
783, 26032.59
784, 22521.15
785, 13838.05
786, 30605.48
787, 18975.85
788, 20381.46
789, 31751.24
790, 11879.36
791, 10651.07
792, 2739.57
793, 29278.66
794, 8796.61
795, 16364.85
796, 25608.76
797, 8514.00
798, 29666.73
799, 12452.17
800, 15963.35
801, 30172.19
802, 44005.44
803, 19407.98
804, 32223.66
805, 46171.14
806, 21734.80
807, 23160.70
808, 10299.23
809, 23333.57
810, 31785.71
811, 13325.04
812, 20985.37
813, 32641.67
814, 20052.46
815, 12580.74
816, 20246.52
817, 17114.80
818, 28382.51
819, 16827.38
820, 8749.09
821, 12930.61
822, 23983.66
823, 18070.12
824, 11988.86
825, 28236.04
826, 33321.93
827, 26307.08
828, 21459.14
829, 23051.34
830, 3456.93
831, 1310.35
832, 19930.10
833, 25932.64
834, 25944.87
835, 30971.83
836, 19333.66
837, 20657.23
838, 15460.56
839, 23775.62
840, 14602.57
841, 32257.55
842, 19209.06
843, 21087.20
844, 27775.54
845, 12894.07
846, 41379.18
847, 19264.27
848, 10199.20
849, 31810.18
850, 17397.84
851, 17300.09
852, 16253.69
853, 19402.68
854, 2727.43
855, 35613.72
856, 20013.72
857, 7153.61
858, 19087.31
859, 34301.68
860, 4286.99
861, 28598.44
862, 6334.32
863, 36778.50
864, 31843.73
865, 12912.61
866, 8030.00
867, 38471.58
868, 31668.19
869, 20310.87
870, 14763.90
871, 15895.10
872, 14781.39
873, 39368.55
874, 14139.99
875, 20420.01
876, 14982.73
877, 9662.23
878, 21624.95
879, 29557.46
880, 22590.13
881, 20501.92
882, 31848.38
883, 8650.17
884, 8595.40
885, 21570.13
886, 2130.80
887, 18357.03
888, 28432.01
889, 30647.02
890, 25965.92
891, 26066.83
892, 27498.24
893, 29061.98
894, 18996.81
895, 22438.90
896, 29561.39
897, 24174.29
898, 9128.72
899, 42545.87
900, 30824.42
901, 25732.97
902, 32687.23
903, 22954.40
904, 43748.83
905, 26920.63
906, 22500.94
907, 62854.07
908, 14348.50
909, 5551.83
910, 33618.33
911, 7278.70
912, 23792.46
913, 13349.09
914, 10991.09
915, 31060.77
916, 36183.09
917, 12155.72
918, 27814.77
919, 26672.26
920, 28831.63
921, 5493.17
922, 16648.64
923, 41075.00
924, 20485.31
925, 17954.99
926, 10313.55
927, 28626.02
928, 33308.57
929, 19459.69
930, 22727.88
931, 23219.69
932, 11682.75
933, 28754.94
934, 34130.51
935, 36020.62
936, 8193.90
937, 27561.81
938, 7719.52
939, 22279.42
940, 18842.71
941, 11213.04
942, 67918.28
943, 20384.16
944, 23328.16
945, 36649.93
946, 41826.60
947, 24428.56
948, 14806.03
949, 31509.30
950, 16680.38
951, 36650.56
952, 34156.29
953, 20502.97
954, 13245.71
955, 1959.14
956, 42109.42
957, 38737.38
958, 37658.27
959, 29168.62
960, 15779.88
961, 22267.12
962, 10032.11
963, 27760.02
964, 14070.33
965, 21147.83
966, 39914.70
967, 18969.80
968, 13663.61
969, 4106.96
970, 31252.67
971, 13673.15
972, 38825.55
973, 20911.79
974, 31282.21
975, 30791.93
976, 9501.85
977, 30682.90
978, 45081.89
979, 26346.36
980, 18427.66
981, 5880.55
982, 7943.34
983, 36723.12
984, 25817.94
985, 21746.61
986, 25014.36
987, 16144.52
988, 15644.23
989, 48283.05
990, 29140.87
991, 10562.94
992, 52362.38
993, 39265.21
994, 21309.92
995, 19564.40
996, 11546.61
997, 52089.98
998, 25091.66
999, 20557.12
1000, 29518.86
1001, 52552.14
1002, 7108.07
1003, 9567.41
1004, 27347.57
1005, 11871.53
1006, 18390.61
1007, 60709.32
1008, 33409.91
1009, 13401.61
1010, 18172.17
1011, 8552.67
1012, 17343.83
1013, 9928.83
1014, 4804.39
1015, 23790.28
1016, 40220.02
1017, 31671.92
1018, 15026.67
1019, 21405.60
1020, 28138.25
1021, 54234.63
1022, 28545.81
1023, 49050.89
1024, 7560.91
1025, 46479.78
1026, 32075.40
1027, 25566.62
1028, 16621.77
1029, 12576.88
1030, 36574.65
1031, 43021.73
1032, 43036.13
1033, 9432.71
1034, 28828.46
1035, 31295.31
1036, 41519.33
1037, 36735.23
1038, 5438.56
1039, 38623.96
1040, 16794.94
1041, 29606.53
1042, 33918.92
1043, 22786.47
1044, 26763.88
1045, 23914.87
1046, 57787.54
1047, 43291.74
1048, 36826.02
1049, 20024.75
1050, 19169.44
1051, 41622.25
1052, 20704.03
1053, 55478.80
1054, 31438.28
1055, 66055.02
1056, 48584.52
1057, 27706.24
1058, 28620.03
1059, 36411.95
1060, 39587.30
1061, 71184.60
1062, 59433.94
1063, 23545.05
1064, 62057.85
1065, 71777.87
1066, 11476.62
1067, 24370.27
1068, 37766.63
1069, 31112.75
1070, 56418.13
1071, 1926.99
1072, 15394.51
1073, 21960.80
1074, 36507.48
1075, 47023.92
1076, 1387.11
1077, 16653.19
1078, 9393.19
1079, 57907.39
1080, 33021.72
1081, 4636.01
1082, 64704.15
1083, 34332.25
1084, 46260.90
1085, 16864.80
1086, 31659.34
1087, 27453.05
1088, 66865.84
1089, 37310.16
1090, 72654.23
1091, 21216.95
1092, 26180.41
1093, 30687.73
1094, 9800.41
1095, 30950.79
1096, 24104.40
1097, 18161.67
1098, 37365.79
1099, 38904.19
1100, 14720.15
1101, 27321.03
1102, 8857.16
1103, 43805.45
1104, 29888.13
1105, 24703.01
1106, 37005.60
1107, 24916.53
1108, 33283.36
1109, 33054.33
1110, 17872.61
1111, 12992.13
1112, 43370.56
1113, 33288.32
1114, 21542.77
1115, 30866.92
1116, 32763.60
1117, 21959.53
1118, 28637.51
1119, 32577.42
1120, 20240.27
1121, 49343.45
1122, 22262.10
1123, 40710.79
1124, 40577.15
1125, 61104.07
1126, 24926.36
1127, 45332.68
1128, 5786.37
1129, 27771.60
1130, 54922.22
1131, 33181.26
1132, 34885.29
1133, 43762.64
1134, 32688.10
1135, 39866.06
1136, 57024.64
1137, 75409.76
1138, 43664.50
1139, 36241.21
1140, 51046.41
1141, 16092.77
1142, 56819.80
1143, 96982.84
1144, 24645.74
1145, 43474.33
1146, 20227.75
1147, 22192.67
1148, 64466.41
1149, 63154.86
1150, 26843.14
1151, 19940.71
1152, 58434.66
1153, 3994.50
1154, 21975.49
1155, 34119.90
1156, 35183.82
1157, 45705.02
1158, 26274.80
1159, 47767.88
1160, 28252.86
1161, 57119.45
1162, 45877.53
1163, 35248.15
1164, 32410.57
1165, 31855.59
1166, 34929.61
1167, 26254.07
1168, 37118.93
1169, 22778.84
1170, 43609.13
1171, 26184.19
1172, 26291.70
1173, 24395.86
1174, 37482.74
1175, 58334.15
1176, 63090.02
1177, 30081.90
1178, 5967.18
1179, 48108.10
1180, 64406.92
1181, 4129.89
1182, 13182.16
1183, 12622.78
1184, 17639.75
1185, 16808.12
1186, 53402.41
1187, 21109.62
1188, 11694.55
1189, 35510.11
1190, 10286.98
1191, 30095.94
1192, 19122.24
1193, 25200.55
1194, 9982.90
1195, 31176.18
1196, 35527.34
1197, 18447.19
1198, 11308.68
1199, 42374.92
1200, 39005.69
1201, 25190.53
1202, 15567.40
1203, 26916.30
1204, 19914.43
1205, 45845.74
1206, 87802.98
1207, 37994.86
1208, 39175.70
1209, 20214.44
1210, 38009.14
1211, 59476.60
1212, 69717.05
1213, 25189.04
1214, 17407.59
1215, 30698.43
1216, 63678.59
1217, 50752.71
1218, 41568.71
1219, 59126.29
1220, 34317.89
1221, 48650.98
1222, 48801.07
1223, 39213.18
1224, 23939.52
1225, 47184.38
1226, 27400.27
1227, 33776.84
1228, 37667.71
1229, 68613.00
1230, 28151.36
1231, 80272.68
1232, 74020.73
1233, 19155.55
1234, 51596.94
1235, 50937.18
1236, 23176.04
1237, 10299.65
1238, 26692.45
1239, 57556.35
1240, 48948.07
1241, 32047.18
1242, 33514.25
1243, 15253.91
1244, 13359.40
1245, 47415.64
1246, 34412.49
1247, 47113.72
1248, 43847.03
1249, 30605.40
1250, 60878.84
1251, 16084.83
1252, 15310.63
1253, 29204.93
1254, 54447.70
1255, 30980.43
1256, 32189.74
1257, 46961.58
1258, 17488.90
1259, 65684.66
1260, 62536.49
1261, 73161.80
1262, 37686.81
1263, 60665.82
1264, 50447.71
1265, 22567.04
1266, 22408.97
1267, 39300.24
1268, 63357.83
1269, 15026.22
1270, 24977.14
1271, 32918.72
1272, 33303.87
1273, 33673.68
1274, 49279.97
1275, 16404.35
1276, 40554.12
1277, 11942.43
1278, 54844.54
1279, 59426.43
1280, 42387.73
1281, 55539.88
1282, 9187.01
1283, 67312.40
1284, 78192.27
1285, 35621.14
1286, 31358.43
1287, 55232.59
1288, 50388.26
1289, 35165.03
1290, 24236.33
1291, 42489.33
1292, 31454.04
1293, 38457.32
1294, 4425.68
1295, 77857.91
1296, 15196.25
1297, 30485.06
1298, 37068.18
1299, 43292.76
1300, 33536.79
1301, 20350.86
1302, 34225.16
1303, 31259.66
1304, 74676.86
1305, 11437.80
1306, 21424.84
1307, 48218.51
1308, 34462.54
1309, 27170.31
1310, 14571.30
1311, 13338.22
1312, 27079.64
1313, 68528.77
1314, 25235.34
1315, 23491.30
1316, 19421.27
1317, 24891.79
1318, 14894.71
1319, 11550.27
1320, 17032.53
1321, 25876.55
1322, 42643.15
1323, 43218.57
1324, 34312.48
1325, 13884.21
1326, 31410.57
1327, 49530.16
1328, 37872.64
1329, 8932.04
1330, 35558.98
1331, 24864.55
1332, 19996.41
1333, 60277.36
1334, 16729.39
1335, 47119.69
1336, 26415.82
1337, 35726.46
1338, 28910.19
1339, 66563.29
1340, 63711.27
1341, 25290.15
1342, 23145.19
1343, 62516.61
1344, 46746.04
1345, 29696.18
1346, 43695.99
1347, 47175.63
1348, 47398.56
1349, 29480.69
1350, 71607.57
1351, 26713.80
1352, 24386.26
1353, 10993.48
1354, 34160.02
1355, 58116.46
1356, 44453.37
1357, 54103.64
1358, 9725.94
1359, 23107.65
1360, 54083.20
1361, 32811.49
1362, 32647.32
1363, 4009.58
1364, 16965.25
1365, 13721.63
1366, 25094.29
1367, 7220.24
1368, 49603.81
1369, 35343.09
1370, 5305.58
1371, 28600.18
1372, 41887.11
1373, 13715.53
1374, 33862.04
1375, 32144.90
1376, 14094.37
1377, 30804.07
1378, 34460.88
1379, 51267.57
1380, 25225.17
1381, 11192.13
1382, 62309.55
1383, 49878.67
1384, 13018.58
1385, 30471.37
1386, 62589.37
1387, 33449.08
1388, 51135.50
1389, 47334.93
1390, 10854.93
1391, 53082.89
1392, 14001.18
1393, 22146.78
1394, 11319.92
1395, 8664.25
1396, 19796.60
1397, 20308.95
1398, 29990.54
1399, 50061.93
1400, 15474.24
1401, 75757.48
1402, 95758.54
1403, 27301.90
1404, 14408.17
1405, 43630.96
1406, 22753.87
1407, 71696.58
1408, 24105.98
1409, 37706.00
1410, 6275.59
1411, 66139.54
1412, 40510.39
1413, 15914.38
1414, 37447.66
1415, 32518.52
1416, 38531.23
1417, 13247.97
1418, 32947.29
1419, 19811.11
1420, 31670.82
1421, 22489.24
1422, 34174.94
1423, 9109.94
1424, 14364.17
1425, 51245.43
1426, 39144.91
1427, 20404.89
1428, 28987.66
1429, 28909.39
1430, 51165.93
1431, 42717.82
1432, 34906.76
1433, 39035.52
1434, 65067.36
1435, 17340.76
1436, 24531.54
1437, 73922.91
1438, 28207.20
1439, 16614.86
1440, 45050.91
1441, 36777.34
1442, 18558.97
1443, 43273.25
1444, 25992.79
1445, 46478.28
1446, 6183.23
1447, 25251.64
1448, 56849.06
1449, 8777.41
1450, 29019.84
1451, 22960.50
1452, 14258.25
1453, 14682.90
1454, 13687.25
1455, 13673.88
1456, 15498.99
1457, 52531.93
1458, 19541.51
1459, 26915.28
1460, 56216.98
1461, 20826.96
1462, 30746.65
1463, 15315.85
1464, 71241.11
1465, 45355.98
1466, 11218.72
1467, 34528.46
1468, 10284.50
1469, 53834.00
1470, 15300.44
1471, 31753.18
1472, 9284.90
1473, 44522.62
1474, 54837.90
1475, 37473.28
1476, 31501.96
1477, 18338.89
1478, 46807.93
1479, 39791.03
1480, 19168.66
1481, 35147.61
1482, 29079.40
1483, 54555.72
1484, 16692.42
1485, 16668.64
1486, 55074.54
1487, 29851.27
1488, 35396.69
1489, 51865.21
1490, 31041.21
1491, 45835.64
1492, 49507.78
1493, 34804.32
1494, 9706.03
1495, 32750.60
1496, 38763.14
1497, 15081.57
1498, 23138.39
1499, 25406.11
1500, 24441.96
1501, 34164.43
1502, 19868.88
1503, 52945.32
1504, 25373.33
1505, 37600.12
1506, 25208.65
1507, 42823.92
1508, 52354.79
1509, 34365.93
1510, 53025.79
1511, 21189.35
1512, 16985.53
1513, 18969.77
1514, 33316.30
1515, 7817.42
1516, 38090.56
1517, 10932.22
1518, 36721.41
1519, 52913.40
1520, 51937.51
1521, 58824.29
1522, 24351.89
1523, 5675.82
1524, 9408.16
1525, 19865.10
1526, 61521.16
1527, 20640.08
1528, 8317.12
1529, 60929.81
1530, 39432.25
1531, 22049.92
1532, 18446.25
1533, 7810.64
1534, 27765.00
1535, 13272.75
1536, 19720.69
1537, 28257.73
1538, 52149.12
1539, 41011.56
1540, 28898.17
1541, 17484.69
1542, 17647.96
1543, 68460.02
1544, 26063.58
1545, 35548.27
1546, 38450.75
1547, 7031.42
1548, 33745.38
1549, 24377.79
1550, 23852.25
1551, 20727.86
1552, 15761.82
1553, 24345.98
1554, 4024.11
1555, 15347.19
1556, 35031.45
1557, 16814.29
1558, 25928.03
1559, 35398.69
1560, 35427.73
1561, 29435.36
1562, 21269.51
1563, 23571.61
1564, 28247.32
1565, 13267.37
1566, 50577.31
1567, 58002.37
1568, 29301.84
1569, 28077.89
1570, 27286.91
1571, 49812.54
1572, 22514.20
1573, 30025.87
1574, 39582.19
1575, 54889.76
1576, 25265.58
1577, 33084.93
1578, 16547.72
1579, 19347.01
1580, 42281.60
1581, 11925.58
1582, 41087.63
1583, 18100.15
1584, 31276.25
1585, 14625.88
1586, 29474.40
1587, 43435.90
1588, 23264.34
1589, 37259.91
1590, 32386.85
1591, 22071.14
1592, 14735.90
1593, 8787.48
1594, 27880.74
1595, 19822.60
1596, 10363.17
1597, 33288.14
1598, 14881.13
1599, 35845.43
1600, 10211.29
1601, 15394.71
1602, 24681.84
1603, 15729.11
1604, 28316.86
1605, 15853.08
1606, 37223.23
1607, 42404.85
1608, 23260.27
1609, 34838.42
1610, 26451.53
1611, 45182.41
1612, 9700.50
1613, 15289.94
1614, 16506.13
1615, 33825.04
1616, 7956.64
1617, 31659.82
1618, 8989.61
1619, 39702.63
1620, 10181.62
1621, 37937.16
1622, 46213.82
1623, 19529.50
1624, 39461.66
1625, 61789.73
1626, 30740.76
1627, 31363.22
1628, 33653.76
1629, 21086.04
1630, 17174.06
1631, 13787.41
1632, 18827.23
1633, 11805.69
1634, 41121.29
1635, 47294.48
1636, 6475.92
1637, 38216.48
1638, 10420.46
1639, 22745.13
1640, 40474.13
1641, 12148.44
1642, 40855.70
1643, 16164.05
1644, 24526.98
1645, 53230.31
1646, 13807.27
1647, 32391.69
1648, 35898.52
1649, 60308.27
1650, 45293.13
1651, 31645.06
1652, 29653.18
1653, 23865.07
1654, 55021.85
1655, 41944.08
1656, 47494.34
1657, 16596.07
1658, 45135.54
1659, 8720.51
1660, 19775.85
1661, 36053.91
1662, 25700.01
1663, 35737.65
1664, 21882.24
1665, 32182.43
1666, 55377.34
1667, 41506.24
1668, 28334.24
1669, 32199.33
1670, 30335.73
1671, 34155.74
1672, 32895.93
1673, 9413.13
1674, 14924.61
1675, 42977.84
1676, 42433.55
1677, 19355.77
1678, 22684.86
1679, 25344.53
1680, 20019.40
1681, 21184.46
1682, 2752.95
1683, 24885.65
1684, 17527.62
1685, 42259.26
1686, 23236.39
1687, 23794.57
1688, 34852.09
1689, 28300.94
1690, 8729.20
1691, 20743.34
1692, 9008.81
1693, 29580.73
1694, 19658.51
1695, 28925.97
1696, 9921.47
1697, 8670.20
1698, 19204.07
1699, 34864.05
1700, 3422.97
1701, 13185.87
1702, 28923.49
1703, 13822.61
1704, 24960.87
1705, 23859.04
1706, 55052.77
1707, 28887.83
1708, 30135.94
1709, 21274.44
1710, 27862.45
1711, 37055.40
1712, 5482.51
1713, 46136.78
1714, 5766.29
1715, 13244.61
1716, 17067.09
1717, 24538.28
1718, 11401.16
1719, 30762.71
1720, 34840.96
1721, 21033.86
1722, 30651.47
1723, 13550.94
1724, 14524.34
1725, 16052.27
1726, 35470.03
1727, 14684.85
1728, 8609.19
1729, 31640.65
1730, 21976.54
1731, 31980.76
1732, 12656.43
1733, 26033.26
1734, 47284.84
1735, 38120.96
1736, 30579.94
1737, 19457.19
1738, 6881.05
1739, 18066.52
1740, 13258.70
1741, 34065.09
1742, 25013.96
1743, 28718.69
1744, 4781.56
1745, 10870.44
1746, 30118.28
1747, 32484.64
1748, 14731.06
1749, 30830.48
1750, 10697.75
1751, 21032.03
1752, 44258.68
1753, 12747.63
1754, 21702.45
1755, 17522.06
1756, 33941.07
1757, 15792.69
1758, 20764.56
1759, 20247.00
1760, 23943.56
1761, 12294.76
1762, 43298.86
1763, 38619.31
1764, 24121.01
1765, 16638.21
1766, 23616.31
1767, 48908.31
1768, 19444.67
1769, 2245.21
1770, 24648.25
1771, 36878.33
1772, 15773.69
1773, 16087.72
1774, 29646.55
1775, 28380.69
1776, 18445.43
1777, 13673.79
1778, 36300.89
1779, 7440.64
1780, 2346.29
1781, 12644.25
1782, 27993.93
1783, 16338.01
1784, 7959.38
1785, 11925.38
1786, 19608.57
1787, 10169.69
1788, 22886.37
1789, 23274.75
1790, 15526.51
1791, 44493.98
1792, 23715.73
1793, 31233.48
1794, 14793.79
1795, 14875.41
1796, 43045.04
1797, 17395.49
1798, 19118.53
1799, 21137.71
1800, 31249.91
1801, 6993.62
1802, 9881.64
1803, 33738.52
1804, 15744.73
1805, 27377.72
1806, 30244.33
1807, 3581.16
1808, 19157.89
1809, 16028.82
1810, 11015.51
1811, 4182.96
1812, 18577.37
1813, 15610.04
1814, 14273.12
1815, 22535.51
1816, 6837.00
1817, 7411.84
1818, 36584.75
1819, 9867.90
1820, 44296.46
1821, 7187.11
1822, 32387.23
1823, 40905.31
1824, 38800.25
1825, 25068.58
1826, 6390.29
1827, 12053.98
1828, 28405.30
1829, 12575.29
1830, 8584.14
1831, 24903.99
1832, 20258.51
1833, 21288.19
1834, 36683.84
1835, 24478.78
1836, 17883.54
1837, 10513.20
1838, 15759.49
1839, 10311.13
1840, 32918.50
1841, 15864.69
1842, 38518.23
1843, 7657.33
1844, 7738.72
1845, 16193.76
1846, 29697.49
1847, 34863.70
1848, 38314.04
1849, 25793.10
1850, 35115.48
1851, 20325.06
1852, 534.03
1853, 28835.16
1854, 11437.21
1855, 13502.06
1856, 34411.75
1857, 33946.09
1858, 1816.73
1859, 16980.66
1860, 19267.25
1861, 20248.08
1862, 12164.96
1863, 13326.12
1864, 21594.94
1865, 28809.34
1866, 12677.11
1867, 4868.68
1868, 15980.63
1869, 4768.84
1870, 27741.24
1871, 14471.41
1872, 9657.33
1873, 19206.04
1874, 40139.42
1875, 5383.44
1876, 12832.56
1877, 25862.94
1878, 39418.35
1879, 13878.84
1880, 25536.78
1881, 26223.46
1882, 18404.22
1883, 1855.03
1884, 5444.02
1885, 8805.00
1886, 45855.94
1887, 13020.05
1888, 6207.59
1889, 12549.10
1890, 13152.59
1891, 3647.68
1892, 38834.24
1893, 34195.92
1894, 22390.46
1895, 30491.46
1896, 29407.37
1897, 45877.55
1898, 11449.16
1899, 15669.53
1900, 31619.12
1901, 37271.03
1902, 9024.84
1903, 8878.56
1904, 23187.30
1905, 10558.59
1906, 8758.23
1907, 21559.07
1908, 31513.79
1909, 34568.28
1910, 16725.50
1911, 15586.69
1912, 23197.19
1913, 24480.79
1914, 9474.64
1915, 14264.18
1916, 13570.19
1917, 16038.58
1918, 23536.90
1919, 22064.82
1920, 26503.04
1921, 15275.38
1922, 33896.88
1923, 8358.25
1924, 23239.72
1925, 2110.53
1926, 15773.99
1927, 46629.17
1928, 30233.63
1929, 15281.40
1930, 13039.81
1931, 29238.27
1932, 1749.45
1933, 21432.42
1934, 28061.83
1935, 20180.05
1936, 16644.15
1937, 32543.29
1938, 12401.92
1939, 5413.39
1940, 17883.64
1941, 12248.62
1942, 31994.08
1943, 18701.62
1944, 10923.23
1945, 4767.68
1946, 40397.22
1947, 16298.27
1948, 19842.32
1949, 6897.89
1950, 2982.36
1951, 14799.34
1952, 20626.26
1953, 14750.60
1954, 26786.25
1955, 8957.52
1956, 1566.91
1957, 44059.96
1958, 1182.89
1959, 17671.64
1960, 12073.43
1961, 18646.23
1962, 3382.61
1963, 32988.03
1964, 14291.36
1965, 26912.72
1966, 13701.96
1967, 18603.39
1968, 8383.97
1969, 19603.93
1970, 7791.49
1971, 25090.54
1972, 11121.33
1973, 21473.86
1974, 15972.41
1975, 11254.97
1976, 7044.63
1977, 24627.32
1978, 34346.37
1979, 23320.07
1980, 10896.75
1981, 19010.40
1982, 11639.65
1983, 21130.11
1984, 27524.75
1985, 19643.21
1986, 13604.40
1987, 10585.46
1988, 21664.31
1989, 30527.90
1990, 13920.25
1991, 5053.50
1992, 16938.08
1993, 20359.53
1994, 18774.82
1995, 17273.62
1996, 12331.56
1997, 14526.30
1998, 42144.81
1999, 16474.54
2000, 24976.77
2001, 32778.01
2002, 37651.08
2003, 13692.90
2004, 21305.67
2005, 18490.78
2006, 28070.94
2007, 10880.01
2008, 35057.36
2009, 2038.19
2010, 24273.54
2011, 4386.67
2012, 14784.28
2013, 9813.07
2014, 24316.84
2015, 34348.93
2016, 13087.48
2017, 12460.49
2018, 23750.01
2019, 25587.82
2020, 25097.46
2021, 18933.21
2022, 25898.69
2023, 33180.95
2024, 25736.60
2025, 25680.24
2026, 7672.36
2027, 16900.24
2028, 9848.57
2029, 16727.10
2030, 25633.59
2031, 17879.22
2032, 22458.03
2033, 26908.45
2034, 20578.73
2035, 20336.26
2036, 29669.97
2037, 4598.66
2038, 30988.02
2039, 4484.32
2040, 7273.80
2041, 29558.20
2042, 12498.05
2043, 39536.64
2044, 6974.05
2045, 15360.04
2046, 15656.20
2047, 15382.89
=== END ===


=== BATCH 5 ===
0, 2158355.50
1, 6408.61
2, 10675.51
3, 4774.49
4, 7816.25
5, 7554.99
6, 19726.66
7, 7249.10
8, 19286.28
9, 7525.17
10, 8733.23
11, 15632.16
12, 8826.98
13, 4194.94
14, 22658.27
15, 6747.98
16, 2306.48
17, 28590.97
18, 10020.87
19, 14278.09
20, 10900.44
21, 19953.62
22, 14429.64
23, 4076.44
24, 13265.43
25, 4294.25
26, 3659.85
27, 4029.27
28, 18229.97
29, 3656.55
30, 16173.08
31, 37708.86
32, 20913.41
33, 12053.16
34, 10244.37
35, 4204.42
36, 6358.18
37, 5747.16
38, 17255.86
39, 10423.08
40, 16723.04
41, 5817.71
42, 5826.08
43, 18168.04
44, 5889.87
45, 10709.05
46, 5272.16
47, 3502.80
48, 8493.85
49, 11670.92
50, 16626.69
51, 8753.15
52, 22166.70
53, 16978.40
54, 13456.53
55, 15222.63
56, 7722.90
57, 4286.52
58, 7825.80
59, 5476.05
60, 3748.21
61, 3846.95
62, 16320.14
63, 6897.66
64, 13471.32
65, 6469.80
66, 15476.25
67, 16104.74
68, 11016.58
69, 1136.88
70, 5022.04
71, 17092.33
72, 8794.76
73, 8543.17
74, 6484.33
75, 7773.57
76, 6863.82
77, 14699.81
78, 6784.15
79, 11816.34
80, 19417.46
81, 9877.43
82, 9713.37
83, 9497.50
84, 14829.86
85, 21108.66
86, 6722.69
87, 7727.19
88, 5608.01
89, 12457.64
90, 14666.76
91, 3643.06
92, 10729.89
93, 4486.61
94, 3289.19
95, 17634.24
96, 19303.74
97, 15309.23
98, 8502.71
99, 13849.29
100, 20457.34
101, 15824.74
102, 3467.73
103, 32675.93
104, 15084.10
105, 4402.55
106, 2605.95
107, 1543.76
108, 20882.27
109, 8540.56
110, 6499.13
111, 23550.00
112, 11202.96
113, 5034.49
114, 16897.12
115, 14303.65
116, 4206.13
117, 8843.61
118, 16248.65
119, 14830.14
120, 9341.92
121, 10168.38
122, 14802.24
123, 18375.06
124, 8324.88
125, 15407.01
126, 5746.90
127, 4153.73
128, 3849.28
129, 13156.08
130, 7424.71
131, 11171.24
132, 19258.49
133, 17070.34
134, 10818.82
135, 13485.49
136, 17790.10
137, 6079.46
138, 7821.88
139, 9214.87
140, 7598.01
141, 13151.10
142, 12629.70
143, 6976.12
144, 5723.12
145, 3973.09
146, 8101.43
147, 7777.22
148, 7743.78
149, 904.77
150, 9620.82
151, 20448.22
152, 1819.82
153, 9838.51
154, 17812.21
155, 12919.97
156, 4908.59
157, 5990.78
158, 9667.69
159, 2872.83
160, 16187.83
161, 4369.25
162, 3039.27
163, 21214.37
164, 10913.24
165, 11812.03
166, 10938.98
167, 3834.67
168, 6840.45
169, 2594.90
170, 6892.15
171, 13398.73
172, 11756.40
173, 13033.52
174, 5519.47
175, 19887.08
176, 4047.52
177, 9139.18
178, 9345.78
179, 10887.61
180, 7543.32
181, 10331.46
182, 9203.16
183, 7135.33
184, 14070.40
185, 6105.24
186, 7481.40
187, 7229.49
188, 6301.17
189, 8939.91
190, 2880.02
191, 11947.66
192, 5982.64
193, 3073.67
194, 6618.33
195, 7680.54
196, 7928.64
197, 19251.08
198, 7035.52
199, 5476.54
200, 9500.47
201, 7230.12
202, 10762.63
203, 3190.00
204, 6250.51
205, 3591.48
206, 8328.56
207, 6581.26
208, 4853.19
209, 1402.96
210, 18902.71
211, 13144.09
212, 8407.08
213, 3131.87
214, 12479.88
215, 8687.99
216, 2470.58
217, 6214.18
218, 16376.75
219, 6411.40
220, 4088.17
221, 4596.67
222, 17522.64
223, 12213.65
224, 3909.14
225, 1389.95
226, 15120.98
227, 14439.13
228, 9064.44
229, 5156.12
230, 18563.60
231, 10036.77
232, 13336.85
233, 10301.73
234, 14196.69
235, 20009.21
236, 3104.90
237, 2892.55
238, 16406.31
239, 15711.38
240, 3191.70
241, 20205.44
242, 2662.68
243, 9265.64
244, 6532.32
245, 19128.29
246, 14441.85
247, 2398.94
248, 7784.53
249, 13051.33
250, 12560.30
251, 18404.63
252, 7794.64
253, 17620.07
254, 7634.31
255, 9176.47
256, 15565.55
257, 12269.65
258, 7638.83
259, 13019.70
260, 6210.60
261, 6982.75
262, 8209.29
263, 5953.67
264, 6507.15
265, 17292.64
266, 8779.83
267, 14854.62
268, 8695.69
269, 5631.96
270, 4216.31
271, 15423.40
272, 7906.06
273, 8345.22
274, 5164.35
275, 10344.52
276, 5225.86
277, 6877.04
278, 1139.87
279, 8964.91
280, 4959.44
281, 14113.23
282, 8342.64
283, 13248.02
284, 15682.92
285, 10461.76
286, 7092.82
287, 1431.59
288, 14508.66
289, 9435.83
290, 5615.51
291, 9495.47
292, 8025.27
293, 7191.16
294, 4644.32
295, 17372.91
296, 14107.89
297, 13164.42
298, 7752.72
299, 6908.82
300, 11952.75
301, 8967.26
302, 9900.50
303, 22011.53
304, 14910.51
305, 11243.29
306, 12765.60
307, 7482.37
308, 11253.19
309, 12564.07
310, 5514.62
311, 12605.35
312, 12053.70
313, 1769.76
314, 9019.33
315, 10272.07
316, 12866.99
317, 5387.90
318, 18345.47
319, 4137.17
320, 6696.09
321, 13369.64
322, 10212.10
323, 9922.04
324, 10716.82
325, 6588.75
326, 3772.10
327, 10871.58
328, 5028.17
329, 16303.35
330, 17655.47
331, 909.58
332, 11126.89
333, 17769.91
334, 1161.52
335, 15185.30
336, 17498.08
337, 18407.07
338, 16197.52
339, 19599.27
340, 9378.17
341, 21289.12
342, 8220.21
343, 16313.94
344, 15763.71
345, 7292.07
346, 7492.38
347, 8972.89
348, 20588.56
349, 17339.77
350, 4263.96
351, 3148.34
352, 22828.84
353, 13409.02
354, 22462.84
355, 10319.54
356, 6158.96
357, 3983.33
358, 12104.65
359, 20818.76
360, 12961.54
361, 7152.65
362, 3808.98
363, 14373.48
364, 18705.64
365, 28431.47
366, 24162.92
367, 3614.09
368, 20732.92
369, 438.92
370, 5159.06
371, 13281.16
372, 5318.19
373, 3372.02
374, 20012.10
375, 23865.85
376, 6421.27
377, 14029.19
378, 1885.98
379, 2278.87
380, 12451.22
381, 17993.69
382, 5099.67
383, 14883.83
384, 1289.61
385, 20450.19
386, 10027.92
387, 7067.30
388, 8751.33
389, 15925.09
390, 19347.60
391, 8638.36
392, 23178.10
393, 4032.49
394, 23089.87
395, 27076.97
396, 12398.94
397, 4965.12
398, 7048.79
399, 7021.89
400, 10339.49
401, 12662.93
402, 4889.11
403, 18607.78
404, 4674.77
405, 19336.75
406, 6143.71
407, 19778.90
408, 2429.94
409, 14010.99
410, 7039.22
411, 14330.58
412, 6512.61
413, 8870.82
414, 11794.89
415, 10376.74
416, 20843.32
417, 18429.03
418, 5061.08
419, 14379.92
420, 9126.38
421, 15596.11
422, 23275.12
423, 21979.46
424, 3048.71
425, 9428.81
426, 13962.42
427, 13276.75
428, 10605.51
429, 2145.60
430, 8933.56
431, 5692.95
432, 9816.20
433, 11717.73
434, 4575.93
435, 13562.41
436, 16810.65
437, 10760.17
438, 10608.23
439, 19364.28
440, 15841.45
441, 15881.99
442, 10147.90
443, 14182.73
444, 8875.28
445, 6720.20
446, 16331.48
447, 12146.67
448, 20654.22
449, 13094.41
450, 8970.44
451, 17612.16
452, 14486.63
453, 18776.59
454, 5843.16
455, 3600.79
456, 10623.13
457, 1826.09
458, 9340.57
459, 13947.95
460, 15341.35
461, 7543.40
462, 9411.77
463, 14192.94
464, 13946.75
465, 14104.62
466, 12527.57
467, 6279.06
468, 9324.97
469, 7555.63
470, 6844.72
471, 13219.03
472, 24514.65
473, 14058.49
474, 13933.93
475, 13571.20
476, 20796.83
477, 18631.34
478, 16829.75
479, 18716.49
480, 4254.39
481, 5483.69
482, 5657.61
483, 3341.94
484, 9145.78
485, 19401.20
486, 8871.62
487, 24519.41
488, 23262.06
489, 3726.76
490, 21547.77
491, 8226.91
492, 18390.30
493, 20133.54
494, 11909.80
495, 5045.05
496, 14371.54
497, 22558.75
498, 12609.03
499, 19739.21
500, 13464.24
501, 19419.58
502, 17934.02
503, 2259.21
504, 18158.05
505, 12401.26
506, 11586.89
507, 14930.49
508, 18447.07
509, 17347.46
510, 10088.26
511, 20061.15
512, 28941.37
513, 6709.10
514, 17182.95
515, 11642.56
516, 19990.63
517, 19232.50
518, 5621.69
519, 42988.89
520, 17909.30
521, 18716.60
522, 36039.13
523, 22548.74
524, 21357.83
525, 21746.48
526, 12010.84
527, 4001.71
528, 12302.18
529, 7986.39
530, 23035.19
531, 13564.83
532, 14528.86
533, 9889.39
534, 9796.37
535, 12560.58
536, 21074.45
537, 8171.14
538, 24510.86
539, 9424.14
540, 21176.05
541, 20427.01
542, 16767.69
543, 6320.77
544, 15937.19
545, 28473.39
546, 3888.84
547, 2858.81
548, 10134.47
549, 6195.13
550, 17483.46
551, 13643.37
552, 11082.70
553, 16197.64
554, 21969.64
555, 3827.11
556, 5929.80
557, 21004.22
558, 7909.89
559, 32420.46
560, 13500.44
561, 14356.92
562, 14895.22
563, 14708.18
564, 6657.15
565, 18166.92
566, 15598.91
567, 9013.46
568, 23025.53
569, 7425.72
570, 19322.11
571, 24113.18
572, 24746.84
573, 10012.95
574, 9753.09
575, 6987.17
576, 22154.91
577, 19703.61
578, 18485.61
579, 21123.24
580, 29260.96
581, 22205.75
582, 18487.60
583, 23025.13
584, 48895.80
585, 26349.48
586, 30349.68
587, 18210.29
588, 21570.35
589, 6320.91
590, 9083.58
591, 11170.12
592, 16711.14
593, 14467.36
594, 31751.50
595, 6309.17
596, 18621.09
597, 16440.89
598, 19212.71
599, 18311.50
600, 12100.95
601, 9944.85
602, 8000.54
603, 26899.00
604, 6852.51
605, 22293.18
606, 45853.65
607, 14823.11
608, 15217.02
609, 17337.39
610, 3078.13
611, 17201.75
612, 24348.95
613, 26783.42
614, 14349.88
615, 25415.91
616, 9871.74
617, 18063.28
618, 22165.89
619, 22587.54
620, 8572.79
621, 6303.55
622, 24413.72
623, 5836.09
624, 19630.60
625, 45649.72
626, 5991.02
627, 1086.01
628, 15919.84
629, 17324.21
630, 22208.65
631, 29114.80
632, 33222.41
633, 27120.17
634, 12513.87
635, 16306.24
636, 29015.47
637, 16114.97
638, 16090.19
639, 20040.55
640, 18098.11
641, 18085.63
642, 3150.35
643, 39129.83
644, 29464.22
645, 18147.28
646, 27278.84
647, 17953.95
648, 17385.63
649, 20496.45
650, 11932.38
651, 3899.88
652, 36403.26
653, 13950.22
654, 12228.40
655, 24841.89
656, 10148.94
657, 33616.02
658, 14168.08
659, 14079.53
660, 14095.41
661, 7802.90
662, 9103.45
663, 2904.93
664, 20672.26
665, 27116.52
666, 12761.73
667, 23510.37
668, 25188.97
669, 10564.14
670, 13094.05
671, 22993.62
672, 15295.68
673, 6248.45
674, 7950.28
675, 32594.55
676, 34703.53
677, 15463.21
678, 24540.51
679, 16957.38
680, 6693.12
681, 29350.84
682, 37797.06
683, 17803.21
684, 25883.09
685, 23417.84
686, 22568.57
687, 13293.46
688, 22769.91
689, 26102.27
690, 21182.73
691, 19357.97
692, 6532.27
693, 7171.41
694, 14915.31
695, 16179.79
696, 24653.69
697, 20894.72
698, 9366.04
699, 16438.13
700, 2392.70
701, 27698.07
702, 11609.06
703, 24587.00
704, 30667.05
705, 28733.08
706, 5768.45
707, 14027.40
708, 32854.70
709, 23259.55
710, 18524.71
711, 26438.86
712, 18318.60
713, 31864.47
714, 11518.74
715, 6033.75
716, 15021.91
717, 13060.89
718, 12836.26
719, 29360.85
720, 34225.24
721, 7755.51
722, 5984.69
723, 5376.49
724, 16837.18
725, 25846.01
726, 18674.39
727, 18270.52
728, 6061.28
729, 16505.27
730, 31275.49
731, 17921.70
732, 9600.40
733, 27410.23
734, 38170.13
735, 18023.82
736, 13382.76
737, 14222.24
738, 2555.64
739, 25831.60
740, 37297.71
741, 15578.91
742, 22444.80
743, 21398.52
744, 21554.78
745, 23104.07
746, 20452.09
747, 15234.78
748, 21674.20
749, 22281.93
750, 14335.20
751, 11322.90
752, 2655.23
753, 43937.47
754, 13611.25
755, 23412.50
756, 14242.30
757, 18610.22
758, 11560.93
759, 16059.20
760, 8190.07
761, 4427.98
762, 15165.85
763, 15243.56
764, 2865.91
765, 6133.99
766, 16601.76
767, 15124.84
768, 17740.99
769, 13634.64
770, 26430.15
771, 16157.76
772, 28162.65
773, 12599.94
774, 17351.88
775, 8921.52
776, 15916.23
777, 5406.82
778, 31586.42
779, 20783.33
780, 3488.76
781, 18240.06
782, 11853.89
783, 10450.84
784, 14289.38
785, 21880.68
786, 15310.29
787, 7386.36
788, 24227.97
789, 13847.89
790, 25648.78
791, 27185.34
792, 27842.09
793, 19216.59
794, 11341.94
795, 8498.62
796, 11177.44
797, 24458.10
798, 9472.26
799, 19408.27
800, 15996.78
801, 19740.96
802, 34477.25
803, 6600.12
804, 25065.69
805, 18893.33
806, 7000.04
807, 18538.52
808, 13397.54
809, 6152.62
810, 9632.81
811, 16972.35
812, 19846.25
813, 13214.24
814, 21099.38
815, 4740.89
816, 9502.46
817, 20483.44
818, 12589.06
819, 62641.17
820, 35437.74
821, 24853.52
822, 14057.42
823, 23298.16
824, 11270.19
825, 7483.25
826, 24790.23
827, 38148.81
828, 10317.82
829, 7086.95
830, 21331.55
831, 4829.53
832, 14132.08
833, 14008.58
834, 34403.64
835, 9046.85
836, 9920.96
837, 11948.56
838, 27364.77
839, 25743.97
840, 16795.06
841, 23817.33
842, 17931.43
843, 29720.41
844, 14330.12
845, 24314.80
846, 21500.88
847, 14637.90
848, 17164.97
849, 39619.43
850, 17659.36
851, 22358.79
852, 3793.93
853, 15090.74
854, 15259.43
855, 10247.77
856, 43688.73
857, 26778.01
858, 13470.02
859, 26183.31
860, 29120.67
861, 7945.21
862, 39644.89
863, 10890.14
864, 20384.87
865, 15100.52
866, 19970.10
867, 9578.84
868, 16829.31
869, 30267.28
870, 34410.95
871, 25627.96
872, 10156.47
873, 30324.87
874, 37208.16
875, 14397.07
876, 33204.10
877, 11869.91
878, 39049.07
879, 22486.16
880, 4799.25
881, 29610.49
882, 11225.94
883, 18114.37
884, 16284.45
885, 20039.51
886, 31939.75
887, 10285.51
888, 6198.84
889, 45733.92
890, 26042.98
891, 1095.54
892, 4658.76
893, 26791.60
894, 22902.05
895, 19733.89
896, 5364.86
897, 19792.31
898, 3714.49
899, 16593.95
900, 18825.62
901, 18919.89
902, 18438.61
903, 47920.62
904, 7160.24
905, 31106.45
906, 2844.53
907, 5781.03
908, 28975.53
909, 20569.53
910, 31203.22
911, 9447.79
912, 28821.00
913, 37604.43
914, 13112.01
915, 19058.27
916, 5895.85
917, 42697.24
918, 22330.17
919, 18566.86
920, 11688.59
921, 40267.44
922, 39855.23
923, 30928.47
924, 25922.40
925, 26347.79
926, 21853.54
927, 24243.08
928, 7155.17
929, 35462.97
930, 41683.76
931, 3471.22
932, 19267.71
933, 59798.85
934, 15957.59
935, 28368.55
936, 15878.45
937, 45567.08
938, 30289.13
939, 38545.24
940, 24899.55
941, 1786.75
942, 11790.29
943, 28269.89
944, 4518.27
945, 26555.79
946, 12542.51
947, 36509.63
948, 40883.96
949, 20005.59
950, 43810.85
951, 8475.77
952, 56860.77
953, 26744.43
954, 14956.99
955, 52817.18
956, 24908.39
957, 40855.65
958, 27241.20
959, 36172.59
960, 19905.16
961, 39181.63
962, 26963.38
963, 37515.97
964, 23687.69
965, 22071.74
966, 20633.38
967, 15745.77
968, 37338.81
969, 34479.69
970, 16170.95
971, 27538.51
972, 30678.84
973, 45657.56
974, 64573.04
975, 8799.36
976, 23385.98
977, 6382.50
978, 39183.73
979, 36397.67
980, 13491.49
981, 41147.22
982, 24665.41
983, 28345.15
984, 20296.58
985, 13021.85
986, 29231.29
987, 16415.19
988, 11750.94
989, 15082.76
990, 70305.48
991, 25600.84
992, 36872.23
993, 14075.99
994, 17146.07
995, 56006.55
996, 22307.45
997, 60964.74
998, 39510.59
999, 15004.38
1000, 28035.63
1001, 14695.53
1002, 17872.88
1003, 53533.79
1004, 64356.71
1005, 22960.40
1006, 2693.58
1007, 38881.19
1008, 26855.18
1009, 48461.43
1010, 12397.31
1011, 31364.84
1012, 53166.91
1013, 54334.63
1014, 9647.48
1015, 21512.67
1016, 28708.86
1017, 16400.23
1018, 23253.26
1019, 14061.11
1020, 29234.12
1021, 37278.02
1022, 58172.26
1023, 14650.02
1024, 57693.61
1025, 18096.40
1026, 22419.35
1027, 36738.82
1028, 15030.31
1029, 15970.74
1030, 41731.15
1031, 41377.72
1032, 20531.43
1033, 43945.05
1034, 53108.66
1035, 47540.77
1036, 68551.24
1037, 15148.28
1038, 30989.65
1039, 19861.91
1040, 25715.43
1041, 28093.64
1042, 15287.84
1043, 40474.18
1044, 16643.99
1045, 32155.50
1046, 44698.54
1047, 37303.20
1048, 54318.50
1049, 36948.36
1050, 40821.95
1051, 16558.03
1052, 11770.19
1053, 35109.19
1054, 65870.43
1055, 18317.03
1056, 54123.05
1057, 43718.28
1058, 17000.70
1059, 56611.98
1060, 7413.69
1061, 40607.61
1062, 3050.43
1063, 33137.05
1064, 51584.06
1065, 37299.86
1066, 17226.24
1067, 27271.94
1068, 55179.48
1069, 57513.33
1070, 24250.73
1071, 11672.02
1072, 26134.04
1073, 20205.71
1074, 26657.34
1075, 34989.41
1076, 18813.83
1077, 65033.68
1078, 17334.12
1079, 32335.02
1080, 41212.30
1081, 46028.79
1082, 16853.04
1083, 46092.36
1084, 22029.35
1085, 20567.50
1086, 54502.61
1087, 44461.59
1088, 6608.47
1089, 64258.30
1090, 23201.10
1091, 72014.50
1092, 7019.60
1093, 30455.48
1094, 50799.86
1095, 81374.23
1096, 50564.21
1097, 24276.69
1098, 16941.50
1099, 3999.30
1100, 14366.96
1101, 23594.69
1102, 42016.45
1103, 33482.96
1104, 42101.15
1105, 43385.46
1106, 23639.52
1107, 26532.64
1108, 16508.24
1109, 25366.78
1110, 30237.03
1111, 14876.75
1112, 27867.63
1113, 39810.06
1114, 49895.60
1115, 42765.95
1116, 20257.12
1117, 28099.13
1118, 50624.12
1119, 24537.55
1120, 61558.32
1121, 22166.13
1122, 16850.53
1123, 29215.66
1124, 17703.77
1125, 47688.76
1126, 6293.03
1127, 25074.27
1128, 64679.36
1129, 28078.00
1130, 59011.52
1131, 6012.62
1132, 32605.49
1133, 28218.41
1134, 12924.10
1135, 35935.28
1136, 12109.77
1137, 55391.11
1138, 21391.01
1139, 99079.43
1140, 18435.22
1141, 30503.74
1142, 12750.60
1143, 24284.08
1144, 29019.86
1145, 31465.40
1146, 47015.71
1147, 17845.98
1148, 64167.45
1149, 29480.98
1150, 7220.79
1151, 50489.96
1152, 33072.14
1153, 15601.31
1154, 10047.70
1155, 15822.10
1156, 34994.18
1157, 9255.46
1158, 33336.45
1159, 37019.60
1160, 69516.17
1161, 29643.25
1162, 31684.05
1163, 63897.52
1164, 80448.70
1165, 33856.26
1166, 40235.32
1167, 42299.24
1168, 48091.43
1169, 29413.14
1170, 42959.84
1171, 52581.93
1172, 38779.07
1173, 42226.19
1174, 16962.62
1175, 50198.59
1176, 18804.67
1177, 11559.71
1178, 12031.36
1179, 46632.80
1180, 26027.96
1181, 13437.05
1182, 29446.50
1183, 18638.30
1184, 9410.82
1185, 33192.28
1186, 2802.03
1187, 41407.90
1188, 54676.88
1189, 48903.60
1190, 15402.41
1191, 73250.74
1192, 25071.91
1193, 35119.11
1194, 35950.66
1195, 69673.34
1196, 59721.45
1197, 32792.79
1198, 58165.30
1199, 62884.71
1200, 34878.29
1201, 19781.35
1202, 37413.27
1203, 45431.16
1204, 55262.47
1205, 42203.30
1206, 47927.18
1207, 34915.68
1208, 49354.84
1209, 15963.69
1210, 31282.75
1211, 18056.39
1212, 19220.57
1213, 35523.86
1214, 27272.82
1215, 64366.48
1216, 36433.54
1217, 36886.08
1218, 14921.19
1219, 38673.13
1220, 9086.04
1221, 34936.44
1222, 51041.48
1223, 10170.29
1224, 43743.32
1225, 14154.78
1226, 42413.44
1227, 17225.71
1228, 54626.51
1229, 21532.76
1230, 28636.28
1231, 41524.59
1232, 46147.75
1233, 6244.75
1234, 26828.71
1235, 39196.14
1236, 18727.41
1237, 33020.43
1238, 33371.14
1239, 34035.48
1240, 24393.72
1241, 25155.63
1242, 37663.14
1243, 20349.57
1244, 42586.18
1245, 45116.77
1246, 67597.70
1247, 6820.09
1248, 40402.73
1249, 10997.74
1250, 63642.34
1251, 39033.03
1252, 6819.30
1253, 20325.01
1254, 28991.38
1255, 59177.71
1256, 12742.13
1257, 47897.25
1258, 61230.20
1259, 12723.55
1260, 66116.31
1261, 22486.68
1262, 36721.47
1263, 41887.02
1264, 55791.41
1265, 68365.06
1266, 13703.02
1267, 57380.57
1268, 54513.45
1269, 19698.21
1270, 14250.51
1271, 55875.12
1272, 32213.09
1273, 69444.48
1274, 20898.81
1275, 54521.38
1276, 52604.22
1277, 46012.81
1278, 21939.40
1279, 10340.67
1280, 79997.27
1281, 6512.47
1282, 21956.60
1283, 27791.34
1284, 46098.58
1285, 42616.42
1286, 48138.81
1287, 4924.77
1288, 11003.34
1289, 19466.53
1290, 35883.20
1291, 39592.88
1292, 27243.28
1293, 16655.42
1294, 50114.14
1295, 39695.28
1296, 49929.62
1297, 55142.45
1298, 60417.78
1299, 20541.40
1300, 34862.36
1301, 55401.05
1302, 55323.00
1303, 50869.22
1304, 35968.88
1305, 55148.16
1306, 26487.24
1307, 40177.56
1308, 27402.14
1309, 56207.26
1310, 22365.20
1311, 44823.21
1312, 21811.16
1313, 52670.79
1314, 25149.65
1315, 46366.86
1316, 15371.45
1317, 30622.27
1318, 64372.92
1319, 11738.43
1320, 87391.46
1321, 14211.86
1322, 12475.69
1323, 41637.22
1324, 27095.03
1325, 9901.27
1326, 73862.55
1327, 91218.25
1328, 21656.75
1329, 30629.82
1330, 13599.50
1331, 36589.09
1332, 9383.40
1333, 24597.99
1334, 18491.93
1335, 24914.16
1336, 10257.31
1337, 55783.04
1338, 39632.30
1339, 44421.71
1340, 33401.33
1341, 68102.02
1342, 61810.44
1343, 33032.84
1344, 36702.36
1345, 8606.41
1346, 15633.79
1347, 37045.36
1348, 23193.04
1349, 39450.40
1350, 42475.34
1351, 20673.39
1352, 25877.00
1353, 38680.05
1354, 42622.47
1355, 27471.74
1356, 37835.11
1357, 44305.55
1358, 46430.24
1359, 18664.15
1360, 32946.13
1361, 29912.80
1362, 22078.42
1363, 42489.37
1364, 70018.83
1365, 44052.19
1366, 31805.52
1367, 24525.16
1368, 47282.46
1369, 53989.25
1370, 26015.30
1371, 21067.47
1372, 14633.49
1373, 29786.45
1374, 27245.18
1375, 19500.75
1376, 50542.65
1377, 42010.07
1378, 37674.95
1379, 24282.35
1380, 20834.94
1381, 16965.50
1382, 25499.30
1383, 51520.07
1384, 5133.95
1385, 40327.94
1386, 21066.97
1387, 5007.17
1388, 45764.27
1389, 38942.00
1390, 27613.60
1391, 52338.45
1392, 70966.25
1393, 19207.34
1394, 31431.08
1395, 28074.14
1396, 11432.25
1397, 6440.61
1398, 7296.96
1399, 26699.90
1400, 29472.08
1401, 9353.92
1402, 25022.62
1403, 47398.37
1404, 41193.87
1405, 40072.64
1406, 16017.78
1407, 31553.72
1408, 44727.02
1409, 11917.76
1410, 41802.63
1411, 45999.39
1412, 37709.86
1413, 72514.30
1414, 1837.98
1415, 17778.51
1416, 41470.43
1417, 40190.50
1418, 9444.73
1419, 62269.32
1420, 52888.73
1421, 19114.96
1422, 27275.33
1423, 28506.96
1424, 25278.13
1425, 24968.35
1426, 20377.23
1427, 8170.33
1428, 53878.28
1429, 39692.79
1430, 25713.11
1431, 34582.87
1432, 38211.44
1433, 43098.00
1434, 35253.38
1435, 51734.79
1436, 47067.92
1437, 35080.18
1438, 65880.14
1439, 32621.63
1440, 45956.87
1441, 32275.72
1442, 39722.80
1443, 41941.15
1444, 16902.83
1445, 67698.61
1446, 32564.75
1447, 31483.10
1448, 65346.78
1449, 59190.08
1450, 38105.62
1451, 45892.16
1452, 28947.70
1453, 37107.44
1454, 17734.59
1455, 27529.65
1456, 40236.89
1457, 54585.88
1458, 9260.44
1459, 13276.14
1460, 31728.00
1461, 9828.89
1462, 54188.54
1463, 30304.98
1464, 43426.81
1465, 11721.91
1466, 54895.76
1467, 9877.21
1468, 8684.97
1469, 36171.68
1470, 22467.65
1471, 56559.48
1472, 19477.84
1473, 44369.87
1474, 37858.77
1475, 19762.05
1476, 13451.06
1477, 36736.47
1478, 11414.32
1479, 11188.31
1480, 8363.97
1481, 32066.45
1482, 5974.22
1483, 33143.11
1484, 15829.88
1485, 26990.53
1486, 24064.58
1487, 27151.40
1488, 10918.51
1489, 10484.89
1490, 35724.03
1491, 25785.48
1492, 6365.09
1493, 18412.58
1494, 38648.55
1495, 13057.82
1496, 48906.71
1497, 42478.59
1498, 41621.35
1499, 45570.83
1500, 34944.91
1501, 28085.35
1502, 21611.84
1503, 27796.66
1504, 26528.19
1505, 22474.57
1506, 14350.88
1507, 28799.64
1508, 53342.92
1509, 41074.42
1510, 23962.82
1511, 11385.05
1512, 56241.05
1513, 33345.87
1514, 15720.40
1515, 39628.72
1516, 41004.06
1517, 15628.01
1518, 36043.96
1519, 44219.96
1520, 23075.42
1521, 9063.54
1522, 28775.27
1523, 28935.38
1524, 32836.32
1525, 61160.79
1526, 35772.35
1527, 35140.72
1528, 32246.38
1529, 26405.47
1530, 39085.00
1531, 28426.62
1532, 51197.81
1533, 33994.16
1534, 33197.91
1535, 19947.42
1536, 45365.26
1537, 43331.18
1538, 48095.59
1539, 3387.78
1540, 29043.55
1541, 31380.51
1542, 20214.75
1543, 13095.61
1544, 63457.20
1545, 34742.36
1546, 33828.45
1547, 27653.71
1548, 40824.75
1549, 53450.99
1550, 52730.59
1551, 47358.98
1552, 31587.46
1553, 2237.76
1554, 21556.60
1555, 15147.23
1556, 11179.52
1557, 29875.63
1558, 18870.36
1559, 856.17
1560, 31972.05
1561, 15474.93
1562, 19246.51
1563, 38433.74
1564, 55742.90
1565, 37437.00
1566, 56817.71
1567, 42267.44
1568, 43031.70
1569, 24602.81
1570, 21548.99
1571, 15760.71
1572, 27347.88
1573, 30021.09
1574, 6589.17
1575, 37905.28
1576, 45525.00
1577, 31475.64
1578, 40908.13
1579, 24673.89
1580, 73914.36
1581, 17006.59
1582, 21886.72
1583, 19137.31
1584, 28928.45
1585, 2773.55
1586, 46941.46
1587, 31722.56
1588, 20850.04
1589, 43622.09
1590, 15059.12
1591, 50336.79
1592, 11237.38
1593, 6357.41
1594, 15050.37
1595, 39266.42
1596, 21789.99
1597, 21261.82
1598, 30177.12
1599, 16842.07
1600, 17217.37
1601, 15263.05
1602, 37406.10
1603, 13783.93
1604, 18312.79
1605, 18423.66
1606, 26346.83
1607, 43689.66
1608, 21987.29
1609, 6749.03
1610, 37587.82
1611, 62920.33
1612, 12288.08
1613, 29167.01
1614, 33402.76
1615, 14401.80
1616, 8562.57
1617, 9697.07
1618, 50435.25
1619, 32210.99
1620, 16313.33
1621, 16525.25
1622, 45940.71
1623, 12031.34
1624, 19489.60
1625, 28471.42
1626, 16269.85
1627, 35198.62
1628, 9835.01
1629, 22470.47
1630, 18215.44
1631, 33198.72
1632, 46321.61
1633, 24450.48
1634, 26938.13
1635, 36460.84
1636, 34135.50
1637, 5376.23
1638, 4175.55
1639, 28563.75
1640, 17530.34
1641, 32760.39
1642, 7652.69
1643, 3653.85
1644, 8396.71
1645, 27740.05
1646, 16357.85
1647, 29250.70
1648, 21158.31
1649, 48358.91
1650, 18957.70
1651, 24625.25
1652, 14496.80
1653, 60619.49
1654, 22088.79
1655, 17512.65
1656, 10627.05
1657, 39193.56
1658, 27192.90
1659, 58986.32
1660, 47661.51
1661, 12116.45
1662, 35117.06
1663, 20441.43
1664, 38100.97
1665, 22523.76
1666, 35350.12
1667, 22413.73
1668, 32321.61
1669, 8552.63
1670, 31884.00
1671, 15947.96
1672, 47714.70
1673, 15143.63
1674, 16620.50
1675, 32868.39
1676, 40910.88
1677, 12826.99
1678, 12772.85
1679, 51590.30
1680, 10000.25
1681, 30591.14
1682, 29956.88
1683, 31210.49
1684, 23027.76
1685, 17583.62
1686, 15925.25
1687, 18981.11
1688, 11654.79
1689, 14250.04
1690, 8144.35
1691, 28477.96
1692, 15794.01
1693, 49435.48
1694, 34758.15
1695, 20166.62
1696, 58395.21
1697, 26655.40
1698, 13347.48
1699, 34017.28
1700, 23472.47
1701, 27357.46
1702, 9653.11
1703, 40200.47
1704, 27310.75
1705, 56157.67
1706, 34675.51
1707, 25079.07
1708, 45297.30
1709, 38124.68
1710, 42423.90
1711, 10958.85
1712, 15482.83
1713, 30496.39
1714, 19015.56
1715, 28215.07
1716, 17943.62
1717, 15499.18
1718, 11068.23
1719, 36844.14
1720, 20733.35
1721, 27804.32
1722, 17066.31
1723, 21909.40
1724, 38619.45
1725, 35683.74
1726, 17063.82
1727, 27584.32
1728, 19224.98
1729, 19114.14
1730, 12329.30
1731, 35871.04
1732, 30653.56
1733, 6891.75
1734, 18301.75
1735, 11215.15
1736, 2837.52
1737, 28620.17
1738, 25093.49
1739, 35032.01
1740, 36250.79
1741, 22123.48
1742, 25092.03
1743, 24705.45
1744, 40454.86
1745, 9005.98
1746, 21544.33
1747, 23685.68
1748, 28951.33
1749, 26847.77
1750, 10010.99
1751, 33271.28
1752, 32105.30
1753, 38103.13
1754, 13601.32
1755, 12769.49
1756, 26898.09
1757, 40123.30
1758, 42157.54
1759, 18634.61
1760, 7072.98
1761, 19537.24
1762, 12095.35
1763, 26684.49
1764, 24038.69
1765, 19199.09
1766, 11104.90
1767, 12886.55
1768, 17557.34
1769, 8371.67
1770, 37687.20
1771, 3262.30
1772, 21088.60
1773, 25232.20
1774, 24077.70
1775, 10044.92
1776, 23365.21
1777, 18028.78
1778, 24361.57
1779, 13902.39
1780, 8603.86
1781, 8383.22
1782, 7562.71
1783, 20254.83
1784, 13307.71
1785, 36197.45
1786, 23851.84
1787, 20362.80
1788, 24576.32
1789, 17826.54
1790, 35385.25
1791, 30166.01
1792, 16788.40
1793, 14446.00
1794, 7866.86
1795, 7264.11
1796, 9800.27
1797, 29175.04
1798, 14732.31
1799, 35336.63
1800, 14274.25
1801, 20291.87
1802, 23616.14
1803, 17413.04
1804, 5407.84
1805, 25134.80
1806, 37479.65
1807, 16057.86
1808, 18735.35
1809, 26699.00
1810, 28777.57
1811, 28760.95
1812, 7944.42
1813, 41350.07
1814, 4471.03
1815, 22686.46
1816, 31551.32
1817, 14757.35
1818, 40156.71
1819, 37657.01
1820, 18357.54
1821, 30477.76
1822, 1619.73
1823, 31579.61
1824, 36366.59
1825, 15136.63
1826, 2745.83
1827, 33971.78
1828, 23692.34
1829, 34487.68
1830, 3822.25
1831, 3405.07
1832, 24588.35
1833, 12773.47
1834, 30431.59
1835, 32048.75
1836, 25052.05
1837, 8229.84
1838, 20415.53
1839, 6103.20
1840, 5899.14
1841, 6668.61
1842, 11148.36
1843, 27857.28
1844, 17009.63
1845, 25171.02
1846, 27539.60
1847, 18302.13
1848, 10328.00
1849, 25369.22
1850, 18570.31
1851, 14595.93
1852, 24067.11
1853, 14395.65
1854, 24632.56
1855, 28117.42
1856, 5703.85
1857, 8647.72
1858, 40657.87
1859, 50669.67
1860, 48364.49
1861, 30889.78
1862, 12505.37
1863, 15036.65
1864, 11305.96
1865, 13596.77
1866, 12323.71
1867, 25784.46
1868, 24369.63
1869, 6989.52
1870, 21947.25
1871, 21264.32
1872, 30824.24
1873, 7596.28
1874, 11453.10
1875, 32812.95
1876, 7278.08
1877, 38912.41
1878, 10979.34
1879, 15811.36
1880, 20367.86
1881, 10888.63
1882, 11473.09
1883, 14133.97
1884, 14510.70
1885, 23232.70
1886, 32718.52
1887, 7246.86
1888, 13785.78
1889, 25664.14
1890, 9567.24
1891, 49276.62
1892, 5624.80
1893, 22633.93
1894, 34837.87
1895, 10176.96
1896, 32470.74
1897, 11178.79
1898, 16280.95
1899, 32749.28
1900, 24648.60
1901, 10349.53
1902, 30347.98
1903, 15121.02
1904, 12062.79
1905, 24283.26
1906, 19868.09
1907, 36865.11
1908, 6189.17
1909, 17961.77
1910, 22163.00
1911, 36170.73
1912, 7339.22
1913, 2445.25
1914, 11015.79
1915, 22578.51
1916, 9883.77
1917, 27654.48
1918, 20603.95
1919, 23064.60
1920, 4570.71
1921, 13286.36
1922, 14653.84
1923, 8897.94
1924, 25191.90
1925, 13816.90
1926, 14470.65
1927, 12702.96
1928, 33057.74
1929, 13255.30
1930, 12703.55
1931, 21541.17
1932, 6834.10
1933, 28212.98
1934, 14312.08
1935, 15186.14
1936, 11978.42
1937, 15893.51
1938, 26557.76
1939, 15321.41
1940, 3701.51
1941, 12804.95
1942, 6227.32
1943, 34128.04
1944, 35475.23
1945, 11680.12
1946, 9317.80
1947, 26954.89
1948, 31600.18
1949, 28680.21
1950, 45089.38
1951, 11412.85
1952, 4783.43
1953, 13357.88
1954, 24919.60
1955, 20489.26
1956, 25202.75
1957, 24212.22
1958, 43932.30
1959, 21316.87
1960, 15890.96
1961, 15260.45
1962, 30735.43
1963, 38667.44
1964, 13023.97
1965, 52143.73
1966, 29005.90
1967, 20796.83
1968, 14590.38
1969, 8538.32
1970, 15381.43
1971, 29452.98
1972, 9487.42
1973, 8395.44
1974, 9107.78
1975, 26792.75
1976, 19227.17
1977, 6807.29
1978, 12584.62
1979, 11887.92
1980, 32479.87
1981, 14870.83
1982, 12080.29
1983, 36074.85
1984, 8333.11
1985, 7070.15
1986, 15149.93
1987, 20275.31
1988, 5116.06
1989, 21675.25
1990, 46350.23
1991, 21057.12
1992, 19436.44
1993, 28836.92
1994, 26240.07
1995, 13352.23
1996, 8253.91
1997, 42913.81
1998, 42978.84
1999, 20391.71
2000, 24534.13
2001, 25368.93
2002, 27188.50
2003, 32631.75
2004, 13347.04
2005, 6914.33
2006, 24342.33
2007, 22611.29
2008, 12605.40
2009, 5917.11
2010, 23869.74
2011, 14819.92
2012, 21458.87
2013, 24098.82
2014, 5651.49
2015, 34498.65
2016, 10453.85
2017, 11000.18
2018, 15364.61
2019, 13870.85
2020, 7656.95
2021, 15525.31
2022, 29178.62
2023, 17000.38
2024, 10152.15
2025, 22569.87
2026, 26024.52
2027, 21825.53
2028, 11549.40
2029, 15909.22
2030, 21310.93
2031, 13999.93
2032, 27021.59
2033, 11940.67
2034, 19447.44
2035, 38049.31
2036, 13736.75
2037, 23037.95
2038, 26677.98
2039, 16613.33
2040, 15539.82
2041, 23968.50
2042, 11831.52
2043, 13564.07
2044, 32803.96
2045, 6056.15
2046, 8842.72
2047, 27954.49
=== END ===


=== BATCH 6 ===
0, 2087593.38
1, 9178.14
2, 8727.65
3, 4898.70
4, 16395.27
5, 4630.67
6, 12675.34
7, 13532.96
8, 5556.30
9, 19141.79
10, 17844.63
11, 5265.13
12, 6459.19
13, 4758.23
14, 19927.97
15, 27567.39
16, 11481.90
17, 18310.29
18, 8872.21
19, 4865.25
20, 12167.62
21, 9478.64
22, 15899.08
23, 19242.86
24, 27976.74
25, 11947.58
26, 4858.24
27, 9091.16
28, 15632.42
29, 10891.98
30, 1733.94
31, 14500.29
32, 18443.20
33, 15009.43
34, 12485.37
35, 10781.90
36, 28455.86
37, 734.51
38, 18438.96
39, 7592.25
40, 8746.80
41, 15207.63
42, 13162.40
43, 9877.31
44, 9630.68
45, 10598.45
46, 14258.71
47, 11355.18
48, 17969.82
49, 17633.09
50, 24020.42
51, 23812.25
52, 18309.38
53, 25191.98
54, 15816.56
55, 7362.50
56, 9374.56
57, 9863.31
58, 21756.44
59, 9945.28
60, 7494.16
61, 21409.39
62, 11081.46
63, 21074.97
64, 5023.52
65, 9367.34
66, 4700.87
67, 7268.61
68, 17089.96
69, 7912.75
70, 14125.79
71, 3432.43
72, 13023.05
73, 24027.97
74, 8379.11
75, 15352.88
76, 12611.73
77, 18149.06
78, 16079.30
79, 25812.71
80, 5263.86
81, 4654.50
82, 14033.33
83, 5933.33
84, 13445.00
85, 22656.06
86, 10192.83
87, 19380.23
88, 15894.71
89, 8323.87
90, 12719.49
91, 11469.09
92, 13202.14
93, 10308.06
94, 12556.15
95, 13080.87
96, 5779.80
97, 2625.00
98, 8109.62
99, 15289.43
100, 28611.92
101, 17129.69
102, 8820.30
103, 2015.28
104, 10309.74
105, 20848.78
106, 1729.62
107, 8187.08
108, 11919.19
109, 30948.15
110, 5136.44
111, 16413.47
112, 19401.74
113, 16496.77
114, 3288.19
115, 8891.03
116, 12572.78
117, 11090.76
118, 7822.27
119, 11502.90
120, 14822.61
121, 12700.06
122, 8504.42
123, 8418.74
124, 6370.28
125, 12831.92
126, 15221.90
127, 22781.74
128, 6197.86
129, 7836.62
130, 14110.58
131, 14273.38
132, 7035.79
133, 9812.81
134, 10983.06
135, 2523.65
136, 6446.82
137, 3723.85
138, 11463.58
139, 12911.88
140, 8493.21
141, 14275.31
142, 5722.60
143, 19520.77
144, 18622.10
145, 6585.64
146, 13576.23
147, 14555.60
148, 9388.88
149, 9773.92
150, 7856.53
151, 7821.00
152, 9946.35
153, 8145.28
154, 7523.40
155, 23333.95
156, 14666.33
157, 13019.81
158, 5646.29
159, 26383.19
160, 5509.68
161, 14588.71
162, 11012.62
163, 9742.62
164, 10416.95
165, 12983.13
166, 15828.57
167, 14355.56
168, 8756.44
169, 1747.54
170, 14635.24
171, 4479.62
172, 15361.44
173, 7517.69
174, 12315.55
175, 7357.38
176, 7898.57
177, 7153.97
178, 6974.66
179, 3584.12
180, 13614.87
181, 11504.88
182, 15090.42
183, 17830.05
184, 2935.17
185, 15121.70
186, 15689.86
187, 5457.57
188, 8741.48
189, 5972.67
190, 19068.37
191, 13627.98
192, 11190.50
193, 17295.72
194, 16999.73
195, 5346.94
196, 1510.98
197, 9396.41
198, 10640.46
199, 15018.07
200, 6246.78
201, 3585.64
202, 22650.29
203, 10441.14
204, 10619.85
205, 6778.67
206, 21569.14
207, 11567.35
208, 10534.33
209, 11706.89
210, 16737.21
211, 15467.47
212, 25165.22
213, 10347.74
214, 12826.80
215, 6200.85
216, 10508.44
217, 7333.94
218, 24222.72
219, 9124.02
220, 13521.50
221, 7368.85
222, 8283.44
223, 21186.73
224, 15331.72
225, 5936.51
226, 9993.66
227, 5423.32
228, 12115.00
229, 4516.22
230, 11988.92
231, 5326.09
232, 6436.72
233, 8569.51
234, 3703.03
235, 3878.74
236, 7688.26
237, 3815.24
238, 8315.46
239, 16105.22
240, 10576.06
241, 14070.91
242, 348.83
243, 1934.10
244, 9622.71
245, 1941.40
246, 14400.15
247, 9459.70
248, 13988.75
249, 11887.86
250, 11359.20
251, 9188.11
252, 3665.26
253, 10667.82
254, 9192.21
255, 16716.03
256, 17227.02
257, 6876.36
258, 7937.23
259, 6253.01
260, 9995.93
261, 2970.55
262, 3021.95
263, 13277.85
264, 4670.31
265, 15567.55
266, 11296.34
267, 10449.52
268, 5460.54
269, 6168.15
270, 7145.87
271, 20299.10
272, 6408.06
273, 12838.51
274, 10494.97
275, 11553.63
276, 16118.73
277, 18285.35
278, 3572.57
279, 10914.54
280, 6108.52
281, 2887.38
282, 9027.90
283, 13942.00
284, 18029.89
285, 6795.45
286, 18070.28
287, 8254.92
288, 2858.46
289, 7735.77
290, 14874.80
291, 12435.10
292, 7056.14
293, 595.71
294, 5899.15
295, 10491.28
296, 8940.13
297, 20090.58
298, 1454.42
299, 3245.58
300, 7580.70
301, 8728.49
302, 2780.27
303, 17470.98
304, 16962.19
305, 15212.29
306, 10103.10
307, 7760.00
308, 25225.14
309, 8619.72
310, 9235.72
311, 8741.27
312, 13002.85
313, 15122.72
314, 3293.47
315, 8304.60
316, 21423.57
317, 16972.74
318, 9620.00
319, 3268.36
320, 14463.31
321, 1541.62
322, 14339.36
323, 10067.16
324, 9162.01
325, 11689.82
326, 9222.31
327, 14430.11
328, 14972.98
329, 2499.77
330, 21258.71
331, 7752.74
332, 11938.39
333, 4556.34
334, 12204.13
335, 7728.19
336, 10033.68
337, 6245.25
338, 16216.83
339, 5388.16
340, 25568.69
341, 18091.53
342, 11217.99
343, 17715.19
344, 21229.81
345, 11654.87
346, 4085.20
347, 3263.45
348, 11055.63
349, 13127.21
350, 15327.99
351, 9157.50
352, 2411.78
353, 15457.74
354, 7303.71
355, 11438.44
356, 10400.27
357, 2409.87
358, 17667.00
359, 7902.07
360, 18728.64
361, 7318.84
362, 13306.14
363, 10778.14
364, 8417.56
365, 11664.34
366, 6014.06
367, 13734.19
368, 31365.64
369, 5001.72
370, 13063.79
371, 16421.05
372, 2891.43
373, 19357.27
374, 30599.61
375, 14251.76
376, 5751.84
377, 9862.47
378, 6532.94
379, 9208.58
380, 23163.91
381, 5762.38
382, 7653.45
383, 8681.54
384, 14073.36
385, 13002.02
386, 9700.96
387, 10561.09
388, 18428.12
389, 9008.18
390, 10014.26
391, 13865.71
392, 19469.68
393, 18998.53
394, 16388.51
395, 5416.45
396, 4484.85
397, 5621.31
398, 7666.41
399, 3112.46
400, 15348.82
401, 21368.68
402, 29699.48
403, 11876.30
404, 9781.37
405, 12894.40
406, 9534.59
407, 8740.24
408, 14109.44
409, 20180.12
410, 8882.93
411, 8992.45
412, 12047.98
413, 3593.63
414, 11343.52
415, 17706.73
416, 7857.83
417, 23224.01
418, 14397.52
419, 6543.10
420, 6988.72
421, 28372.33
422, 2026.29
423, 10409.03
424, 3688.36
425, 13174.41
426, 12701.92
427, 5648.68
428, 13791.29
429, 12207.44
430, 14925.33
431, 10722.87
432, 24669.33
433, 19147.74
434, 14890.04
435, 16498.09
436, 7430.08
437, 24357.70
438, 9141.58
439, 9732.28
440, 7961.68
441, 11357.48
442, 2244.49
443, 11012.04
444, 13283.70
445, 14546.79
446, 11910.19
447, 18516.59
448, 8972.12
449, 20784.47
450, 11966.64
451, 6971.85
452, 3688.85
453, 13537.18
454, 8634.04
455, 5687.10
456, 22680.14
457, 26737.05
458, 4835.76
459, 21030.73
460, 20388.54
461, 10247.14
462, 3761.80
463, 19334.62
464, 11628.12
465, 9617.83
466, 4713.66
467, 10782.14
468, 3529.72
469, 23551.55
470, 6420.48
471, 9883.46
472, 6921.63
473, 1281.16
474, 33636.34
475, 10594.40
476, 9595.22
477, 17428.51
478, 9724.10
479, 9503.14
480, 9169.26
481, 8471.81
482, 3592.62
483, 17877.63
484, 20206.96
485, 7948.42
486, 10559.29
487, 2083.78
488, 21851.27
489, 1137.91
490, 14202.78
491, 8089.30
492, 12682.04
493, 1539.70
494, 22260.12
495, 14524.30
496, 16473.10
497, 10486.12
498, 13391.62
499, 9192.41
500, 17229.00
501, 9626.74
502, 22127.72
503, 17025.02
504, 11739.87
505, 20628.96
506, 16449.36
507, 7296.03
508, 6187.11
509, 16573.46
510, 15584.73
511, 6565.29
512, 17221.88
513, 23176.54
514, 9833.19
515, 24696.95
516, 13664.18
517, 23614.90
518, 7035.92
519, 6719.25
520, 8634.71
521, 8450.97
522, 39469.26
523, 8663.34
524, 10395.99
525, 20167.02
526, 3289.37
527, 22465.52
528, 20508.75
529, 15366.12
530, 14640.12
531, 22118.93
532, 6891.88
533, 21969.18
534, 11267.13
535, 15687.75
536, 7437.72
537, 23016.14
538, 3702.74
539, 13658.69
540, 12990.30
541, 9146.86
542, 20616.90
543, 31478.21
544, 2181.37
545, 11922.84
546, 34838.68
547, 21961.09
548, 18484.15
549, 16135.75
550, 15471.92
551, 30892.46
552, 3212.34
553, 9612.25
554, 3477.43
555, 14533.72
556, 14467.49
557, 15273.56
558, 28381.20
559, 9641.72
560, 10001.84
561, 5270.67
562, 9466.83
563, 6894.53
564, 4861.68
565, 7152.33
566, 8933.04
567, 10136.47
568, 12890.54
569, 21419.21
570, 24385.21
571, 3594.86
572, 14695.35
573, 15949.61
574, 18314.17
575, 29842.81
576, 6813.90
577, 16849.46
578, 30037.18
579, 25537.66
580, 16128.43
581, 45378.19
582, 22910.15
583, 13712.03
584, 5815.10
585, 22199.82
586, 11140.12
587, 3129.39
588, 16080.17
589, 5598.15
590, 29397.93
591, 24826.02
592, 17698.41
593, 13895.69
594, 6481.31
595, 14069.47
596, 14650.78
597, 8043.99
598, 20447.83
599, 11011.78
600, 33875.04
601, 13983.26
602, 29392.33
603, 13629.49
604, 4343.22
605, 5374.99
606, 20361.38
607, 14808.93
608, 8801.66
609, 15277.01
610, 10353.85
611, 24243.98
612, 21866.75
613, 15617.82
614, 24829.58
615, 24875.64
616, 19217.55
617, 6004.04
618, 15129.62
619, 33364.94
620, 8737.43
621, 40496.76
622, 11767.50
623, 29267.44
624, 7578.79
625, 8780.08
626, 7678.23
627, 15421.51
628, 7687.10
629, 15591.25
630, 13499.65
631, 25115.59
632, 18233.66
633, 2298.28
634, 19369.46
635, 14082.11
636, 3508.92
637, 14663.34
638, 33846.89
639, 18543.79
640, 7823.63
641, 11373.58
642, 26754.59
643, 2259.40
644, 34374.40
645, 11038.00
646, 4115.22
647, 16117.57
648, 19137.48
649, 17737.89
650, 16411.83
651, 5875.98
652, 19448.05
653, 11915.85
654, 16114.05
655, 39299.49
656, 23455.00
657, 14865.57
658, 23487.74
659, 17787.25
660, 15698.18
661, 26824.05
662, 9661.99
663, 4854.16
664, 16710.97
665, 23380.88
666, 11509.09
667, 5065.74
668, 26477.01
669, 17653.07
670, 30901.71
671, 19149.83
672, 9407.66
673, 24212.36
674, 14821.21
675, 18735.98
676, 22075.34
677, 19140.77
678, 19411.21
679, 6004.56
680, 9365.09
681, 22738.96
682, 12276.79
683, 32995.69
684, 50641.80
685, 15741.41
686, 7266.15
687, 21840.25
688, 15156.37
689, 21812.83
690, 29501.86
691, 15093.01
692, 31010.84
693, 22348.46
694, 20423.11
695, 15308.17
696, 19598.37
697, 25757.90
698, 19719.99
699, 15310.64
700, 13983.16
701, 9848.46
702, 36234.58
703, 9659.62
704, 20563.47
705, 6123.46
706, 21693.92
707, 8794.44
708, 27351.04
709, 17881.41
710, 11783.31
711, 7625.62
712, 10977.15
713, 33334.18
714, 15807.73
715, 18591.14
716, 7641.44
717, 34142.08
718, 23893.52
719, 15602.45
720, 29149.40
721, 14461.03
722, 12670.45
723, 20288.93
724, 12321.10
725, 26894.18
726, 25765.18
727, 7525.52
728, 24184.13
729, 4062.21
730, 19576.75
731, 28282.07
732, 16496.19
733, 44388.13
734, 23632.18
735, 5736.47
736, 26221.75
737, 29799.00
738, 21772.28
739, 20141.34
740, 5255.90
741, 25597.52
742, 14059.64
743, 18845.40
744, 36126.09
745, 30953.66
746, 15190.44
747, 14804.28
748, 30641.82
749, 23847.05
750, 2914.75
751, 16664.39
752, 23677.84
753, 45723.12
754, 32829.04
755, 25443.22
756, 18045.43
757, 34162.53
758, 10668.46
759, 20549.84
760, 11374.54
761, 23737.91
762, 12678.86
763, 31304.40
764, 17583.73
765, 12413.13
766, 14400.76
767, 28527.41
768, 23390.75
769, 17002.27
770, 18686.13
771, 27434.70
772, 18311.12
773, 30228.11
774, 5087.89
775, 21409.08
776, 33569.59
777, 23901.23
778, 11203.44
779, 29473.89
780, 5677.89
781, 37010.30
782, 7978.86
783, 22359.83
784, 14017.12
785, 18404.78
786, 10074.82
787, 22554.55
788, 15958.79
789, 32489.45
790, 49121.49
791, 21296.38
792, 22161.96
793, 17995.49
794, 6382.08
795, 21209.29
796, 18120.33
797, 17076.92
798, 9472.75
799, 15715.87
800, 18052.93
801, 7546.64
802, 24685.35
803, 9460.44
804, 12135.28
805, 40432.61
806, 37592.34
807, 15394.85
808, 32955.37
809, 6688.99
810, 4213.50
811, 20946.26
812, 34290.62
813, 13601.89
814, 43210.23
815, 10605.69
816, 30295.49
817, 36426.15
818, 19525.46
819, 15309.98
820, 8369.07
821, 13023.82
822, 14350.53
823, 24733.47
824, 3837.91
825, 29335.18
826, 35232.46
827, 2048.96
828, 20944.55
829, 7843.81
830, 37242.70
831, 23705.39
832, 39007.00
833, 25322.55
834, 10071.72
835, 20419.54
836, 22959.76
837, 35490.99
838, 39842.34
839, 26321.65
840, 10173.12
841, 32969.63
842, 9130.07
843, 21764.92
844, 13510.56
845, 18151.80
846, 19121.43
847, 8910.24
848, 19697.61
849, 19225.49
850, 14361.73
851, 1156.25
852, 16199.72
853, 17301.05
854, 4813.88
855, 27208.00
856, 20147.82
857, 3218.89
858, 21654.47
859, 10449.53
860, 9190.35
861, 8811.42
862, 17619.02
863, 18093.21
864, 12911.84
865, 16244.40
866, 13777.39
867, 25799.30
868, 22665.08
869, 1252.81
870, 5342.47
871, 13000.59
872, 38305.78
873, 7971.05
874, 22773.88
875, 15968.74
876, 6736.49
877, 21637.59
878, 16291.06
879, 1485.49
880, 15240.08
881, 22637.20
882, 12558.07
883, 8751.52
884, 6859.99
885, 12085.75
886, 20095.04
887, 29632.49
888, 8321.68
889, 39750.79
890, 15468.79
891, 6206.88
892, 15978.67
893, 34733.48
894, 13915.99
895, 15373.03
896, 31479.56
897, 12117.39
898, 24906.32
899, 36253.29
900, 20872.20
901, 13449.46
902, 34584.06
903, 31697.85
904, 13324.75
905, 28574.38
906, 10659.73
907, 56850.62
908, 18551.82
909, 30973.33
910, 32687.90
911, 37325.78
912, 40013.26
913, 35386.73
914, 12586.28
915, 10882.89
916, 15964.11
917, 33649.21
918, 15868.61
919, 18469.31
920, 18858.47
921, 6382.81
922, 11878.19
923, 13545.73
924, 7931.11
925, 13438.93
926, 18001.04
927, 33487.21
928, 36525.51
929, 23625.87
930, 24394.52
931, 68406.96
932, 31565.80
933, 13868.43
934, 27677.02
935, 26469.52
936, 31840.94
937, 13655.44
938, 46878.20
939, 25410.76
940, 31718.38
941, 20801.41
942, 2251.04
943, 3718.31
944, 18793.50
945, 3008.14
946, 23870.28
947, 46841.72
948, 16541.35
949, 15913.13
950, 45981.77
951, 27877.28
952, 22885.59
953, 15408.47
954, 34672.65
955, 15801.08
956, 46516.71
957, 36261.50
958, 16479.21
959, 16534.77
960, 26454.58
961, 20342.23
962, 26632.60
963, 11603.44
964, 31277.88
965, 42877.52
966, 21428.16
967, 42853.46
968, 40738.37
969, 29698.38
970, 12154.85
971, 10123.48
972, 35230.73
973, 24605.11
974, 30183.04
975, 19810.58
976, 35459.37
977, 22475.15
978, 32410.18
979, 33054.60
980, 29065.93
981, 28818.45
982, 22894.43
983, 32641.99
984, 15445.61
985, 36951.00
986, 24647.51
987, 15224.48
988, 38965.22
989, 9541.84
990, 37016.52
991, 49504.35
992, 23834.12
993, 45735.35
994, 39279.18
995, 16763.62
996, 60959.88
997, 35059.52
998, 36577.79
999, 28987.83
1000, 51838.59
1001, 21567.71
1002, 54213.54
1003, 41227.79
1004, 17107.62
1005, 50055.00
1006, 7604.45
1007, 15308.08
1008, 20268.81
1009, 6712.18
1010, 45169.80
1011, 15740.11
1012, 49748.88
1013, 31427.27
1014, 34235.12
1015, 57175.96
1016, 54113.59
1017, 6322.05
1018, 25721.36
1019, 26672.06
1020, 6288.17
1021, 31582.23
1022, 18887.99
1023, 5349.82
1024, 18514.52
1025, 39172.50
1026, 52624.79
1027, 8719.79
1028, 57989.95
1029, 20653.46
1030, 45099.75
1031, 64124.24
1032, 39904.63
1033, 41366.70
1034, 41709.33
1035, 36018.79
1036, 41310.74
1037, 19399.09
1038, 37179.46
1039, 60711.68
1040, 13392.42
1041, 21859.09
1042, 59976.29
1043, 40280.08
1044, 34077.31
1045, 22597.10
1046, 11774.15
1047, 8332.03
1048, 16804.28
1049, 14675.94
1050, 25489.30
1051, 20338.10
1052, 32280.55
1053, 13299.71
1054, 17281.19
1055, 59616.97
1056, 14037.35
1057, 34895.30
1058, 47280.29
1059, 61166.39
1060, 47750.13
1061, 65793.97
1062, 58085.49
1063, 22413.69
1064, 19105.26
1065, 6401.29
1066, 45469.11
1067, 44103.88
1068, 55081.11
1069, 15828.07
1070, 51694.23
1071, 39723.35
1072, 72706.51
1073, 50187.98
1074, 20650.98
1075, 22544.16
1076, 27063.78
1077, 30654.56
1078, 7110.87
1079, 21490.71
1080, 18946.93
1081, 29033.31
1082, 26352.37
1083, 47098.68
1084, 17674.09
1085, 28639.71
1086, 16234.90
1087, 34446.85
1088, 14458.67
1089, 35186.72
1090, 21506.68
1091, 32769.88
1092, 25124.95
1093, 38836.72
1094, 66204.98
1095, 35070.86
1096, 10174.95
1097, 27489.66
1098, 85303.80
1099, 29877.53
1100, 17312.07
1101, 28295.67
1102, 55161.50
1103, 23037.17
1104, 17235.71
1105, 52902.09
1106, 40148.91
1107, 60920.14
1108, 24228.71
1109, 70069.36
1110, 33131.03
1111, 19679.48
1112, 64387.90
1113, 30926.32
1114, 23231.85
1115, 61702.26
1116, 54409.50
1117, 42679.93
1118, 39600.72
1119, 26773.59
1120, 28097.89
1121, 18322.70
1122, 18510.54
1123, 36275.16
1124, 21526.92
1125, 15074.62
1126, 71150.34
1127, 24902.47
1128, 66502.66
1129, 23897.74
1130, 45597.73
1131, 2489.99
1132, 46745.01
1133, 49087.02
1134, 42431.03
1135, 55057.30
1136, 27066.89
1137, 25948.88
1138, 45365.68
1139, 49988.41
1140, 66081.24
1141, 27249.98
1142, 19783.47
1143, 29788.44
1144, 50269.84
1145, 62294.43
1146, 4751.91
1147, 24244.53
1148, 60529.90
1149, 45096.00
1150, 9061.67
1151, 63180.61
1152, 14067.62
1153, 15083.70
1154, 37491.38
1155, 15203.02
1156, 66134.94
1157, 42589.90
1158, 24518.74
1159, 6830.53
1160, 19662.22
1161, 31379.78
1162, 17338.90
1163, 66581.90
1164, 81155.16
1165, 79736.95
1166, 73870.66
1167, 45788.56
1168, 22029.16
1169, 17376.67
1170, 31606.60
1171, 53403.61
1172, 20869.20
1173, 81293.84
1174, 90188.58
1175, 15961.80
1176, 37370.20
1177, 3322.21
1178, 79817.83
1179, 38944.66
1180, 25463.55
1181, 29175.70
1182, 37754.14
1183, 51825.53
1184, 12752.01
1185, 19423.65
1186, 29660.07
1187, 14931.64
1188, 13184.42
1189, 19995.29
1190, 15063.72
1191, 11452.55
1192, 25229.48
1193, 37777.01
1194, 47842.71
1195, 22735.64
1196, 26588.85
1197, 35038.75
1198, 57609.02
1199, 84256.39
1200, 45863.58
1201, 32426.72
1202, 44911.88
1203, 92983.10
1204, 51131.95
1205, 36557.71
1206, 7923.92
1207, 50971.59
1208, 47891.79
1209, 80665.22
1210, 46317.00
1211, 41306.78
1212, 83774.63
1213, 42683.71
1214, 26723.24
1215, 71898.28
1216, 31212.22
1217, 19078.18
1218, 32304.94
1219, 14871.72
1220, 59610.24
1221, 52673.60
1222, 44824.14
1223, 45230.33
1224, 17515.83
1225, 37343.88
1226, 25495.99
1227, 19924.96
1228, 24869.30
1229, 15161.65
1230, 45255.91
1231, 33398.02
1232, 43331.52
1233, 27844.01
1234, 47953.06
1235, 30816.41
1236, 23323.70
1237, 74923.34
1238, 24276.73
1239, 47546.84
1240, 10402.88
1241, 48658.30
1242, 21115.04
1243, 65667.20
1244, 28405.57
1245, 15233.79
1246, 55129.42
1247, 56621.08
1248, 55547.50
1249, 37232.39
1250, 36904.00
1251, 6999.71
1252, 20188.85
1253, 35046.05
1254, 15446.93
1255, 43603.40
1256, 16712.36
1257, 18919.70
1258, 19460.55
1259, 9114.09
1260, 44198.03
1261, 15707.34
1262, 57080.22
1263, 9114.81
1264, 29647.59
1265, 34976.95
1266, 50017.42
1267, 46822.12
1268, 22549.67
1269, 26707.27
1270, 35477.00
1271, 30181.94
1272, 4420.28
1273, 6853.91
1274, 89116.71
1275, 54900.57
1276, 39723.27
1277, 7641.10
1278, 41260.21
1279, 29506.27
1280, 47416.58
1281, 19526.16
1282, 34768.97
1283, 40826.55
1284, 19392.30
1285, 30308.80
1286, 22293.74
1287, 40854.44
1288, 28267.00
1289, 22020.59
1290, 55836.58
1291, 33202.80
1292, 24596.96
1293, 55847.37
1294, 20504.72
1295, 46957.03
1296, 61262.14
1297, 46552.29
1298, 1934.39
1299, 19051.55
1300, 94330.77
1301, 34744.18
1302, 11313.24
1303, 55284.82
1304, 40574.48
1305, 19251.55
1306, 9519.82
1307, 24423.60
1308, 66795.34
1309, 10128.68
1310, 47997.84
1311, 19234.89
1312, 46681.07
1313, 43723.20
1314, 35542.38
1315, 41501.59
1316, 42117.44
1317, 27286.67
1318, 50385.27
1319, 32260.66
1320, 28973.50
1321, 53973.07
1322, 31659.91
1323, 46530.22
1324, 56504.51
1325, 19407.88
1326, 12310.09
1327, 44071.19
1328, 38488.83
1329, 18212.60
1330, 21406.64
1331, 27474.03
1332, 3413.02
1333, 26626.48
1334, 59687.82
1335, 53091.82
1336, 26091.69
1337, 14348.51
1338, 26391.71
1339, 15252.75
1340, 43211.78
1341, 22423.88
1342, 47347.08
1343, 45868.91
1344, 20860.46
1345, 38519.58
1346, 61265.80
1347, 47261.69
1348, 26770.99
1349, 49007.73
1350, 29357.58
1351, 15218.47
1352, 20689.31
1353, 16801.53
1354, 36732.11
1355, 22411.26
1356, 52773.70
1357, 21845.81
1358, 52839.51
1359, 37885.24
1360, 32927.67
1361, 89126.48
1362, 15156.83
1363, 23045.31
1364, 28616.26
1365, 37085.38
1366, 36241.90
1367, 19216.88
1368, 22176.90
1369, 5949.30
1370, 36069.73
1371, 31427.51
1372, 25225.72
1373, 41295.80
1374, 38622.62
1375, 16554.21
1376, 28860.27
1377, 21266.02
1378, 48782.63
1379, 25873.51
1380, 57013.29
1381, 33401.84
1382, 51294.67
1383, 19843.97
1384, 34748.14
1385, 78200.28
1386, 34312.89
1387, 49076.56
1388, 39183.60
1389, 55895.71
1390, 28786.36
1391, 29178.43
1392, 2407.29
1393, 45137.87
1394, 65654.78
1395, 19555.64
1396, 18349.90
1397, 35537.12
1398, 25934.12
1399, 40990.72
1400, 1066.25
1401, 30621.91
1402, 25571.61
1403, 53613.87
1404, 42843.75
1405, 15671.54
1406, 58391.64
1407, 23318.68
1408, 25229.05
1409, 40782.93
1410, 55171.98
1411, 25272.78
1412, 42473.52
1413, 27082.40
1414, 23973.66
1415, 7523.08
1416, 7737.39
1417, 9583.51
1418, 42578.91
1419, 28701.65
1420, 13646.48
1421, 53094.95
1422, 16816.36
1423, 12990.56
1424, 53834.16
1425, 31689.42
1426, 13301.17
1427, 51827.93
1428, 15031.75
1429, 19799.24
1430, 24010.69
1431, 42616.61
1432, 63594.27
1433, 31779.49
1434, 33330.70
1435, 46604.41
1436, 38878.08
1437, 29561.17
1438, 11635.62
1439, 47978.09
1440, 40559.10
1441, 12616.63
1442, 8553.43
1443, 13774.01
1444, 17379.21
1445, 35841.28
1446, 18189.25
1447, 19959.37
1448, 490.21
1449, 40779.98
1450, 61853.23
1451, 36583.47
1452, 16123.72
1453, 31702.75
1454, 15294.88
1455, 11299.33
1456, 72352.98
1457, 26014.18
1458, 26187.53
1459, 33063.02
1460, 24405.02
1461, 27312.04
1462, 36240.48
1463, 35505.83
1464, 41198.74
1465, 15634.79
1466, 5016.51
1467, 13425.96
1468, 61916.51
1469, 23303.01
1470, 36121.66
1471, 24663.76
1472, 25122.38
1473, 32378.12
1474, 33150.60
1475, 25827.06
1476, 39430.37
1477, 24329.56
1478, 7897.66
1479, 19289.46
1480, 48944.77
1481, 15853.65
1482, 25683.15
1483, 28852.16
1484, 47785.18
1485, 34962.05
1486, 25655.64
1487, 14423.21
1488, 17597.35
1489, 15062.87
1490, 12482.02
1491, 67528.86
1492, 29999.22
1493, 13651.47
1494, 49585.36
1495, 44857.77
1496, 6595.27
1497, 30947.47
1498, 44503.53
1499, 18224.63
1500, 36714.32
1501, 9713.25
1502, 21279.10
1503, 13612.99
1504, 35004.55
1505, 13199.67
1506, 35250.13
1507, 14081.01
1508, 7608.25
1509, 30456.44
1510, 15737.46
1511, 46085.62
1512, 18786.27
1513, 45006.31
1514, 31846.48
1515, 55152.22
1516, 16653.53
1517, 24276.81
1518, 24965.55
1519, 31640.63
1520, 17782.97
1521, 21823.66
1522, 57863.90
1523, 34047.16
1524, 54317.61
1525, 28684.31
1526, 10087.64
1527, 13757.11
1528, 14613.92
1529, 4820.67
1530, 29597.87
1531, 22564.03
1532, 50474.07
1533, 29248.78
1534, 40856.39
1535, 46229.93
1536, 6194.26
1537, 40230.79
1538, 33842.75
1539, 16729.39
1540, 36964.28
1541, 28436.85
1542, 37897.96
1543, 25667.76
1544, 21109.30
1545, 18263.04
1546, 21663.41
1547, 32826.89
1548, 51794.25
1549, 12601.35
1550, 17189.01
1551, 17666.55
1552, 25192.86
1553, 18363.17
1554, 48715.03
1555, 56813.01
1556, 31373.62
1557, 35364.77
1558, 45646.43
1559, 10885.91
1560, 32582.24
1561, 53952.20
1562, 39767.84
1563, 45583.96
1564, 38766.77
1565, 18800.42
1566, 14685.03
1567, 36705.23
1568, 23706.51
1569, 9568.93
1570, 24000.98
1571, 29146.33
1572, 35543.83
1573, 36002.41
1574, 8611.36
1575, 42620.98
1576, 33429.30
1577, 1873.39
1578, 49141.40
1579, 39408.28
1580, 7481.38
1581, 32115.81
1582, 4554.09
1583, 13374.40
1584, 30356.37
1585, 11600.73
1586, 14564.86
1587, 36558.39
1588, 39622.82
1589, 55877.98
1590, 27153.94
1591, 4932.50
1592, 20901.23
1593, 15385.95
1594, 30703.04
1595, 30753.32
1596, 14766.82
1597, 50734.72
1598, 51449.53
1599, 31626.48
1600, 32446.20
1601, 27387.36
1602, 23950.34
1603, 51004.70
1604, 14397.86
1605, 13806.67
1606, 17619.58
1607, 21284.28
1608, 31671.47
1609, 23241.73
1610, 9231.79
1611, 38205.51
1612, 54188.88
1613, 16105.32
1614, 24258.94
1615, 41418.16
1616, 31760.03
1617, 6687.78
1618, 13118.29
1619, 12832.29
1620, 26605.78
1621, 11572.67
1622, 41124.02
1623, 23038.89
1624, 27785.46
1625, 36559.32
1626, 23773.59
1627, 31625.82
1628, 45303.98
1629, 9667.40
1630, 14258.29
1631, 9187.11
1632, 25319.16
1633, 19211.53
1634, 24489.54
1635, 9837.25
1636, 6473.29
1637, 43567.09
1638, 38815.36
1639, 29931.53
1640, 24174.10
1641, 24674.98
1642, 10796.26
1643, 17101.93
1644, 13878.37
1645, 30175.72
1646, 22486.75
1647, 19407.17
1648, 30186.61
1649, 15321.35
1650, 1989.46
1651, 4009.77
1652, 31287.68
1653, 19620.94
1654, 24161.10
1655, 35098.78
1656, 21700.56
1657, 22530.40
1658, 29789.69
1659, 25019.18
1660, 20897.94
1661, 5414.29
1662, 2666.25
1663, 31254.49
1664, 15230.02
1665, 47122.80
1666, 13542.30
1667, 34919.59
1668, 21251.25
1669, 40457.75
1670, 6209.03
1671, 11617.21
1672, 9334.96
1673, 31246.56
1674, 9016.15
1675, 31320.82
1676, 15866.01
1677, 17941.58
1678, 17570.31
1679, 12048.16
1680, 31867.10
1681, 34602.77
1682, 24899.01
1683, 24362.29
1684, 20737.92
1685, 28956.03
1686, 7366.78
1687, 23267.23
1688, 16199.50
1689, 34542.79
1690, 16804.84
1691, 13378.95
1692, 10833.08
1693, 19672.34
1694, 59768.22
1695, 37930.29
1696, 18128.33
1697, 63348.60
1698, 35761.27
1699, 15637.50
1700, 40497.66
1701, 24534.80
1702, 5001.87
1703, 32285.52
1704, 15293.67
1705, 51206.71
1706, 34459.71
1707, 38373.77
1708, 2957.14
1709, 33545.68
1710, 9179.12
1711, 44426.08
1712, 26709.46
1713, 44754.87
1714, 39454.28
1715, 24814.35
1716, 14162.28
1717, 26436.71
1718, 9720.75
1719, 47437.87
1720, 19519.23
1721, 32804.32
1722, 10583.87
1723, 19205.73
1724, 15000.00
1725, 15262.36
1726, 20922.90
1727, 34370.99
1728, 24221.85
1729, 28998.08
1730, 42119.05
1731, 25958.30
1732, 26457.67
1733, 9063.89
1734, 33969.36
1735, 16289.67
1736, 9891.56
1737, 41044.42
1738, 6740.76
1739, 48632.51
1740, 33230.45
1741, 12566.60
1742, 23447.49
1743, 11293.76
1744, 19636.43
1745, 27300.46
1746, 26190.35
1747, 7828.68
1748, 9372.03
1749, 51799.65
1750, 12073.26
1751, 30822.82
1752, 23296.35
1753, 32573.53
1754, 21437.59
1755, 23266.43
1756, 43367.70
1757, 15999.01
1758, 45133.30
1759, 39305.49
1760, 18307.75
1761, 5381.99
1762, 41297.36
1763, 10047.76
1764, 35562.87
1765, 5252.63
1766, 18787.29
1767, 9252.78
1768, 10911.46
1769, 17128.99
1770, 9925.25
1771, 41235.95
1772, 10083.82
1773, 8812.97
1774, 19668.56
1775, 25700.77
1776, 7126.18
1777, 29468.31
1778, 27770.99
1779, 27106.64
1780, 29002.58
1781, 25342.09
1782, 10051.56
1783, 20687.16
1784, 12907.58
1785, 33441.11
1786, 26409.91
1787, 8694.20
1788, 14328.99
1789, 39629.70
1790, 24774.71
1791, 18158.84
1792, 20887.12
1793, 3937.32
1794, 38861.85
1795, 9936.29
1796, 3657.02
1797, 36106.26
1798, 13439.91
1799, 15550.46
1800, 47678.69
1801, 15168.24
1802, 45987.28
1803, 20112.75
1804, 17985.87
1805, 4088.23
1806, 3517.71
1807, 27513.34
1808, 18617.88
1809, 22942.40
1810, 24457.50
1811, 12405.09
1812, 26108.26
1813, 37417.93
1814, 61259.07
1815, 3495.61
1816, 4900.12
1817, 19484.04
1818, 25085.55
1819, 11137.83
1820, 16089.63
1821, 59461.29
1822, 18597.62
1823, 54793.02
1824, 16490.58
1825, 24116.42
1826, 21722.11
1827, 5221.22
1828, 20333.76
1829, 21521.03
1830, 36610.69
1831, 34613.50
1832, 27273.82
1833, 8952.52
1834, 35364.19
1835, 25334.85
1836, 10417.31
1837, 15511.65
1838, 21362.36
1839, 10827.10
1840, 10025.53
1841, 14958.54
1842, 19103.91
1843, 39616.43
1844, 22114.60
1845, 9732.24
1846, 34493.18
1847, 30291.66
1848, 10445.63
1849, 28025.94
1850, 13877.55
1851, 1077.87
1852, 11196.76
1853, 24522.81
1854, 12933.02
1855, 9221.10
1856, 58613.00
1857, 26023.12
1858, 23765.32
1859, 11267.92
1860, 25599.57
1861, 23381.19
1862, 19900.38
1863, 7078.01
1864, 21975.00
1865, 7334.87
1866, 33917.29
1867, 24207.14
1868, 22051.12
1869, 22253.29
1870, 9150.53
1871, 15661.79
1872, 8825.70
1873, 10078.12
1874, 18221.89
1875, 22309.21
1876, 34021.16
1877, 39132.21
1878, 23200.71
1879, 16658.38
1880, 9408.77
1881, 24631.25
1882, 11920.74
1883, 39423.12
1884, 34159.34
1885, 5862.92
1886, 18747.44
1887, 32217.91
1888, 35020.04
1889, 22297.82
1890, 9380.90
1891, 6256.61
1892, 16346.91
1893, 18391.28
1894, 16425.46
1895, 29118.24
1896, 17465.81
1897, 29350.10
1898, 22256.58
1899, 26379.77
1900, 9143.22
1901, 12827.41
1902, 13916.38
1903, 10184.90
1904, 21946.08
1905, 14529.90
1906, 10213.34
1907, 22599.12
1908, 26074.62
1909, 18488.28
1910, 6723.23
1911, 24261.12
1912, 8272.61
1913, 845.15
1914, 22967.05
1915, 18217.83
1916, 26004.65
1917, 12617.96
1918, 15347.46
1919, 7579.24
1920, 19005.78
1921, 4460.46
1922, 24907.64
1923, 20197.58
1924, 2793.76
1925, 11418.67
1926, 12628.71
1927, 7727.14
1928, 26404.51
1929, 14711.15
1930, 19492.71
1931, 15106.29
1932, 9430.95
1933, 7746.93
1934, 7853.47
1935, 20932.49
1936, 14721.17
1937, 15946.61
1938, 23789.42
1939, 29001.01
1940, 28791.14
1941, 29177.40
1942, 14095.47
1943, 4577.94
1944, 35867.16
1945, 11285.94
1946, 3107.68
1947, 32671.98
1948, 24307.03
1949, 45542.55
1950, 36194.43
1951, 17896.51
1952, 17276.91
1953, 23206.06
1954, 20232.50
1955, 16684.29
1956, 16151.53
1957, 19454.17
1958, 13045.58
1959, 4560.57
1960, 25867.13
1961, 8728.72
1962, 25843.60
1963, 24379.24
1964, 45258.01
1965, 29096.85
1966, 22994.61
1967, 7485.12
1968, 29596.49
1969, 17452.40
1970, 8920.42
1971, 20523.86
1972, 18641.58
1973, 17544.46
1974, 20129.64
1975, 8474.59
1976, 8568.44
1977, 9860.74
1978, 9872.34
1979, 17624.72
1980, 14072.28
1981, 17247.86
1982, 25513.46
1983, 21486.38
1984, 23293.74
1985, 11342.41
1986, 5291.99
1987, 23739.36
1988, 6901.15
1989, 11992.66
1990, 2593.84
1991, 15774.62
1992, 14875.98
1993, 11462.70
1994, 12365.54
1995, 28464.18
1996, 30171.05
1997, 30799.60
1998, 30483.31
1999, 7100.55
2000, 19647.54
2001, 16075.61
2002, 26599.60
2003, 36895.18
2004, 17100.60
2005, 15080.20
2006, 15159.95
2007, 3790.10
2008, 5331.03
2009, 8583.59
2010, 32057.47
2011, 13832.64
2012, 32363.04
2013, 10931.27
2014, 18279.87
2015, 7289.03
2016, 5505.55
2017, 35824.90
2018, 33623.52
2019, 21964.59
2020, 16180.32
2021, 16261.80
2022, 6969.69
2023, 20885.42
2024, 21787.43
2025, 9664.73
2026, 6435.62
2027, 9297.20
2028, 34594.93
2029, 19691.23
2030, 9644.46
2031, 6029.25
2032, 25436.32
2033, 29782.62
2034, 34351.12
2035, 13429.99
2036, 10497.43
2037, 24451.83
2038, 24725.96
2039, 19060.51
2040, 24129.11
2041, 18883.78
2042, 18495.14
2043, 28838.54
2044, 28230.74
2045, 48774.46
2046, 4990.88
2047, 14272.53
=== END ===


=== BATCH 7 ===
0, 1905987.12
1, 3773.23
2, 9751.01
3, 7749.38
4, 16270.43
5, 20952.62
6, 14246.57
7, 6934.05
8, 5974.83
9, 18546.05
10, 7476.29
11, 1470.96
12, 10666.25
13, 663.92
14, 15046.86
15, 6410.14
16, 19116.82
17, 27640.16
18, 5577.69
19, 5504.98
20, 7669.79
21, 6881.42
22, 12103.94
23, 16988.34
24, 23116.76
25, 21081.12
26, 21804.90
27, 10955.08
28, 20530.56
29, 6350.95
30, 5624.19
31, 8861.02
32, 15156.32
33, 20909.29
34, 4657.41
35, 14846.86
36, 18879.70
37, 12974.56
38, 7518.98
39, 21861.23
40, 4156.10
41, 8763.67
42, 10088.56
43, 5029.54
44, 14226.34
45, 17457.95
46, 11466.76
47, 613.39
48, 23663.62
49, 7394.97
50, 4361.17
51, 23083.83
52, 1595.08
53, 7405.97
54, 9820.19
55, 6167.63
56, 5993.68
57, 10006.85
58, 6039.66
59, 8045.27
60, 17115.24
61, 8026.09
62, 10854.16
63, 9098.56
64, 23713.71
65, 13548.65
66, 3352.81
67, 2992.66
68, 5133.25
69, 10470.22
70, 19692.17
71, 19591.73
72, 14151.94
73, 4895.57
74, 5340.95
75, 5152.17
76, 15906.37
77, 18878.29
78, 17520.10
79, 4398.43
80, 17029.88
81, 12967.36
82, 8384.14
83, 10775.71
84, 2530.63
85, 9756.41
86, 35273.27
87, 15593.99
88, 16364.53
89, 4378.02
90, 4950.19
91, 3527.97
92, 23215.74
93, 19409.83
94, 5822.11
95, 8934.57
96, 23994.58
97, 19284.51
98, 18734.98
99, 3642.07
100, 27933.89
101, 1586.62
102, 20411.11
103, 208.99
104, 17197.91
105, 13615.35
106, 16785.57
107, 11949.00
108, 19204.00
109, 14574.06
110, 902.45
111, 15389.04
112, 5144.11
113, 889.84
114, 4624.52
115, 10786.74
116, 21182.32
117, 13368.70
118, 4851.05
119, 3163.12
120, 10552.84
121, 2192.80
122, 15487.32
123, 11951.08
124, 9105.51
125, 7561.24
126, 5923.89
127, 10747.37
128, 13318.11
129, 18873.66
130, 10645.47
131, 15967.24
132, 15669.86
133, 12253.87
134, 5518.10
135, 7662.51
136, 5328.31
137, 13352.65
138, 10712.92
139, 11729.63
140, 4462.34
141, 5287.34
142, 13093.58
143, 11982.53
144, 7634.33
145, 11001.62
146, 5414.56
147, 2460.79
148, 5882.96
149, 15223.00
150, 14305.86
151, 15208.50
152, 4405.28
153, 12544.07
154, 9560.59
155, 11029.29
156, 8366.94
157, 7780.81
158, 13256.79
159, 12562.40
160, 26261.62
161, 8859.47
162, 7174.61
163, 16188.20
164, 10795.80
165, 6481.18
166, 2186.09
167, 3669.20
168, 7341.05
169, 8205.32
170, 24660.38
171, 25671.01
172, 6028.56
173, 7677.31
174, 13494.58
175, 5881.66
176, 8003.50
177, 8857.97
178, 23260.67
179, 9569.67
180, 15299.52
181, 2194.38
182, 5705.91
183, 19006.62
184, 11198.89
185, 14901.30
186, 11520.47
187, 15316.55
188, 9149.35
189, 8076.40
190, 11576.52
191, 3966.32
192, 15781.38
193, 17767.06
194, 18281.99
195, 17299.03
196, 12740.08
197, 4080.17
198, 7450.29
199, 5575.88
200, 8221.36
201, 8599.37
202, 11504.08
203, 3345.09
204, 11100.98
205, 10334.46
206, 11211.29
207, 4381.23
208, 7869.75
209, 8979.48
210, 7491.01
211, 11249.20
212, 9081.79
213, 14305.13
214, 14565.14
215, 4613.89
216, 21124.32
217, 15608.99
218, 18104.37
219, 20103.76
220, 6785.76
221, 6311.09
222, 21470.76
223, 16118.96
224, 9544.06
225, 11070.94
226, 1279.72
227, 4155.60
228, 15733.40
229, 5227.15
230, 8426.57
231, 4040.10
232, 18195.25
233, 8312.88
234, 2613.47
235, 8641.26
236, 11529.33
237, 6568.07
238, 9213.25
239, 5075.50
240, 19604.14
241, 1501.05
242, 1129.78
243, 17935.66
244, 8224.84
245, 5961.59
246, 15285.65
247, 14391.40
248, 13690.13
249, 7297.47
250, 13056.51
251, 13185.27
252, 14832.08
253, 12459.74
254, 14081.07
255, 19516.79
256, 12242.97
257, 10083.42
258, 18390.36
259, 13335.48
260, 22739.91
261, 9156.46
262, 6393.20
263, 4125.03
264, 11823.12
265, 21682.63
266, 19880.85
267, 10115.78
268, 11952.67
269, 5973.04
270, 8736.11
271, 3759.09
272, 13155.05
273, 17841.54
274, 8860.68
275, 8856.59
276, 7526.67
277, 23624.87
278, 12224.58
279, 14579.13
280, 5874.10
281, 18717.57
282, 6360.26
283, 7509.04
284, 9550.51
285, 2055.92
286, 6686.81
287, 11499.69
288, 16306.59
289, 10760.17
290, 20924.49
291, 4735.57
292, 3764.60
293, 15940.62
294, 19505.61
295, 9557.68
296, 13048.11
297, 3217.62
298, 6859.95
299, 6039.32
300, 7141.09
301, 462.12
302, 11135.92
303, 3518.43
304, 12780.71
305, 8931.17
306, 11758.64
307, 15241.46
308, 7589.47
309, 9953.79
310, 5795.25
311, 5272.97
312, 11586.26
313, 6780.14
314, 3040.73
315, 11376.25
316, 15902.74
317, 16506.54
318, 10862.64
319, 4873.90
320, 18882.37
321, 10798.20
322, 6733.63
323, 15744.59
324, 3677.32
325, 12830.79
326, 16814.01
327, 4085.05
328, 20756.89
329, 11585.61
330, 19392.95
331, 16112.88
332, 12137.36
333, 15107.48
334, 6312.20
335, 14182.90
336, 4163.55
337, 10810.61
338, 11180.44
339, 9089.48
340, 5760.80
341, 2184.49
342, 15147.42
343, 10326.40
344, 5534.85
345, 4684.16
346, 6282.56
347, 5550.86
348, 11741.49
349, 10311.98
350, 14095.13
351, 4062.24
352, 17484.96
353, 22892.74
354, 2078.77
355, 12516.89
356, 13612.67
357, 8876.44
358, 17185.36
359, 3808.47
360, 5976.20
361, 19414.13
362, 17050.16
363, 8052.65
364, 7103.24
365, 6030.39
366, 22855.27
367, 13738.49
368, 2206.40
369, 6448.98
370, 14278.59
371, 10080.80
372, 14844.24
373, 6488.55
374, 20384.00
375, 7588.41
376, 14499.19
377, 8844.78
378, 4988.27
379, 13781.29
380, 8814.79
381, 24387.12
382, 7776.49
383, 11017.07
384, 13475.79
385, 16081.90
386, 4093.40
387, 8688.26
388, 9027.12
389, 11280.95
390, 10413.33
391, 6138.50
392, 28651.48
393, 15157.51
394, 13047.40
395, 6183.79
396, 16511.73
397, 7323.74
398, 18745.71
399, 9098.60
400, 9934.77
401, 24863.23
402, 18766.44
403, 17402.34
404, 20214.26
405, 24930.56
406, 13315.91
407, 7271.60
408, 20035.68
409, 5966.66
410, 6732.07
411, 10052.42
412, 3553.67
413, 17546.87
414, 5893.08
415, 8630.85
416, 9817.41
417, 13560.40
418, 3144.83
419, 7532.97
420, 2710.08
421, 9038.01
422, 19021.96
423, 10473.30
424, 12453.76
425, 8539.91
426, 15541.27
427, 10568.13
428, 9740.28
429, 15533.21
430, 8680.14
431, 12530.15
432, 1996.99
433, 8886.76
434, 34036.84
435, 1092.07
436, 9911.98
437, 11424.37
438, 16787.66
439, 19956.82
440, 7171.47
441, 17590.11
442, 10725.27
443, 8840.75
444, 10897.28
445, 977.13
446, 10134.30
447, 13144.93
448, 12482.74
449, 18108.84
450, 14085.53
451, 8554.46
452, 11631.93
453, 3327.12
454, 8194.51
455, 18943.76
456, 5775.00
457, 15075.20
458, 27889.32
459, 14831.23
460, 10090.38
461, 14174.18
462, 20936.44
463, 9530.83
464, 17932.89
465, 11795.75
466, 9351.91
467, 16010.61
468, 6760.25
469, 11121.81
470, 17945.95
471, 22048.67
472, 17109.12
473, 15172.68
474, 19184.60
475, 14565.24
476, 12785.21
477, 9129.05
478, 8709.55
479, 10948.10
480, 5521.58
481, 13568.58
482, 24377.79
483, 8458.61
484, 18179.45
485, 33096.75
486, 18182.59
487, 6901.80
488, 13481.12
489, 466.91
490, 6554.64
491, 20299.41
492, 23144.16
493, 5747.02
494, 7702.84
495, 10759.59
496, 13074.42
497, 20371.56
498, 5004.09
499, 12962.98
500, 16512.36
501, 14088.50
502, 20201.21
503, 15939.24
504, 3964.40
505, 14444.42
506, 30804.93
507, 7499.13
508, 3618.83
509, 9924.65
510, 18158.67
511, 14528.79
512, 14316.02
513, 25136.40
514, 16071.53
515, 9350.67
516, 3463.42
517, 14029.17
518, 23142.30
519, 19264.88
520, 19885.18
521, 18057.20
522, 18721.62
523, 7853.51
524, 9238.31
525, 8071.85
526, 16018.05
527, 12554.04
528, 12874.48
529, 4430.29
530, 9786.00
531, 15147.37
532, 7486.38
533, 9586.01
534, 11217.20
535, 13770.48
536, 10234.17
537, 13888.74
538, 3608.72
539, 28379.50
540, 10729.28
541, 25433.59
542, 18078.01
543, 21223.71
544, 9909.16
545, 12998.31
546, 8648.00
547, 15255.27
548, 42647.63
549, 14968.45
550, 19389.45
551, 17086.84
552, 2226.61
553, 5851.20
554, 19423.47
555, 10581.31
556, 9480.34
557, 24249.96
558, 29341.68
559, 6495.68
560, 20912.11
561, 8644.85
562, 17910.55
563, 22220.87
564, 20396.52
565, 13087.76
566, 22602.01
567, 19759.62
568, 6863.79
569, 4404.63
570, 11213.04
571, 31926.94
572, 28433.00
573, 9792.33
574, 5784.03
575, 7441.04
576, 2660.57
577, 8855.35
578, 16290.51
579, 16084.03
580, 10331.54
581, 35893.88
582, 16140.56
583, 26143.07
584, 10196.51
585, 16705.84
586, 11477.58
587, 23273.21
588, 6999.88
589, 17634.17
590, 11544.51
591, 14437.60
592, 20092.54
593, 9593.02
594, 13084.41
595, 19425.01
596, 19176.06
597, 12021.19
598, 19009.29
599, 1929.44
600, 11732.42
601, 11758.15
602, 20935.94
603, 7044.83
604, 26890.08
605, 10686.85
606, 9437.09
607, 33117.02
608, 9613.21
609, 17228.54
610, 10594.19
611, 20175.54
612, 6874.66
613, 8742.15
614, 8989.17
615, 15011.51
616, 13117.81
617, 22859.17
618, 7264.94
619, 1833.69
620, 24193.24
621, 24469.74
622, 10706.40
623, 9718.94
624, 26954.38
625, 9121.61
626, 24483.44
627, 6421.58
628, 30587.32
629, 19341.15
630, 6502.31
631, 14134.09
632, 18324.46
633, 10182.55
634, 16752.25
635, 19271.15
636, 9034.59
637, 4260.63
638, 3063.98
639, 10619.56
640, 9902.19
641, 17130.53
642, 21511.86
643, 21926.57
644, 20995.78
645, 6061.32
646, 17823.16
647, 9644.52
648, 5905.20
649, 25803.56
650, 7212.48
651, 19978.83
652, 19742.05
653, 5626.33
654, 20133.38
655, 25667.26
656, 17637.08
657, 11881.25
658, 7367.94
659, 28938.19
660, 15439.69
661, 3837.51
662, 22032.22
663, 1063.16
664, 10465.92
665, 13941.98
666, 6618.52
667, 28001.54
668, 17004.00
669, 11981.22
670, 29151.54
671, 28173.88
672, 15352.84
673, 2766.92
674, 18547.66
675, 15894.22
676, 9645.80
677, 7508.71
678, 13641.84
679, 5895.35
680, 3272.74
681, 7926.30
682, 3483.76
683, 37865.64
684, 17243.13
685, 10759.32
686, 11963.37
687, 9705.61
688, 26726.57
689, 13332.57
690, 19965.79
691, 16194.23
692, 21564.76
693, 14454.70
694, 27470.26
695, 12899.01
696, 26252.29
697, 33424.72
698, 6978.05
699, 10968.88
700, 16465.14
701, 38053.77
702, 16147.55
703, 12177.04
704, 34045.03
705, 6098.55
706, 19823.47
707, 27712.22
708, 8535.90
709, 15153.68
710, 29951.03
711, 29488.68
712, 9526.32
713, 17339.54
714, 4436.57
715, 15163.24
716, 6939.43
717, 8450.97
718, 12211.36
719, 12146.66
720, 18573.30
721, 14502.80
722, 15207.94
723, 22250.13
724, 28945.01
725, 18901.62
726, 10894.82
727, 12591.56
728, 15892.47
729, 3372.05
730, 22627.74
731, 18959.16
732, 18217.39
733, 7419.68
734, 31160.53
735, 20788.77
736, 12575.82
737, 28416.96
738, 33861.79
739, 19042.82
740, 12869.56
741, 30918.34
742, 4946.08
743, 7222.87
744, 12555.29
745, 16796.64
746, 11261.52
747, 5654.14
748, 10746.65
749, 19383.08
750, 11628.03
751, 7297.51
752, 6198.21
753, 10856.32
754, 10801.98
755, 30020.48
756, 17846.58
757, 15708.70
758, 9176.14
759, 19058.64
760, 13631.44
761, 17507.89
762, 29844.54
763, 11732.29
764, 23131.35
765, 15481.06
766, 11225.65
767, 13020.49
768, 14807.04
769, 27352.62
770, 14430.97
771, 12882.10
772, 24785.61
773, 5403.17
774, 24985.50
775, 9464.22
776, 32215.35
777, 2964.51
778, 15044.98
779, 38158.61
780, 16240.30
781, 33929.53
782, 28169.61
783, 20036.95
784, 65770.85
785, 24751.98
786, 17728.70
787, 21707.86
788, 5262.47
789, 13598.16
790, 16342.16
791, 3781.86
792, 11107.94
793, 38544.73
794, 11519.18
795, 25811.78
796, 25705.67
797, 8123.33
798, 10550.24
799, 29999.16
800, 21180.50
801, 8456.38
802, 21561.89
803, 35511.80
804, 8674.49
805, 12659.66
806, 19481.81
807, 9946.57
808, 14912.46
809, 6862.64
810, 23704.78
811, 6053.34
812, 7950.26
813, 25312.20
814, 13156.76
815, 14278.23
816, 11414.75
817, 21036.42
818, 19656.70
819, 7524.32
820, 11999.31
821, 6095.40
822, 21736.35
823, 15891.25
824, 21828.74
825, 22042.27
826, 13645.86
827, 14832.70
828, 24272.72
829, 17552.14
830, 16963.40
831, 12834.68
832, 4912.45
833, 21762.89
834, 21222.07
835, 4265.59
836, 26494.79
837, 23060.61
838, 17892.50
839, 38290.71
840, 20395.83
841, 12672.89
842, 9953.96
843, 26000.71
844, 9108.38
845, 22725.76
846, 17487.64
847, 8017.35
848, 16440.74
849, 19405.83
850, 40110.79
851, 28633.55
852, 9007.81
853, 11461.83
854, 30553.81
855, 15388.97
856, 35540.96
857, 12151.27
858, 6316.68
859, 33478.61
860, 23286.63
861, 12889.43
862, 20739.39
863, 19804.13
864, 34492.30
865, 26674.85
866, 47894.93
867, 34291.98
868, 15132.95
869, 20665.67
870, 11320.96
871, 10364.00
872, 19566.29
873, 20332.04
874, 7961.27
875, 40956.89
876, 30517.83
877, 29072.25
878, 21507.21
879, 9850.58
880, 26120.99
881, 6947.39
882, 16205.73
883, 19196.73
884, 8914.36
885, 3037.53
886, 11827.13
887, 21767.59
888, 6839.21
889, 17132.90
890, 8336.77
891, 41010.43
892, 33165.83
893, 19149.92
894, 21945.20
895, 27211.42
896, 6983.00
897, 23769.11
898, 19232.32
899, 7350.48
900, 17624.02
901, 25640.03
902, 28414.62
903, 15172.70
904, 12211.08
905, 23613.79
906, 40820.19
907, 20421.81
908, 20215.37
909, 16724.09
910, 9589.14
911, 26817.92
912, 5270.57
913, 9903.25
914, 2706.33
915, 9734.42
916, 13680.17
917, 12884.29
918, 34180.02
919, 12227.76
920, 34195.89
921, 37447.52
922, 27632.13
923, 51414.27
924, 16497.06
925, 8367.40
926, 29157.73
927, 15352.51
928, 23233.86
929, 33213.23
930, 22238.88
931, 40270.27
932, 41367.44
933, 25828.78
934, 47906.05
935, 16723.83
936, 57784.40
937, 22881.65
938, 21681.77
939, 10050.29
940, 29420.05
941, 11242.68
942, 14882.35
943, 28730.77
944, 27580.15
945, 33765.45
946, 23580.58
947, 12473.32
948, 29265.23
949, 11575.28
950, 52428.81
951, 17999.74
952, 36438.65
953, 11254.98
954, 45773.71
955, 26282.00
956, 37167.85
957, 17688.57
958, 29346.51
959, 22166.54
960, 19297.23
961, 12007.89
962, 10937.99
963, 29778.65
964, 38018.52
965, 61646.55
966, 9544.77
967, 25272.06
968, 32787.30
969, 9293.35
970, 31226.03
971, 29211.30
972, 17606.88
973, 25806.57
974, 19900.13
975, 46561.16
976, 10903.20
977, 19085.88
978, 22096.76
979, 11293.03
980, 22252.62
981, 21204.21
982, 37426.82
983, 35118.32
984, 29282.49
985, 31576.14
986, 3581.42
987, 20407.32
988, 25528.90
989, 25999.64
990, 37781.40
991, 25213.31
992, 7477.39
993, 39127.76
994, 18230.14
995, 20141.66
996, 40492.86
997, 26626.35
998, 13611.13
999, 40223.52
1000, 9646.17
1001, 45306.49
1002, 20359.46
1003, 39465.82
1004, 11418.60
1005, 16755.88
1006, 24171.17
1007, 36838.76
1008, 7842.38
1009, 21291.87
1010, 23116.83
1011, 32225.22
1012, 31736.80
1013, 17527.80
1014, 19005.26
1015, 65419.07
1016, 7709.76
1017, 39680.05
1018, 28677.43
1019, 9570.12
1020, 44318.45
1021, 21960.05
1022, 10417.38
1023, 9775.37
1024, 16100.81
1025, 46880.26
1026, 24848.46
1027, 40592.80
1028, 29162.72
1029, 22476.01
1030, 51692.90
1031, 18035.77
1032, 20560.27
1033, 49611.54
1034, 35743.75
1035, 32226.60
1036, 63561.97
1037, 37408.64
1038, 28277.48
1039, 17869.11
1040, 41346.62
1041, 5440.49
1042, 31056.27
1043, 27147.37
1044, 11009.61
1045, 21081.79
1046, 35956.74
1047, 4567.41
1048, 2784.18
1049, 32291.03
1050, 41553.85
1051, 20771.62
1052, 20597.26
1053, 43105.94
1054, 32470.57
1055, 30511.46
1056, 64302.64
1057, 35692.84
1058, 15623.03
1059, 12389.21
1060, 33378.37
1061, 18837.41
1062, 14633.83
1063, 17416.62
1064, 11249.81
1065, 80681.12
1066, 19319.74
1067, 30989.90
1068, 44117.96
1069, 11622.82
1070, 21416.03
1071, 46786.67
1072, 53524.57
1073, 28234.09
1074, 49186.98
1075, 26069.68
1076, 25820.58
1077, 23154.25
1078, 17664.32
1079, 9575.28
1080, 65760.86
1081, 3897.06
1082, 65001.10
1083, 10775.04
1084, 12142.94
1085, 41007.46
1086, 37282.52
1087, 36842.00
1088, 33493.72
1089, 38033.30
1090, 25321.07
1091, 22537.97
1092, 6199.58
1093, 38497.44
1094, 45842.08
1095, 33062.71
1096, 16041.05
1097, 32960.08
1098, 47915.18
1099, 41805.32
1100, 24623.26
1101, 1832.21
1102, 25730.12
1103, 36545.20
1104, 23579.66
1105, 39385.23
1106, 37632.49
1107, 50709.30
1108, 34904.89
1109, 40429.49
1110, 47508.69
1111, 54086.83
1112, 34931.14
1113, 21510.90
1114, 44358.83
1115, 42908.18
1116, 36543.66
1117, 38054.52
1118, 29750.25
1119, 48959.81
1120, 31141.90
1121, 1479.16
1122, 20653.52
1123, 31312.40
1124, 35822.59
1125, 21501.07
1126, 12059.67
1127, 22631.36
1128, 53906.26
1129, 16644.52
1130, 37811.04
1131, 56931.64
1132, 28792.97
1133, 26445.42
1134, 19841.45
1135, 23639.80
1136, 32583.68
1137, 30133.22
1138, 35833.40
1139, 31114.42
1140, 29028.48
1141, 30323.50
1142, 33143.44
1143, 18078.77
1144, 39569.81
1145, 18315.76
1146, 42951.43
1147, 14876.20
1148, 45554.92
1149, 16091.41
1150, 46075.58
1151, 31081.85
1152, 66553.84
1153, 15190.50
1154, 19796.33
1155, 39021.39
1156, 23986.10
1157, 54213.44
1158, 42932.27
1159, 33635.14
1160, 12872.47
1161, 40413.36
1162, 61780.27
1163, 37389.76
1164, 65963.98
1165, 20320.49
1166, 18734.71
1167, 5296.29
1168, 42952.48
1169, 57711.52
1170, 70860.42
1171, 37506.81
1172, 5169.82
1173, 21643.17
1174, 65901.41
1175, 40502.26
1176, 23107.43
1177, 39842.57
1178, 17837.68
1179, 29969.11
1180, 8161.21
1181, 15498.47
1182, 16950.38
1183, 23301.58
1184, 22700.14
1185, 52652.93
1186, 20735.84
1187, 39708.36
1188, 36489.92
1189, 59683.62
1190, 19234.02
1191, 17546.60
1192, 65094.39
1193, 16199.41
1194, 45858.62
1195, 30992.29
1196, 54029.56
1197, 24638.49
1198, 20516.99
1199, 18284.04
1200, 29627.97
1201, 21002.84
1202, 31700.22
1203, 38206.04
1204, 31072.11
1205, 19807.23
1206, 28629.20
1207, 29706.77
1208, 20335.33
1209, 33749.73
1210, 71100.78
1211, 67109.47
1212, 20784.64
1213, 22710.32
1214, 34271.29
1215, 5984.58
1216, 38330.79
1217, 10461.67
1218, 44821.39
1219, 23261.87
1220, 47986.19
1221, 12029.35
1222, 47060.96
1223, 32108.47
1224, 26522.68
1225, 12821.63
1226, 21584.72
1227, 17108.42
1228, 21882.85
1229, 29232.21
1230, 11262.83
1231, 20596.79
1232, 25994.33
1233, 29754.14
1234, 41670.94
1235, 36914.84
1236, 13232.01
1237, 8335.19
1238, 51848.68
1239, 19857.96
1240, 32609.69
1241, 23398.28
1242, 33678.04
1243, 76220.98
1244, 29639.49
1245, 35973.28
1246, 46128.14
1247, 5922.90
1248, 30945.56
1249, 40764.48
1250, 40245.61
1251, 13712.80
1252, 38005.52
1253, 15955.03
1254, 26884.30
1255, 42914.16
1256, 20109.42
1257, 23831.21
1258, 55225.62
1259, 36759.68
1260, 19318.23
1261, 15227.64
1262, 40025.98
1263, 5776.63
1264, 21178.40
1265, 10179.49
1266, 49671.47
1267, 40893.38
1268, 18244.04
1269, 37746.12
1270, 70021.05
1271, 33265.00
1272, 15924.99
1273, 73466.22
1274, 23707.57
1275, 31817.43
1276, 22227.93
1277, 26109.75
1278, 46060.82
1279, 25605.38
1280, 46141.77
1281, 11242.69
1282, 17719.18
1283, 24587.66
1284, 10742.15
1285, 70716.92
1286, 24169.11
1287, 36544.88
1288, 38011.20
1289, 18723.38
1290, 21988.75
1291, 19321.94
1292, 64850.33
1293, 32108.77
1294, 42377.45
1295, 23009.30
1296, 55499.55
1297, 53524.29
1298, 46908.88
1299, 43569.97
1300, 13101.32
1301, 41102.22
1302, 34340.62
1303, 19949.85
1304, 29799.51
1305, 22373.35
1306, 16328.50
1307, 15563.72
1308, 43797.51
1309, 3526.19
1310, 23380.83
1311, 43704.96
1312, 42366.30
1313, 18585.43
1314, 42813.65
1315, 31149.37
1316, 39248.52
1317, 50227.27
1318, 29046.77
1319, 28175.66
1320, 39293.14
1321, 45009.77
1322, 41178.76
1323, 16820.22
1324, 31338.86
1325, 25697.30
1326, 7148.11
1327, 26446.78
1328, 32274.96
1329, 27944.07
1330, 18488.30
1331, 18805.40
1332, 18347.03
1333, 38775.94
1334, 28428.36
1335, 27703.57
1336, 14785.52
1337, 37391.53
1338, 37651.01
1339, 26631.21
1340, 19275.94
1341, 35077.24
1342, 38070.24
1343, 14945.87
1344, 61354.00
1345, 6091.14
1346, 24207.98
1347, 7454.27
1348, 36109.98
1349, 18193.29
1350, 23896.18
1351, 24107.19
1352, 48025.46
1353, 23233.96
1354, 17285.38
1355, 11125.93
1356, 11343.50
1357, 44611.84
1358, 55969.34
1359, 14072.38
1360, 53968.22
1361, 13368.39
1362, 51724.47
1363, 38744.66
1364, 25903.85
1365, 5632.53
1366, 7687.94
1367, 32165.71
1368, 24807.92
1369, 51396.88
1370, 32276.95
1371, 39855.25
1372, 17870.17
1373, 38669.54
1374, 21318.18
1375, 20069.50
1376, 85282.67
1377, 39363.25
1378, 55467.71
1379, 21872.74
1380, 8762.16
1381, 34652.21
1382, 16573.60
1383, 11901.59
1384, 37928.55
1385, 44668.65
1386, 28328.21
1387, 51879.57
1388, 43963.38
1389, 33799.69
1390, 46297.25
1391, 67112.39
1392, 19996.81
1393, 30883.21
1394, 4063.67
1395, 35531.43
1396, 20560.76
1397, 36427.46
1398, 26127.61
1399, 61451.78
1400, 7498.23
1401, 66155.78
1402, 49141.82
1403, 26150.76
1404, 14489.73
1405, 10881.73
1406, 40783.59
1407, 21538.28
1408, 25964.77
1409, 4832.23
1410, 13866.58
1411, 16630.68
1412, 16691.66
1413, 48021.14
1414, 10491.82
1415, 18419.53
1416, 18413.75
1417, 7065.85
1418, 24367.82
1419, 47382.56
1420, 32884.25
1421, 26235.10
1422, 36424.36
1423, 43908.89
1424, 4432.35
1425, 33479.00
1426, 47508.80
1427, 60804.67
1428, 10012.31
1429, 21615.57
1430, 46897.88
1431, 16904.22
1432, 20575.12
1433, 30598.96
1434, 10961.42
1435, 48772.20
1436, 14878.18
1437, 18074.72
1438, 36146.23
1439, 3320.20
1440, 24326.73
1441, 34251.66
1442, 34850.13
1443, 13260.06
1444, 23721.22
1445, 39540.20
1446, 9142.45
1447, 14524.41
1448, 28025.91
1449, 11204.84
1450, 47754.75
1451, 40423.00
1452, 15285.58
1453, 42397.69
1454, 16934.29
1455, 25192.12
1456, 12926.34
1457, 16111.54
1458, 20035.44
1459, 24322.88
1460, 19234.19
1461, 41529.79
1462, 30480.25
1463, 18074.18
1464, 17993.05
1465, 29300.11
1466, 42435.00
1467, 28764.33
1468, 16872.13
1469, 25455.72
1470, 27670.28
1471, 50170.20
1472, 31137.48
1473, 12040.42
1474, 37147.56
1475, 19132.59
1476, 35508.11
1477, 21459.07
1478, 33415.86
1479, 38909.12
1480, 2072.27
1481, 12865.57
1482, 41519.74
1483, 28944.10
1484, 33814.35
1485, 39519.69
1486, 26876.72
1487, 21079.53
1488, 6631.91
1489, 7499.26
1490, 25365.47
1491, 37175.77
1492, 38870.05
1493, 14397.36
1494, 21161.03
1495, 39564.14
1496, 17475.31
1497, 44776.58
1498, 33828.35
1499, 19522.10
1500, 13600.21
1501, 9422.64
1502, 20362.49
1503, 50791.01
1504, 8404.39
1505, 7106.10
1506, 20381.60
1507, 39177.18
1508, 10739.54
1509, 19817.54
1510, 34977.85
1511, 15910.07
1512, 37786.02
1513, 43209.90
1514, 15128.23
1515, 37450.66
1516, 7808.04
1517, 13304.89
1518, 48411.06
1519, 22607.93
1520, 35915.62
1521, 12384.26
1522, 7344.81
1523, 21848.85
1524, 22167.85
1525, 17823.03
1526, 15045.09
1527, 10500.25
1528, 24379.08
1529, 25779.23
1530, 56262.88
1531, 14468.37
1532, 11216.77
1533, 5173.15
1534, 60639.57
1535, 19751.92
1536, 2175.70
1537, 20847.16
1538, 13692.53
1539, 23261.74
1540, 28822.52
1541, 23599.15
1542, 12932.04
1543, 17774.13
1544, 16140.94
1545, 34060.97
1546, 8527.96
1547, 43937.28
1548, 29382.63
1549, 12305.43
1550, 36584.26
1551, 36516.26
1552, 21889.14
1553, 16954.54
1554, 37689.21
1555, 24435.65
1556, 28636.96
1557, 27583.41
1558, 24235.88
1559, 16904.93
1560, 21887.33
1561, 25157.98
1562, 28721.15
1563, 5646.78
1564, 18910.35
1565, 9292.32
1566, 13355.63
1567, 14382.82
1568, 8634.25
1569, 17490.56
1570, 19348.78
1571, 18527.08
1572, 20942.63
1573, 24346.36
1574, 26149.74
1575, 8117.85
1576, 16587.25
1577, 18310.40
1578, 21484.50
1579, 70613.97
1580, 40232.53
1581, 23189.53
1582, 29926.46
1583, 35314.12
1584, 27929.14
1585, 6712.60
1586, 35604.59
1587, 36021.87
1588, 15090.27
1589, 49176.59
1590, 32970.11
1591, 6127.66
1592, 27329.79
1593, 33356.77
1594, 25929.46
1595, 26108.45
1596, 11093.26
1597, 23079.90
1598, 50175.05
1599, 24457.35
1600, 37392.75
1601, 13478.81
1602, 23153.56
1603, 34485.69
1604, 29582.93
1605, 24312.95
1606, 21277.98
1607, 22829.08
1608, 33044.14
1609, 38692.93
1610, 63712.85
1611, 4337.71
1612, 46597.41
1613, 31837.26
1614, 21359.23
1615, 12621.70
1616, 11143.75
1617, 15538.53
1618, 20966.72
1619, 2887.17
1620, 10592.55
1621, 35325.84
1622, 18076.80
1623, 22199.97
1624, 12314.38
1625, 5480.61
1626, 42391.03
1627, 16089.96
1628, 48932.36
1629, 11098.93
1630, 23542.48
1631, 10111.56
1632, 10840.13
1633, 22087.29
1634, 21920.10
1635, 10457.18
1636, 22753.35
1637, 36479.70
1638, 26410.89
1639, 15784.23
1640, 28062.92
1641, 25389.40
1642, 28852.44
1643, 27733.35
1644, 29038.51
1645, 5691.90
1646, 22991.69
1647, 21963.87
1648, 10239.65
1649, 29754.08
1650, 11569.07
1651, 28972.15
1652, 18785.77
1653, 35948.74
1654, 25440.32
1655, 36760.69
1656, 16364.52
1657, 26057.66
1658, 26145.14
1659, 16586.26
1660, 33879.90
1661, 29002.69
1662, 8711.56
1663, 30579.37
1664, 5954.14
1665, 25563.36
1666, 43536.56
1667, 27488.95
1668, 9232.73
1669, 36958.89
1670, 18702.79
1671, 16940.37
1672, 61720.66
1673, 20442.68
1674, 10319.35
1675, 21651.39
1676, 38584.14
1677, 26910.28
1678, 16845.86
1679, 25353.02
1680, 22769.54
1681, 13477.14
1682, 8007.71
1683, 27545.53
1684, 13336.36
1685, 32744.05
1686, 32007.32
1687, 7803.96
1688, 9371.94
1689, 12340.57
1690, 33806.71
1691, 8249.24
1692, 51734.56
1693, 11639.75
1694, 40614.41
1695, 19360.91
1696, 9601.67
1697, 19876.64
1698, 43001.33
1699, 25239.34
1700, 19527.31
1701, 41708.97
1702, 34057.30
1703, 6317.42
1704, 52751.13
1705, 17940.53
1706, 26677.27
1707, 26775.60
1708, 16841.15
1709, 32260.43
1710, 38176.70
1711, 23373.31
1712, 15943.52
1713, 23491.21
1714, 18642.56
1715, 27124.14
1716, 14596.10
1717, 28051.65
1718, 18356.27
1719, 15547.89
1720, 29341.68
1721, 11369.71
1722, 15767.44
1723, 7921.48
1724, 13882.07
1725, 39365.51
1726, 32623.70
1727, 3123.87
1728, 35452.38
1729, 33942.50
1730, 28688.50
1731, 18522.15
1732, 14848.33
1733, 5317.20
1734, 29048.11
1735, 7691.56
1736, 19337.75
1737, 38396.96
1738, 29385.38
1739, 28575.68
1740, 15270.05
1741, 35588.02
1742, 22005.83
1743, 19678.29
1744, 19409.18
1745, 12365.34
1746, 15901.47
1747, 49283.11
1748, 30666.47
1749, 11239.79
1750, 42985.41
1751, 2586.24
1752, 17577.50
1753, 30830.79
1754, 6115.17
1755, 38868.94
1756, 10034.17
1757, 21496.18
1758, 17668.87
1759, 27332.67
1760, 30341.97
1761, 23479.39
1762, 37452.33
1763, 22945.61
1764, 4963.31
1765, 32239.25
1766, 22110.85
1767, 36038.94
1768, 17809.23
1769, 21601.55
1770, 23732.40
1771, 23658.19
1772, 9831.90
1773, 33428.87
1774, 19301.50
1775, 47169.95
1776, 15168.68
1777, 27897.93
1778, 28918.17
1779, 33571.07
1780, 10353.03
1781, 30441.11
1782, 30432.96
1783, 10865.18
1784, 4994.83
1785, 22372.41
1786, 29319.83
1787, 19101.91
1788, 2338.64
1789, 24203.81
1790, 9302.93
1791, 5333.17
1792, 21827.27
1793, 11590.08
1794, 10540.60
1795, 9335.65
1796, 15966.30
1797, 36369.58
1798, 25549.09
1799, 8433.50
1800, 37658.46
1801, 10146.11
1802, 38201.30
1803, 34675.97
1804, 17334.98
1805, 22018.49
1806, 31262.13
1807, 11024.90
1808, 32952.93
1809, 14887.39
1810, 10593.00
1811, 17995.59
1812, 32822.66
1813, 17943.90
1814, 18191.23
1815, 20356.56
1816, 21344.96
1817, 26737.91
1818, 38960.35
1819, 14375.52
1820, 25388.52
1821, 18249.60
1822, 23547.05
1823, 14555.13
1824, 20276.50
1825, 21782.96
1826, 40107.94
1827, 40755.18
1828, 15828.74
1829, 11244.04
1830, 30837.10
1831, 17450.52
1832, 10190.08
1833, 13834.53
1834, 16768.17
1835, 25105.41
1836, 11979.06
1837, 24693.90
1838, 30231.87
1839, 25941.92
1840, 18156.38
1841, 36506.13
1842, 14749.31
1843, 6693.00
1844, 15817.49
1845, 25460.94
1846, 27657.84
1847, 27448.45
1848, 14417.20
1849, 21412.07
1850, 33344.55
1851, 7622.86
1852, 24130.42
1853, 6115.03
1854, 33775.35
1855, 15672.43
1856, 11199.98
1857, 51441.93
1858, 9318.38
1859, 20745.86
1860, 13841.54
1861, 25713.12
1862, 38208.20
1863, 13602.94
1864, 22473.50
1865, 28824.95
1866, 7474.92
1867, 50391.41
1868, 8833.28
1869, 21210.58
1870, 17093.72
1871, 36769.86
1872, 26047.47
1873, 14872.40
1874, 26484.41
1875, 9875.74
1876, 33343.71
1877, 14767.71
1878, 13698.00
1879, 16203.79
1880, 8941.29
1881, 16708.56
1882, 10457.36
1883, 24964.73
1884, 22640.21
1885, 10763.27
1886, 23003.03
1887, 25720.52
1888, 31554.53
1889, 20561.18
1890, 21107.54
1891, 23776.82
1892, 29445.02
1893, 7894.23
1894, 14920.98
1895, 15114.58
1896, 14628.89
1897, 34230.41
1898, 14348.00
1899, 12515.22
1900, 30048.99
1901, 5239.67
1902, 1578.37
1903, 38278.46
1904, 15379.37
1905, 6812.13
1906, 33907.15
1907, 8875.50
1908, 14941.93
1909, 28726.16
1910, 38917.96
1911, 17648.27
1912, 14849.91
1913, 9574.44
1914, 7082.55
1915, 9172.94
1916, 6305.78
1917, 12450.20
1918, 11410.93
1919, 11401.57
1920, 18817.42
1921, 25020.25
1922, 16707.48
1923, 10065.20
1924, 8551.85
1925, 23237.20
1926, 34274.96
1927, 19630.61
1928, 6007.97
1929, 27757.05
1930, 16456.68
1931, 16617.54
1932, 23574.68
1933, 20160.83
1934, 9719.91
1935, 16669.89
1936, 18522.52
1937, 1684.84
1938, 10160.09
1939, 24072.78
1940, 20560.60
1941, 16195.76
1942, 11356.82
1943, 31189.41
1944, 22577.51
1945, 20027.08
1946, 25767.99
1947, 9658.88
1948, 19341.57
1949, 17932.09
1950, 13029.59
1951, 2541.77
1952, 13038.55
1953, 13774.15
1954, 20002.40
1955, 13981.27
1956, 3089.52
1957, 5410.81
1958, 6799.74
1959, 20645.72
1960, 8317.25
1961, 25615.15
1962, 38017.49
1963, 43957.57
1964, 7396.13
1965, 27198.45
1966, 25448.50
1967, 20103.79
1968, 22129.19
1969, 26814.01
1970, 21939.70
1971, 20378.27
1972, 23263.98
1973, 15808.00
1974, 9985.75
1975, 19431.95
1976, 5985.81
1977, 11787.80
1978, 23794.10
1979, 16997.11
1980, 18156.21
1981, 268.50
1982, 33133.71
1983, 32095.74
1984, 8124.62
1985, 21821.93
1986, 5547.86
1987, 9111.42
1988, 10497.87
1989, 3305.01
1990, 24571.18
1991, 9596.55
1992, 13386.10
1993, 26248.17
1994, 17802.96
1995, 19716.36
1996, 42649.00
1997, 11500.83
1998, 26086.59
1999, 6818.85
2000, 2245.20
2001, 7341.34
2002, 10879.86
2003, 13993.41
2004, 34282.37
2005, 16513.57
2006, 6778.90
2007, 32495.88
2008, 26091.21
2009, 30864.41
2010, 15747.55
2011, 20424.67
2012, 20828.11
2013, 11304.07
2014, 15855.38
2015, 25850.02
2016, 27237.15
2017, 26862.55
2018, 12920.06
2019, 7555.89
2020, 18134.97
2021, 15129.42
2022, 20350.33
2023, 2076.33
2024, 24261.00
2025, 25757.03
2026, 15988.47
2027, 13472.93
2028, 15866.75
2029, 10882.30
2030, 7559.59
2031, 9623.04
2032, 19479.72
2033, 10608.18
2034, 32195.55
2035, 18584.05
2036, 15230.54
2037, 8021.17
2038, 18767.62
2039, 4424.59
2040, 31373.41
2041, 8370.63
2042, 27596.61
2043, 13983.26
2044, 6964.82
2045, 15090.08
2046, 8030.62
2047, 22848.36
=== END ===


=== BATCH 8 ===
0, 1859572.38
1, 10851.35
2, 9467.20
3, 9436.73
4, 20343.18
5, 12422.73
6, 10082.64
7, 13618.57
8, 2634.53
9, 5540.60
10, 10840.74
11, 8352.20
12, 15810.03
13, 9405.53
14, 15598.02
15, 27320.49
16, 3848.27
17, 34690.46
18, 19715.01
19, 1766.30
20, 17074.17
21, 8772.01
22, 16859.30
23, 13863.28
24, 21275.46
25, 23530.74
26, 6664.13
27, 11122.63
28, 11387.17
29, 8144.66
30, 8207.09
31, 10572.39
32, 11418.78
33, 22866.02
34, 7880.32
35, 9298.04
36, 20523.82
37, 20475.21
38, 8908.52
39, 19241.69
40, 15986.22
41, 12789.20
42, 24597.49
43, 11751.09
44, 17021.90
45, 17383.21
46, 15003.24
47, 22275.41
48, 11023.29
49, 11889.33
50, 14100.96
51, 6940.07
52, 12940.89
53, 13019.83
54, 19341.73
55, 17268.65
56, 19820.59
57, 7169.92
58, 10711.99
59, 10097.08
60, 8571.10
61, 11552.51
62, 18856.56
63, 14691.71
64, 5583.38
65, 10215.75
66, 6916.28
67, 8661.32
68, 18087.81
69, 10896.51
70, 7121.99
71, 4384.48
72, 18587.93
73, 18977.96
74, 6564.37
75, 14398.08
76, 3690.32
77, 10335.32
78, 11124.32
79, 17117.71
80, 17411.48
81, 19156.66
82, 6445.77
83, 10160.48
84, 16790.30
85, 5438.87
86, 8322.19
87, 13323.60
88, 2982.04
89, 6281.54
90, 3269.62
91, 4513.60
92, 5979.35
93, 9663.06
94, 17532.12
95, 25554.71
96, 14076.65
97, 19229.91
98, 12610.64
99, 11417.51
100, 8025.98
101, 5114.76
102, 1966.78
103, 10741.20
104, 11636.19
105, 3609.82
106, 10385.90
107, 6330.63
108, 25140.04
109, 10564.74
110, 9856.33
111, 3728.14
112, 3158.96
113, 5954.61
114, 9667.89
115, 990.53
116, 17475.69
117, 8339.06
118, 5264.32
119, 9987.54
120, 13414.22
121, 9776.95
122, 3762.79
123, 3851.97
124, 16746.46
125, 11340.28
126, 15605.74
127, 10426.82
128, 11760.22
129, 2903.01
130, 4015.41
131, 8562.07
132, 5822.47
133, 8057.59
134, 7689.76
135, 8650.52
136, 9098.96
137, 16435.54
138, 6282.16
139, 5597.42
140, 16889.65
141, 15623.20
142, 5631.06
143, 9977.06
144, 11805.86
145, 8255.20
146, 20289.33
147, 6525.02
148, 17530.39
149, 3666.16
150, 13086.92
151, 14985.08
152, 18458.02
153, 14651.99
154, 3823.69
155, 20491.97
156, 16307.85
157, 4863.26
158, 4792.14
159, 18000.25
160, 9307.75
161, 11422.04
162, 11144.44
163, 2470.40
164, 12856.50
165, 12877.55
166, 3016.56
167, 5535.55
168, 7537.98
169, 31067.16
170, 5938.79
171, 3653.43
172, 12726.44
173, 17986.86
174, 9430.99
175, 5447.63
176, 2643.69
177, 7637.41
178, 5518.85
179, 2160.46
180, 22860.46
181, 4151.37
182, 13493.88
183, 34756.70
184, 20627.37
185, 7127.71
186, 2481.55
187, 9565.86
188, 12219.55
189, 13242.62
190, 6417.76
191, 7263.93
192, 12741.41
193, 9724.71
194, 17156.99
195, 21548.36
196, 4742.05
197, 14108.78
198, 926.74
199, 18301.56
200, 17431.11
201, 7693.94
202, 15884.01
203, 19260.10
204, 1642.74
205, 17621.64
206, 9273.62
207, 6228.90
208, 14353.18
209, 8123.04
210, 13161.99
211, 5120.96
212, 7124.68
213, 3409.89
214, 14453.59
215, 4657.55
216, 9511.04
217, 14850.60
218, 6232.79
219, 14153.59
220, 22320.72
221, 16809.02
222, 7067.82
223, 5799.10
224, 12440.08
225, 417.42
226, 20054.21
227, 8929.58
228, 10871.62
229, 19852.40
230, 2863.85
231, 9531.00
232, 8176.96
233, 13735.91
234, 12148.54
235, 4213.12
236, 15995.92
237, 2766.75
238, 15749.93
239, 15353.33
240, 28324.18
241, 12409.59
242, 6741.57
243, 4586.66
244, 5719.95
245, 8119.85
246, 9111.81
247, 10175.65
248, 9415.85
249, 5662.52
250, 7869.26
251, 2598.91
252, 1073.22
253, 4756.91
254, 6440.74
255, 5495.00
256, 10556.32
257, 15939.74
258, 18528.93
259, 14448.88
260, 8727.83
261, 10408.07
262, 2113.02
263, 13594.24
264, 5153.86
265, 13608.59
266, 20550.57
267, 9423.07
268, 12956.34
269, 18003.56
270, 21589.22
271, 8870.72
272, 3442.36
273, 2349.98
274, 14078.31
275, 12885.90
276, 6186.26
277, 10146.85
278, 7051.54
279, 21158.75
280, 5287.86
281, 21428.09
282, 3240.13
283, 11344.71
284, 15325.29
285, 15518.83
286, 10549.91
287, 13663.66
288, 23783.11
289, 4632.27
290, 13993.44
291, 22250.13
292, 10139.98
293, 6017.92
294, 16454.83
295, 9422.91
296, 21350.63
297, 15885.09
298, 5172.91
299, 11354.95
300, 12012.39
301, 12542.56
302, 12794.15
303, 11978.61
304, 3005.99
305, 18865.80
306, 19694.09
307, 3953.98
308, 20421.19
309, 1566.36
310, 9935.20
311, 10552.57
312, 10129.38
313, 5334.34
314, 799.84
315, 13766.88
316, 7515.31
317, 10067.89
318, 8526.51
319, 12176.41
320, 15037.41
321, 9613.09
322, 3493.72
323, 4899.57
324, 5825.75
325, 8489.17
326, 5905.32
327, 13005.23
328, 1960.05
329, 8431.71
330, 12256.57
331, 5607.32
332, 3514.51
333, 15402.03
334, 10073.86
335, 4277.85
336, 1879.80
337, 11231.47
338, 2463.43
339, 22363.85
340, 7730.87
341, 9471.71
342, 6432.10
343, 10250.22
344, 17829.74
345, 12556.35
346, 6775.99
347, 11450.09
348, 18288.05
349, 7924.71
350, 6692.62
351, 12803.86
352, 11851.19
353, 17196.52
354, 6388.46
355, 19781.26
356, 8603.31
357, 17436.69
358, 7135.28
359, 14666.44
360, 14098.09
361, 6924.26
362, 9451.34
363, 14460.41
364, 2553.05
365, 9661.86
366, 9759.70
367, 19771.79
368, 4942.40
369, 14063.02
370, 6482.34
371, 18422.39
372, 7228.76
373, 7010.02
374, 3214.85
375, 9045.41
376, 14787.84
377, 9683.30
378, 2450.37
379, 22883.03
380, 3512.88
381, 2326.87
382, 11372.69
383, 13416.98
384, 6148.93
385, 15850.60
386, 7356.26
387, 24176.51
388, 11214.72
389, 5802.80
390, 10643.34
391, 13674.17
392, 10633.03
393, 15487.73
394, 8630.41
395, 3681.57
396, 2432.89
397, 8366.55
398, 11957.06
399, 9403.84
400, 4420.94
401, 7078.66
402, 5053.09
403, 11244.56
404, 7933.81
405, 11132.53
406, 18223.75
407, 10078.96
408, 9402.10
409, 15178.58
410, 13973.52
411, 19742.04
412, 15183.51
413, 16819.30
414, 14785.60
415, 20358.34
416, 25763.89
417, 15470.26
418, 5218.10
419, 16533.57
420, 14780.44
421, 7839.14
422, 4078.91
423, 24742.53
424, 12730.16
425, 8674.59
426, 18028.09
427, 5222.21
428, 15658.25
429, 7973.90
430, 12076.53
431, 28797.05
432, 14416.41
433, 20413.07
434, 12727.25
435, 7676.24
436, 12637.18
437, 15842.24
438, 14383.67
439, 13780.76
440, 7539.00
441, 28146.51
442, 9711.29
443, 9114.79
444, 7560.70
445, 2134.72
446, 10003.00
447, 13081.23
448, 8354.50
449, 14775.29
450, 9066.49
451, 8502.95
452, 12153.62
453, 3607.45
454, 21680.06
455, 21172.24
456, 26719.14
457, 4728.02
458, 3572.04
459, 11476.84
460, 15788.19
461, 872.48
462, 19626.06
463, 3147.01
464, 17679.93
465, 3324.82
466, 7197.06
467, 7065.93
468, 18401.17
469, 5201.48
470, 4758.11
471, 27349.50
472, 24847.86
473, 24874.67
474, 16469.11
475, 8371.20
476, 17293.73
477, 12826.07
478, 11900.79
479, 20019.98
480, 13672.60
481, 11232.09
482, 22192.97
483, 20879.41
484, 5898.76
485, 16407.42
486, 5968.75
487, 7543.13
488, 14098.51
489, 17912.76
490, 13325.44
491, 23582.51
492, 8858.82
493, 9397.42
494, 27594.58
495, 21852.18
496, 14346.09
497, 2376.25
498, 5334.72
499, 19578.66
500, 16436.86
501, 6860.23
502, 7542.99
503, 32415.28
504, 16217.29
505, 2619.89
506, 13743.25
507, 16888.30
508, 13802.57
509, 15096.28
510, 4541.14
511, 13262.83
512, 11749.94
513, 9933.64
514, 23377.35
515, 11201.42
516, 7743.20
517, 8647.81
518, 21033.27
519, 22205.75
520, 5591.93
521, 13443.28
522, 12119.89
523, 34550.86
524, 20488.81
525, 18489.41
526, 4437.12
527, 25012.80
528, 4582.99
529, 20529.22
530, 22622.39
531, 21150.74
532, 10037.03
533, 11079.10
534, 13668.49
535, 16813.06
536, 5776.88
537, 9018.29
538, 10769.41
539, 20783.45
540, 21068.40
541, 5516.08
542, 10481.08
543, 4473.74
544, 7745.45
545, 25193.63
546, 16412.81
547, 10872.04
548, 8282.41
549, 14907.87
550, 2586.30
551, 10659.07
552, 2659.49
553, 14806.88
554, 21619.05
555, 16514.76
556, 21042.83
557, 13215.96
558, 12391.95
559, 6310.95
560, 10092.08
561, 8813.35
562, 34139.46
563, 24489.76
564, 19585.48
565, 10874.15
566, 3469.31
567, 19059.40
568, 14502.02
569, 28020.56
570, 22826.41
571, 5391.43
572, 11494.53
573, 4526.42
574, 16234.91
575, 9710.90
576, 27451.11
577, 20014.04
578, 14809.96
579, 23042.09
580, 10380.50
581, 7167.64
582, 10677.06
583, 19067.99
584, 17608.82
585, 4823.74
586, 6993.35
587, 10962.35
588, 21187.77
589, 27248.40
590, 16357.89
591, 9640.35
592, 14042.14
593, 8987.74
594, 2997.41
595, 28421.70
596, 9037.17
597, 18312.31
598, 13403.93
599, 15435.01
600, 41986.91
601, 17163.38
602, 11211.09
603, 25502.28
604, 11429.03
605, 36086.23
606, 12002.07
607, 14908.42
608, 12791.36
609, 11587.65
610, 30854.04
611, 12181.13
612, 20911.66
613, 13405.71
614, 18604.80
615, 6805.12
616, 14191.17
617, 12252.24
618, 28882.82
619, 15253.62
620, 5510.93
621, 29838.01
622, 27718.47
623, 12697.62
624, 9475.23
625, 18890.44
626, 28441.60
627, 11823.10
628, 14390.11
629, 11282.88
630, 6099.60
631, 17237.91
632, 17451.77
633, 19726.39
634, 27768.25
635, 8909.22
636, 21194.51
637, 10869.52
638, 10537.95
639, 3023.79
640, 23483.93
641, 8498.00
642, 28314.36
643, 12505.12
644, 8336.54
645, 1533.27
646, 19704.31
647, 9586.09
648, 41302.88
649, 11735.52
650, 3865.20
651, 25351.36
652, 24654.89
653, 11065.33
654, 5969.16
655, 6779.56
656, 13015.10
657, 26539.91
658, 18608.55
659, 24413.20
660, 13327.02
661, 9676.91
662, 16570.83
663, 17369.79
664, 11383.62
665, 16665.58
666, 10782.28
667, 21029.70
668, 15614.90
669, 19082.64
670, 10805.77
671, 9459.78
672, 4857.07
673, 19399.63
674, 10101.71
675, 15980.31
676, 4063.24
677, 15340.56
678, 12465.48
679, 25270.39
680, 30361.39
681, 27434.04
682, 12984.86
683, 10193.57
684, 5259.49
685, 20489.88
686, 14254.70
687, 17967.46
688, 9023.16
689, 19925.62
690, 10044.92
691, 20850.42
692, 22577.43
693, 13023.52
694, 13016.80
695, 16374.63
696, 17782.14
697, 14894.14
698, 27978.71
699, 23793.41
700, 33442.17
701, 22279.23
702, 12784.86
703, 16582.80
704, 9729.87
705, 7769.67
706, 8200.29
707, 23413.51
708, 45823.77
709, 31239.36
710, 16073.83
711, 12733.19
712, 11375.86
713, 20582.67
714, 20982.45
715, 9226.00
716, 17731.72
717, 31081.78
718, 17853.37
719, 26195.77
720, 16529.11
721, 29624.18
722, 18694.61
723, 25147.30
724, 16895.87
725, 20214.36
726, 8779.19
727, 29533.19
728, 31495.59
729, 28256.28
730, 9531.60
731, 8399.18
732, 18286.65
733, 2952.78
734, 6090.33
735, 29588.64
736, 22828.52
737, 21350.56
738, 17788.55
739, 13945.82
740, 9364.27
741, 3716.12
742, 28275.95
743, 20828.01
744, 13752.68
745, 19619.90
746, 12241.27
747, 14907.66
748, 6465.38
749, 23445.86
750, 10104.47
751, 3124.16
752, 12636.22
753, 15280.70
754, 5866.75
755, 27029.06
756, 16123.76
757, 39818.53
758, 16084.59
759, 20044.07
760, 3906.30
761, 16595.94
762, 41099.69
763, 34432.53
764, 9675.90
765, 19042.03
766, 7491.65
767, 23393.32
768, 24389.85
769, 13379.84
770, 15901.69
771, 16454.07
772, 16628.42
773, 9315.39
774, 12699.75
775, 24585.75
776, 29300.29
777, 20979.72
778, 22148.38
779, 17917.78
780, 14356.37
781, 13116.74
782, 1511.84
783, 38589.79
784, 28179.24
785, 14765.11
786, 27032.21
787, 10796.68
788, 23607.35
789, 7670.74
790, 22522.54
791, 16349.63
792, 46086.52
793, 37493.25
794, 6746.49
795, 30618.21
796, 7236.53
797, 14004.05
798, 9788.41
799, 13222.95
800, 16459.65
801, 25104.37
802, 33954.60
803, 24283.57
804, 31023.74
805, 34606.62
806, 22722.65
807, 13717.69
808, 12909.00
809, 12705.91
810, 31757.87
811, 14378.75
812, 11891.31
813, 11380.07
814, 5009.00
815, 9770.23
816, 17470.72
817, 14925.38
818, 7138.72
819, 20462.81
820, 12420.44
821, 13016.65
822, 32961.04
823, 8067.21
824, 26524.37
825, 25264.32
826, 1093.72
827, 20217.21
828, 1543.69
829, 14100.93
830, 9914.38
831, 20316.65
832, 23918.77
833, 28632.49
834, 11949.63
835, 27834.73
836, 28205.82
837, 18937.41
838, 15394.48
839, 8146.77
840, 29950.59
841, 5175.05
842, 5447.58
843, 30125.85
844, 28987.79
845, 11974.43
846, 18322.72
847, 32940.73
848, 9808.61
849, 13757.26
850, 10565.53
851, 18792.75
852, 20792.67
853, 10400.56
854, 22344.27
855, 16597.39
856, 26134.26
857, 5234.16
858, 41339.08
859, 22895.94
860, 33083.80
861, 1655.60
862, 3108.36
863, 23522.40
864, 16961.75
865, 6462.03
866, 12725.85
867, 13197.54
868, 46009.54
869, 23533.19
870, 39432.79
871, 30029.09
872, 10843.66
873, 12058.30
874, 8429.29
875, 20128.08
876, 21285.53
877, 15847.65
878, 5632.70
879, 8072.19
880, 8044.97
881, 27751.34
882, 20788.89
883, 44486.52
884, 13051.73
885, 26500.60
886, 6934.78
887, 3367.01
888, 25113.50
889, 14574.95
890, 3622.48
891, 16966.08
892, 31337.32
893, 39624.05
894, 13643.94
895, 15254.15
896, 24642.89
897, 4635.67
898, 31683.39
899, 13093.79
900, 17359.23
901, 32032.45
902, 9625.30
903, 4953.82
904, 10140.54
905, 7785.95
906, 8430.82
907, 31226.62
908, 43285.40
909, 22223.65
910, 14604.27
911, 23672.78
912, 31271.71
913, 12987.68
914, 2769.30
915, 38614.16
916, 14740.57
917, 30706.42
918, 4038.03
919, 14503.81
920, 23056.09
921, 26554.02
922, 22066.45
923, 8731.99
924, 30807.94
925, 37793.78
926, 15250.26
927, 19311.94
928, 17829.01
929, 20401.34
930, 30965.31
931, 9446.44
932, 19044.70
933, 9072.37
934, 21081.26
935, 28135.71
936, 22523.67
937, 14455.17
938, 28669.24
939, 23338.14
940, 8265.82
941, 11876.37
942, 28256.60
943, 26850.75
944, 19236.54
945, 23269.67
946, 14902.63
947, 14931.83
948, 20130.43
949, 4829.19
950, 11442.77
951, 21880.26
952, 12226.94
953, 3597.70
954, 26069.59
955, 21005.12
956, 35238.66
957, 35604.86
958, 21091.56
959, 33639.81
960, 16448.73
961, 38143.09
962, 9233.48
963, 22557.93
964, 12285.76
965, 7275.42
966, 39916.03
967, 33376.73
968, 13583.65
969, 22231.79
970, 22542.68
971, 34770.59
972, 17589.02
973, 20771.04
974, 13483.70
975, 22355.62
976, 25005.57
977, 22725.17
978, 45463.74
979, 28111.88
980, 28225.54
981, 16223.00
982, 21695.09
983, 36741.29
984, 14092.36
985, 37769.65
986, 15287.25
987, 20727.70
988, 3511.31
989, 4503.30
990, 18985.80
991, 6022.61
992, 17274.65
993, 2505.10
994, 13305.62
995, 15404.68
996, 16166.19
997, 36889.02
998, 18367.47
999, 43049.54
1000, 4504.87
1001, 19264.04
1002, 8902.27
1003, 23917.09
1004, 23341.32
1005, 19266.38
1006, 54885.36
1007, 17194.89
1008, 9810.62
1009, 31549.90
1010, 30974.93
1011, 33238.93
1012, 10814.14
1013, 10685.34
1014, 5475.86
1015, 6513.28
1016, 15757.29
1017, 37767.38
1018, 34020.38
1019, 34475.28
1020, 23394.14
1021, 18341.99
1022, 52641.05
1023, 18413.68
1024, 35338.60
1025, 37408.00
1026, 40944.46
1027, 18120.99
1028, 13200.64
1029, 13551.26
1030, 48508.74
1031, 11236.11
1032, 28018.56
1033, 35047.14
1034, 6873.55
1035, 25865.66
1036, 25078.39
1037, 8593.01
1038, 15524.13
1039, 9445.69
1040, 22451.08
1041, 16320.06
1042, 24153.16
1043, 19900.68
1044, 35146.68
1045, 12391.11
1046, 12902.72
1047, 47436.15
1048, 36619.04
1049, 29615.25
1050, 32192.88
1051, 61334.08
1052, 54196.01
1053, 56114.56
1054, 16836.89
1055, 33152.45
1056, 33147.67
1057, 13371.43
1058, 50422.00
1059, 20563.55
1060, 11227.46
1061, 4927.09
1062, 22773.41
1063, 27699.30
1064, 30366.87
1065, 17414.20
1066, 28734.66
1067, 48206.14
1068, 56750.32
1069, 53453.66
1070, 75953.74
1071, 43595.36
1072, 8920.45
1073, 40947.67
1074, 9919.95
1075, 29773.31
1076, 48826.67
1077, 26011.32
1078, 33681.00
1079, 36001.43
1080, 36264.34
1081, 20534.42
1082, 27780.65
1083, 35454.83
1084, 28327.75
1085, 40816.04
1086, 65018.63
1087, 17882.29
1088, 14829.28
1089, 28586.82
1090, 32506.06
1091, 44475.98
1092, 42146.93
1093, 11837.23
1094, 18193.39
1095, 13556.42
1096, 27502.41
1097, 44144.13
1098, 22921.32
1099, 46874.82
1100, 40077.88
1101, 62821.98
1102, 29441.82
1103, 4789.21
1104, 5571.38
1105, 9567.27
1106, 27032.67
1107, 41889.78
1108, 22926.13
1109, 24711.25
1110, 17846.71
1111, 32413.65
1112, 36309.15
1113, 12394.11
1114, 47705.08
1115, 45113.28
1116, 16591.15
1117, 22834.98
1118, 10933.93
1119, 48958.91
1120, 6911.98
1121, 27071.89
1122, 22449.91
1123, 4900.75
1124, 47688.26
1125, 51071.15
1126, 34919.43
1127, 23387.20
1128, 26058.77
1129, 9473.63
1130, 42389.26
1131, 43911.21
1132, 46156.84
1133, 4394.41
1134, 10326.33
1135, 28841.54
1136, 55462.44
1137, 28250.17
1138, 23149.06
1139, 6388.16
1140, 10488.46
1141, 52089.16
1142, 31330.21
1143, 29845.64
1144, 24569.70
1145, 21702.43
1146, 38875.48
1147, 12443.34
1148, 37262.22
1149, 29670.70
1150, 9727.95
1151, 35493.42
1152, 41759.59
1153, 40940.57
1154, 10388.74
1155, 45702.39
1156, 12697.98
1157, 57906.47
1158, 38809.31
1159, 16740.60
1160, 15260.55
1161, 50160.88
1162, 9036.36
1163, 24979.28
1164, 32039.78
1165, 43372.70
1166, 21549.59
1167, 32799.18
1168, 43645.69
1169, 54086.39
1170, 18546.61
1171, 66327.77
1172, 29545.58
1173, 33220.00
1174, 57388.77
1175, 46208.75
1176, 12387.36
1177, 21149.98
1178, 20723.81
1179, 27034.60
1180, 34745.67
1181, 15184.84
1182, 9877.71
1183, 7414.39
1184, 33499.93
1185, 31640.43
1186, 3218.27
1187, 16374.15
1188, 18178.04
1189, 24835.98
1190, 3190.44
1191, 27366.56
1192, 41798.72
1193, 14590.57
1194, 31027.01
1195, 44294.66
1196, 28444.51
1197, 29201.44
1198, 12313.85
1199, 11805.59
1200, 12356.33
1201, 30205.08
1202, 35327.30
1203, 23477.88
1204, 33640.69
1205, 62843.32
1206, 28311.78
1207, 15216.52
1208, 51948.79
1209, 10762.56
1210, 40351.95
1211, 13741.21
1212, 25928.55
1213, 40008.44
1214, 63158.69
1215, 47601.36
1216, 9724.46
1217, 37421.27
1218, 15006.25
1219, 64008.67
1220, 18614.01
1221, 29446.06
1222, 40417.50
1223, 24152.12
1224, 21941.15
1225, 11402.14
1226, 36137.93
1227, 38138.69
1228, 10357.99
1229, 32057.91
1230, 47008.26
1231, 12021.37
1232, 25420.61
1233, 30077.61
1234, 16106.56
1235, 32856.40
1236, 18836.69
1237, 50525.94
1238, 42462.98
1239, 29878.99
1240, 58728.58
1241, 27821.49
1242, 40557.91
1243, 32371.29
1244, 53321.69
1245, 75099.21
1246, 47740.79
1247, 19992.26
1248, 26093.76
1249, 13724.32
1250, 23487.17
1251, 6634.68
1252, 31728.63
1253, 32001.53
1254, 37672.41
1255, 17419.63
1256, 37501.47
1257, 24674.70
1258, 22776.25
1259, 28364.56
1260, 21801.02
1261, 58721.05
1262, 26821.88
1263, 11275.19
1264, 8524.98
1265, 20504.83
1266, 25911.06
1267, 43905.56
1268, 33441.48
1269, 54919.83
1270, 37360.93
1271, 4213.61
1272, 44676.36
1273, 19710.66
1274, 18560.15
1275, 14839.30
1276, 50646.91
1277, 35870.40
1278, 17568.21
1279, 9775.01
1280, 12309.24
1281, 24507.08
1282, 33894.76
1283, 21712.89
1284, 42208.07
1285, 23608.68
1286, 53717.98
1287, 41489.69
1288, 25511.21
1289, 42502.50
1290, 35195.24
1291, 14054.48
1292, 20393.42
1293, 31503.31
1294, 13499.62
1295, 22994.82
1296, 23888.44
1297, 45183.35
1298, 21189.70
1299, 52462.74
1300, 13827.52
1301, 25852.01
1302, 51895.95
1303, 29766.65
1304, 34689.38
1305, 64175.07
1306, 34479.30
1307, 9456.81
1308, 37487.80
1309, 43902.06
1310, 16919.26
1311, 23910.90
1312, 49707.51
1313, 19895.38
1314, 39920.51
1315, 27689.12
1316, 37477.27
1317, 20168.86
1318, 40688.57
1319, 28096.92
1320, 39839.12
1321, 2104.81
1322, 1322.09
1323, 6364.68
1324, 43799.50
1325, 15993.32
1326, 18563.64
1327, 30499.18
1328, 20916.62
1329, 14542.27
1330, 22450.98
1331, 19966.85
1332, 35783.98
1333, 49558.13
1334, 10565.46
1335, 52923.75
1336, 39983.15
1337, 35449.89
1338, 14582.35
1339, 19589.41
1340, 28115.91
1341, 26626.06
1342, 47597.57
1343, 29460.37
1344, 18951.13
1345, 17634.98
1346, 47025.43
1347, 32838.55
1348, 7966.67
1349, 25805.69
1350, 10199.21
1351, 10826.36
1352, 18808.66
1353, 29735.06
1354, 30054.68
1355, 35386.70
1356, 9214.07
1357, 13909.66
1358, 13144.69
1359, 48102.71
1360, 9901.28
1361, 24011.84
1362, 8151.74
1363, 13579.67
1364, 36235.64
1365, 47166.05
1366, 14507.10
1367, 10027.71
1368, 15232.24
1369, 5691.00
1370, 15241.42
1371, 52379.01
1372, 23701.42
1373, 20052.33
1374, 41584.15
1375, 36469.66
1376, 32730.89
1377, 34170.44
1378, 11521.77
1379, 46275.97
1380, 17983.02
1381, 39656.08
1382, 6306.85
1383, 31454.59
1384, 20564.01
1385, 42341.82
1386, 27900.39
1387, 5177.83
1388, 22159.69
1389, 23587.81
1390, 25112.58
1391, 17803.49
1392, 11279.43
1393, 20486.47
1394, 9929.96
1395, 11676.30
1396, 22293.63
1397, 53732.26
1398, 36792.05
1399, 31567.75
1400, 10015.47
1401, 34994.89
1402, 61068.77
1403, 30319.89
1404, 26280.73
1405, 39496.12
1406, 12547.54
1407, 38738.73
1408, 7747.22
1409, 8438.16
1410, 41909.00
1411, 23306.87
1412, 31834.09
1413, 38550.80
1414, 31074.06
1415, 21228.05
1416, 27982.20
1417, 18836.45
1418, 25850.55
1419, 29025.51
1420, 28699.33
1421, 24936.38
1422, 26377.48
1423, 33739.60
1424, 11396.39
1425, 8444.42
1426, 23972.46
1427, 20759.37
1428, 24638.70
1429, 11596.25
1430, 18072.36
1431, 32628.47
1432, 54421.11
1433, 49548.48
1434, 34669.93
1435, 11478.73
1436, 3188.64
1437, 39034.03
1438, 19624.46
1439, 15315.82
1440, 56684.24
1441, 37565.26
1442, 24707.65
1443, 43310.68
1444, 17101.94
1445, 18894.38
1446, 25285.77
1447, 29597.68
1448, 24859.04
1449, 44861.55
1450, 34337.09
1451, 33047.18
1452, 27828.20
1453, 11538.34
1454, 40658.07
1455, 58366.93
1456, 11412.45
1457, 40773.41
1458, 35128.39
1459, 24331.70
1460, 12105.80
1461, 32252.13
1462, 9766.33
1463, 29261.46
1464, 33300.18
1465, 42240.86
1466, 26974.38
1467, 29088.28
1468, 10905.23
1469, 11327.63
1470, 31111.09
1471, 18561.79
1472, 27681.00
1473, 31990.94
1474, 10114.37
1475, 32283.86
1476, 31643.09
1477, 37854.05
1478, 41715.48
1479, 4131.68
1480, 64906.10
1481, 3236.31
1482, 17362.97
1483, 53416.68
1484, 14989.95
1485, 6723.69
1486, 40941.46
1487, 24176.81
1488, 20780.36
1489, 37554.47
1490, 27891.30
1491, 22600.17
1492, 13352.47
1493, 29530.05
1494, 27900.85
1495, 26010.36
1496, 48076.42
1497, 7874.89
1498, 35704.29
1499, 22601.13
1500, 11677.35
1501, 10331.68
1502, 24844.10
1503, 14255.55
1504, 9973.33
1505, 46488.63
1506, 33876.47
1507, 31000.70
1508, 16561.13
1509, 22185.39
1510, 34852.93
1511, 14732.20
1512, 27528.00
1513, 5068.99
1514, 26633.69
1515, 13634.76
1516, 21748.20
1517, 18035.11
1518, 28490.48
1519, 25434.79
1520, 39551.98
1521, 18344.77
1522, 43797.20
1523, 28101.08
1524, 29968.85
1525, 31153.79
1526, 54025.95
1527, 48358.88
1528, 25374.99
1529, 31475.82
1530, 29219.04
1531, 38149.77
1532, 38473.37
1533, 8910.00
1534, 45425.86
1535, 10395.30
1536, 28261.04
1537, 11462.80
1538, 26736.44
1539, 53415.33
1540, 10467.47
1541, 3755.22
1542, 10685.88
1543, 16066.64
1544, 41898.56
1545, 19044.88
1546, 17326.25
1547, 18423.19
1548, 24584.30
1549, 12182.24
1550, 34333.14
1551, 7882.94
1552, 17343.11
1553, 30769.53
1554, 13693.05
1555, 36181.43
1556, 21830.15
1557, 11173.44
1558, 38703.59
1559, 19655.13
1560, 22693.22
1561, 29500.32
1562, 12621.31
1563, 30324.34
1564, 73883.45
1565, 23321.58
1566, 11259.63
1567, 30695.19
1568, 35290.96
1569, 19554.46
1570, 33987.67
1571, 21113.05
1572, 26569.41
1573, 48614.82
1574, 16387.76
1575, 17954.82
1576, 17598.27
1577, 22493.92
1578, 4470.68
1579, 24649.83
1580, 15181.71
1581, 29990.10
1582, 37514.90
1583, 48824.11
1584, 27422.39
1585, 11627.62
1586, 7210.71
1587, 12851.04
1588, 23473.63
1589, 15704.97
1590, 16507.36
1591, 7933.34
1592, 30571.21
1593, 21480.89
1594, 6219.17
1595, 13837.95
1596, 30982.37
1597, 8696.77
1598, 24885.62
1599, 27167.21
1600, 19031.56
1601, 20561.02
1602, 25447.18
1603, 26549.13
1604, 49967.47
1605, 57510.52
1606, 16124.53
1607, 28089.11
1608, 15851.31
1609, 23544.71
1610, 23436.09
1611, 17906.04
1612, 14857.63
1613, 31637.87
1614, 19606.22
1615, 7333.58
1616, 13279.90
1617, 28720.25
1618, 51964.27
1619, 17236.28
1620, 40080.32
1621, 6267.53
1622, 47020.21
1623, 14997.97
1624, 17467.24
1625, 46403.00
1626, 55390.01
1627, 32814.23
1628, 10175.56
1629, 28149.69
1630, 37080.57
1631, 18336.53
1632, 21342.02
1633, 34737.70
1634, 25129.34
1635, 19455.51
1636, 20280.37
1637, 31147.64
1638, 28683.58
1639, 24969.43
1640, 5279.79
1641, 16657.97
1642, 8254.21
1643, 27979.21
1644, 15274.11
1645, 41136.61
1646, 5196.09
1647, 36677.42
1648, 21688.96
1649, 7101.34
1650, 27920.28
1651, 27627.99
1652, 10446.15
1653, 18170.74
1654, 26417.31
1655, 12659.54
1656, 24862.14
1657, 36113.17
1658, 28323.50
1659, 45132.00
1660, 16393.37
1661, 23992.68
1662, 31100.43
1663, 4420.47
1664, 11798.10
1665, 31351.38
1666, 4919.72
1667, 47612.06
1668, 10093.34
1669, 26285.03
1670, 28692.36
1671, 33243.52
1672, 35234.88
1673, 18081.71
1674, 30971.85
1675, 26427.63
1676, 15211.26
1677, 40729.84
1678, 17942.34
1679, 32973.83
1680, 7585.37
1681, 19628.74
1682, 29820.88
1683, 12241.13
1684, 10691.47
1685, 28187.16
1686, 23267.54
1687, 23891.61
1688, 21920.49
1689, 27287.37
1690, 34588.38
1691, 29961.16
1692, 21253.51
1693, 14987.25
1694, 26899.79
1695, 30657.00
1696, 10699.58
1697, 19272.82
1698, 18933.36
1699, 14774.62
1700, 31271.19
1701, 12373.88
1702, 19763.28
1703, 12840.29
1704, 38359.09
1705, 26041.76
1706, 31542.55
1707, 26118.54
1708, 17111.08
1709, 27537.34
1710, 29558.28
1711, 3001.13
1712, 29619.57
1713, 10790.94
1714, 12831.08
1715, 6976.57
1716, 1882.25
1717, 21930.41
1718, 10716.53
1719, 28622.54
1720, 17577.87
1721, 32816.18
1722, 7643.31
1723, 3701.04
1724, 12877.34
1725, 43816.03
1726, 11737.32
1727, 11930.21
1728, 32742.75
1729, 13153.29
1730, 38243.18
1731, 18566.57
1732, 27253.79
1733, 6894.27
1734, 12083.99
1735, 16046.78
1736, 5831.60
1737, 37217.62
1738, 31721.48
1739, 31134.96
1740, 9223.36
1741, 20866.67
1742, 31796.40
1743, 10081.05
1744, 7515.91
1745, 34530.84
1746, 28190.32
1747, 31922.01
1748, 15488.40
1749, 17451.70
1750, 15012.12
1751, 34040.80
1752, 38740.75
1753, 7583.00
1754, 34883.98
1755, 12265.09
1756, 24350.36
1757, 29430.04
1758, 15327.67
1759, 7604.73
1760, 30612.47
1761, 20019.37
1762, 5898.77
1763, 26043.54
1764, 24797.67
1765, 9103.99
1766, 8227.15
1767, 20547.09
1768, 30897.42
1769, 21351.93
1770, 13787.27
1771, 20611.52
1772, 45405.73
1773, 24854.42
1774, 22861.33
1775, 29308.64
1776, 6474.30
1777, 23764.20
1778, 12116.26
1779, 22195.81
1780, 47624.40
1781, 20791.43
1782, 16631.61
1783, 37537.54
1784, 19638.74
1785, 16054.91
1786, 17257.88
1787, 22087.20
1788, 6248.76
1789, 9672.94
1790, 16981.21
1791, 17142.04
1792, 7665.62
1793, 23877.52
1794, 10439.13
1795, 12857.68
1796, 9023.09
1797, 14795.17
1798, 24895.54
1799, 3470.95
1800, 8066.60
1801, 12325.57
1802, 37623.75
1803, 32538.47
1804, 23431.06
1805, 13457.60
1806, 29209.10
1807, 13686.20
1808, 35822.61
1809, 5537.54
1810, 21987.20
1811, 19470.08
1812, 10053.97
1813, 23262.02
1814, 14967.84
1815, 17094.88
1816, 20306.16
1817, 12279.24
1818, 29483.86
1819, 11689.40
1820, 5547.66
1821, 13943.29
1822, 27184.90
1823, 12111.37
1824, 6747.31
1825, 15705.53
1826, 22682.20
1827, 8182.37
1828, 6713.89
1829, 30526.66
1830, 24153.07
1831, 20897.14
1832, 13641.77
1833, 10802.15
1834, 22189.78
1835, 9638.93
1836, 12808.83
1837, 37913.49
1838, 29475.17
1839, 20729.51
1840, 10107.19
1841, 4058.01
1842, 32812.79
1843, 22047.14
1844, 14425.56
1845, 27173.96
1846, 11671.03
1847, 22125.95
1848, 22117.99
1849, 17900.11
1850, 38622.64
1851, 25382.52
1852, 12250.84
1853, 42587.03
1854, 20627.10
1855, 14921.26
1856, 12885.04
1857, 15220.53
1858, 9904.65
1859, 13447.90
1860, 18402.13
1861, 34053.80
1862, 13574.12
1863, 12447.02
1864, 15518.40
1865, 16697.51
1866, 34973.33
1867, 38007.05
1868, 16318.94
1869, 24117.98
1870, 16850.94
1871, 19485.68
1872, 9562.39
1873, 21868.29
1874, 17648.92
1875, 6228.49
1876, 12384.43
1877, 33768.58
1878, 16193.69
1879, 20045.15
1880, 4419.09
1881, 20317.29
1882, 17298.46
1883, 9355.32
1884, 9470.85
1885, 26227.95
1886, 10913.16
1887, 14674.78
1888, 15061.90
1889, 10524.52
1890, 22464.40
1891, 14917.42
1892, 24384.39
1893, 5524.93
1894, 5344.50
1895, 7632.49
1896, 28587.24
1897, 21293.18
1898, 12035.50
1899, 4089.19
1900, 3357.55
1901, 32012.85
1902, 33319.16
1903, 5636.04
1904, 30335.48
1905, 19316.17
1906, 29351.71
1907, 13728.94
1908, 20654.57
1909, 18942.44
1910, 18241.55
1911, 26378.17
1912, 18469.28
1913, 11309.82
1914, 17357.65
1915, 17551.08
1916, 18940.23
1917, 20810.06
1918, 16427.33
1919, 4231.08
1920, 15931.28
1921, 33645.27
1922, 17921.11
1923, 5481.71
1924, 22753.53
1925, 13227.02
1926, 22498.78
1927, 51523.15
1928, 11120.21
1929, 30484.20
1930, 9809.42
1931, 11360.37
1932, 12622.27
1933, 13231.80
1934, 9691.84
1935, 14208.01
1936, 10177.35
1937, 16942.23
1938, 11874.76
1939, 19874.09
1940, 35374.26
1941, 30001.59
1942, 21863.92
1943, 16292.51
1944, 19246.24
1945, 14867.72
1946, 31751.13
1947, 2132.10
1948, 14205.89
1949, 6912.24
1950, 6222.21
1951, 25751.82
1952, 17718.62
1953, 24442.08
1954, 11035.82
1955, 1323.97
1956, 7091.45
1957, 24051.09
1958, 43037.65
1959, 5204.34
1960, 25371.77
1961, 21566.62
1962, 6321.17
1963, 16072.28
1964, 9515.32
1965, 10173.18
1966, 5518.93
1967, 6987.06
1968, 25824.68
1969, 11461.12
1970, 9418.49
1971, 10689.03
1972, 14652.66
1973, 41854.13
1974, 16337.34
1975, 12603.79
1976, 12667.59
1977, 22970.19
1978, 19701.32
1979, 18841.36
1980, 10919.63
1981, 23853.85
1982, 16310.96
1983, 5505.02
1984, 11579.82
1985, 18213.72
1986, 13875.33
1987, 12580.21
1988, 24850.87
1989, 23815.42
1990, 7447.27
1991, 8751.28
1992, 12976.41
1993, 15544.63
1994, 11442.10
1995, 7654.59
1996, 12549.91
1997, 9331.64
1998, 17893.04
1999, 11645.60
2000, 12177.25
2001, 19824.30
2002, 8612.96
2003, 24604.90
2004, 19655.97
2005, 4602.66
2006, 3704.67
2007, 9574.72
2008, 8817.22
2009, 19893.37
2010, 25435.70
2011, 3189.87
2012, 20045.15
2013, 16501.83
2014, 16922.13
2015, 26638.51
2016, 10242.65
2017, 22088.74
2018, 27323.06
2019, 10271.58
2020, 2954.24
2021, 12988.75
2022, 10288.84
2023, 28638.36
2024, 36222.42
2025, 20892.06
2026, 27055.95
2027, 14933.39
2028, 20116.53
2029, 7630.80
2030, 2584.24
2031, 7440.45
2032, 27147.40
2033, 46292.19
2034, 9754.35
2035, 6617.89
2036, 22023.53
2037, 9523.25
2038, 34215.03
2039, 12133.18
2040, 14665.34
2041, 11125.67
2042, 16745.24
2043, 6246.00
2044, 6909.59
2045, 13305.25
2046, 20023.05
2047, 15065.66
=== END ===


=== BATCH 9 ===
0, 1658713.50
1, 6285.64
2, 6936.19
3, 8946.78
4, 7837.36
5, 9192.96
6, 6714.04
7, 9342.55
8, 15643.08
9, 11064.94
10, 31248.10
11, 5287.97
12, 8708.66
13, 16671.79
14, 2125.75
15, 13233.34
16, 14789.32
17, 6285.35
18, 4190.38
19, 11736.83
20, 27661.31
21, 23232.33
22, 1327.64
23, 13050.30
24, 14870.65
25, 7886.54
26, 3969.91
27, 15578.78
28, 10449.49
29, 7161.23
30, 10143.73
31, 22150.03
32, 2739.67
33, 9421.38
34, 7328.67
35, 8944.76
36, 17769.61
37, 22551.87
38, 17395.67
39, 9328.16
40, 10079.17
41, 10493.38
42, 7549.29
43, 1855.70
44, 10416.47
45, 7549.31
46, 2033.79
47, 16781.00
48, 10877.85
49, 8829.18
50, 11507.16
51, 16609.88
52, 4771.26
53, 6413.15
54, 7711.38
55, 15963.29
56, 16996.69
57, 3493.67
58, 7851.64
59, 6328.82
60, 6655.50
61, 12806.26
62, 12514.95
63, 10434.18
64, 9524.57
65, 16732.23
66, 13558.74
67, 6720.22
68, 10524.96
69, 18028.73
70, 6337.27
71, 7402.03
72, 6373.57
73, 14286.17
74, 11441.54
75, 12119.42
76, 10829.00
77, 3755.68
78, 14082.44
79, 8664.89
80, 2452.87
81, 4525.88
82, 10665.89
83, 4447.06
84, 14458.22
85, 4117.40
86, 9126.61
87, 7259.99
88, 3994.50
89, 3142.28
90, 8640.51
91, 1634.80
92, 20330.09
93, 11500.04
94, 2898.08
95, 18929.45
96, 20635.54
97, 18875.97
98, 20016.78
99, 8845.15
100, 2677.09
101, 13980.99
102, 16803.28
103, 3697.20
104, 17866.97
105, 5860.18
106, 7741.09
107, 9998.44
108, 14733.66
109, 9249.32
110, 1427.70
111, 4304.61
112, 15603.05
113, 4925.38
114, 7234.18
115, 10231.79
116, 12291.49
117, 12114.47
118, 10390.60
119, 9729.45
120, 6140.15
121, 1998.26
122, 4653.95
123, 14243.33
124, 8911.32
125, 8970.88
126, 6248.85
127, 8879.63
128, 5770.08
129, 6014.72
130, 6102.76
131, 707.52
132, 6059.58
133, 6982.16
134, 3343.54
135, 4802.81
136, 2180.81
137, 17731.02
138, 12292.06
139, 9041.43
140, 6210.26
141, 9508.38
142, 8483.56
143, 11182.98
144, 18430.64
145, 5845.95
146, 6313.33
147, 13064.73
148, 8711.39
149, 4518.05
150, 17925.73
151, 4536.69
152, 1321.81
153, 5577.03
154, 13788.97
155, 6723.63
156, 18959.73
157, 12096.48
158, 10457.36
159, 4896.27
160, 6390.07
161, 18480.81
162, 15146.42
163, 4000.18
164, 12134.55
165, 10866.08
166, 6544.37
167, 19442.76
168, 12096.78
169, 7743.47
170, 9570.80
171, 5292.31
172, 21104.69
173, 10110.03
174, 762.93
175, 9688.98
176, 7006.46
177, 6005.26
178, 12451.11
179, 6911.49
180, 18129.66
181, 9822.71
182, 10181.65
183, 5739.09
184, 7312.83
185, 8235.38
186, 437.16
187, 9728.51
188, 11883.24
189, 10137.53
190, 23959.07
191, 9375.76
192, 9411.91
193, 11035.78
194, 2849.64
195, 333.40
196, 8722.74
197, 828.36
198, 9092.38
199, 10197.25
200, 2557.38
201, 15932.58
202, 5423.87
203, 14763.71
204, 17438.20
205, 13541.59
206, 17652.46
207, 8594.82
208, 11189.23
209, 21247.96
210, 2173.26
211, 13245.19
212, 16841.66
213, 10962.26
214, 4088.02
215, 4867.73
216, 15211.25
217, 5044.17
218, 7983.51
219, 8821.80
220, 17422.07
221, 11609.52
222, 8725.41
223, 13389.11
224, 2057.64
225, 4798.99
226, 6403.50
227, 4039.08
228, 2431.47
229, 3556.78
230, 12755.84
231, 9086.89
232, 3489.71
233, 12230.80
234, 13078.78
235, 4048.83
236, 13292.94
237, 11444.11
238, 5708.45
239, 10476.86
240, 6978.61
241, 16936.69
242, 7177.52
243, 21781.17
244, 6530.96
245, 13578.82
246, 11686.10
247, 14497.23
248, 19072.49
249, 5595.25
250, 2032.08
251, 10862.37
252, 1463.69
253, 1108.42
254, 3054.93
255, 8637.42
256, 12551.80
257, 9913.68
258, 11513.29
259, 8083.81
260, 14428.40
261, 6879.61
262, 17944.39
263, 5757.43
264, 13448.37
265, 6007.25
266, 10080.32
267, 14086.09
268, 6796.09
269, 22471.05
270, 12890.10
271, 7047.15
272, 9631.63
273, 10021.57
274, 4979.56
275, 6215.03
276, 9280.55
277, 10095.00
278, 15440.37
279, 9891.19
280, 12868.07
281, 14530.37
282, 17859.32
283, 3262.33
284, 13588.79
285, 11817.40
286, 11073.46
287, 14469.45
288, 1772.31
289, 12602.30
290, 7121.91
291, 10248.56
292, 17988.08
293, 9744.69
294, 8647.95
295, 15897.93
296, 6203.02
297, 6649.93
298, 6590.64
299, 8376.62
300, 5779.21
301, 12897.01
302, 12484.28
303, 6624.20
304, 11135.15
305, 3704.98
306, 7521.96
307, 4118.85
308, 11314.19
309, 4587.90
310, 8765.09
311, 13953.03
312, 17865.95
313, 10944.75
314, 6798.17
315, 11690.51
316, 7080.83
317, 3605.50
318, 7066.89
319, 8747.84
320, 14356.04
321, 14013.91
322, 7598.63
323, 5717.16
324, 7379.43
325, 13321.55
326, 15295.41
327, 8916.21
328, 17269.82
329, 9974.17
330, 10138.34
331, 8594.17
332, 13587.05
333, 4357.40
334, 16186.58
335, 4945.84
336, 1157.16
337, 7189.30
338, 9922.21
339, 5156.82
340, 16126.98
341, 13000.17
342, 9893.97
343, 9271.42
344, 6875.46
345, 13382.23
346, 5093.16
347, 10158.59
348, 12972.48
349, 27807.85
350, 7261.01
351, 8356.47
352, 7408.65
353, 8977.25
354, 10165.37
355, 3271.86
356, 5234.03
357, 7691.79
358, 7987.03
359, 14556.70
360, 8913.69
361, 7064.96
362, 12726.08
363, 11994.91
364, 10353.86
365, 7779.89
366, 17561.81
367, 318.99
368, 7068.30
369, 10310.35
370, 10403.65
371, 15976.76
372, 2103.38
373, 15744.34
374, 14777.54
375, 12077.46
376, 10224.58
377, 10788.82
378, 24495.97
379, 13769.15
380, 7599.69
381, 9271.13
382, 4994.71
383, 3760.76
384, 11458.39
385, 12236.58
386, 17613.33
387, 602.46
388, 8820.46
389, 18821.47
390, 6489.44
391, 16351.47
392, 2750.29
393, 21286.63
394, 13892.96
395, 8874.68
396, 5151.78
397, 15915.33
398, 7288.08
399, 2326.98
400, 11250.88
401, 13997.81
402, 1934.24
403, 11746.38
404, 11304.04
405, 16747.23
406, 17878.56
407, 3463.79
408, 3803.07
409, 6311.00
410, 17493.29
411, 16764.06
412, 4207.47
413, 1020.88
414, 5266.58
415, 26121.62
416, 6518.30
417, 9943.77
418, 3563.00
419, 12002.26
420, 2266.38
421, 18766.83
422, 7313.12
423, 23059.23
424, 10913.87
425, 13471.34
426, 5621.42
427, 16509.90
428, 14201.86
429, 10977.59
430, 3796.32
431, 9746.13
432, 14938.86
433, 7706.10
434, 7218.99
435, 6763.80
436, 21935.05
437, 14331.31
438, 25737.69
439, 3736.70
440, 3495.37
441, 3075.45
442, 14880.33
443, 6349.18
444, 15738.38
445, 21007.39
446, 5668.03
447, 23616.86
448, 7844.28
449, 9023.33
450, 1974.26
451, 10592.53
452, 17860.15
453, 11518.29
454, 10610.61
455, 10905.44
456, 15828.37
457, 4621.25
458, 11294.29
459, 13827.85
460, 4969.85
461, 12477.51
462, 15147.48
463, 18523.35
464, 12040.77
465, 6951.29
466, 16377.33
467, 5916.18
468, 7884.26
469, 11808.55
470, 7856.91
471, 11310.47
472, 8943.25
473, 11119.59
474, 6430.80
475, 22477.28
476, 11736.52
477, 1282.66
478, 22135.11
479, 12257.11
480, 6395.32
481, 16655.83
482, 11940.78
483, 16548.36
484, 24028.72
485, 6000.09
486, 22349.74
487, 10636.61
488, 17479.48
489, 14200.16
490, 5184.30
491, 2374.54
492, 20989.91
493, 14809.64
494, 13484.52
495, 13555.25
496, 9082.22
497, 17007.98
498, 14984.12
499, 11156.89
500, 2839.02
501, 12722.65
502, 18491.58
503, 12743.48
504, 7541.07
505, 18056.69
506, 6464.79
507, 8287.80
508, 11431.49
509, 10642.73
510, 13837.67
511, 7138.00
512, 21970.48
513, 11089.47
514, 15049.03
515, 9887.28
516, 12716.94
517, 8239.18
518, 20066.23
519, 3014.68
520, 5427.89
521, 15766.37
522, 25803.73
523, 9925.72
524, 2301.03
525, 13797.13
526, 1799.56
527, 8997.27
528, 6932.04
529, 6769.37
530, 14246.52
531, 13220.53
532, 27072.08
533, 7494.15
534, 1381.03
535, 23046.13
536, 12966.58
537, 23767.96
538, 31845.52
539, 838.80
540, 1127.16
541, 10096.91
542, 4159.18
543, 16293.66
544, 7289.80
545, 20359.11
546, 18671.59
547, 10684.46
548, 12989.90
549, 26067.85
550, 6880.77
551, 18583.96
552, 2740.79
553, 5220.08
554, 6798.62
555, 3484.31
556, 22572.92
557, 3501.64
558, 19438.95
559, 6023.64
560, 7265.03
561, 17859.64
562, 30320.02
563, 16157.60
564, 4159.49
565, 20680.27
566, 14205.04
567, 8230.78
568, 2880.66
569, 24446.08
570, 19144.95
571, 19041.59
572, 16929.58
573, 27538.84
574, 20441.05
575, 4002.23
576, 16431.08
577, 15516.49
578, 1973.95
579, 10941.25
580, 18696.53
581, 12734.65
582, 10489.67
583, 25543.45
584, 11420.43
585, 12595.16
586, 4906.30
587, 15411.49
588, 15609.63
589, 13813.91
590, 5564.15
591, 5658.62
592, 5220.23
593, 21418.91
594, 17363.09
595, 5894.64
596, 10785.10
597, 5177.08
598, 14896.76
599, 5292.65
600, 21306.72
601, 26413.13
602, 8459.52
603, 19721.20
604, 20328.87
605, 4650.10
606, 1330.01
607, 12778.66
608, 11173.41
609, 18534.54
610, 18696.06
611, 16722.72
612, 17906.60
613, 5939.60
614, 6973.20
615, 23921.79
616, 10279.10
617, 12919.66
618, 13684.65
619, 23731.80
620, 21534.40
621, 7849.46
622, 19357.71
623, 17205.82
624, 15184.47
625, 4196.34
626, 20235.92
627, 8984.69
628, 29994.72
629, 12552.14
630, 15777.95
631, 2089.29
632, 19349.91
633, 10357.88
634, 9028.83
635, 18923.42
636, 23398.51
637, 9600.86
638, 20102.10
639, 19387.88
640, 13897.19
641, 27435.59
642, 18040.18
643, 11827.95
644, 24816.39
645, 5608.18
646, 8933.24
647, 8138.08
648, 13508.01
649, 25011.16
650, 14779.71
651, 23219.28
652, 25040.09
653, 18842.96
654, 10789.51
655, 23976.56
656, 11797.78
657, 11963.31
658, 10845.78
659, 5876.74
660, 10155.01
661, 25958.67
662, 6901.58
663, 13039.87
664, 18023.59
665, 12224.62
666, 7557.79
667, 8878.70
668, 10535.78
669, 5014.04
670, 10849.02
671, 9827.06
672, 21988.99
673, 14857.16
674, 15922.89
675, 1072.86
676, 5420.19
677, 9573.95
678, 7675.10
679, 5026.45
680, 28623.29
681, 19510.04
682, 9225.25
683, 13812.69
684, 18426.48
685, 12143.24
686, 8988.09
687, 16887.31
688, 11990.84
689, 31277.73
690, 13079.08
691, 12340.29
692, 9608.55
693, 16042.86
694, 12326.32
695, 9350.38
696, 17269.20
697, 20713.72
698, 26631.38
699, 5745.20
700, 17584.27
701, 8451.91
702, 6719.18
703, 17053.56
704, 24686.95
705, 21244.28
706, 38488.78
707, 25859.18
708, 8331.59
709, 3964.02
710, 8108.55
711, 21271.19
712, 9356.75
713, 6891.86
714, 24161.16
715, 21563.84
716, 18078.57
717, 24776.82
718, 23553.62
719, 20843.72
720, 11149.24
721, 2623.76
722, 4670.19
723, 35895.87
724, 12626.06
725, 5276.03
726, 17810.90
727, 23561.57
728, 14065.02
729, 16473.59
730, 1984.94
731, 2358.12
732, 15451.81
733, 19958.97
734, 7657.97
735, 21664.58
736, 4554.46
737, 19453.82
738, 8563.91
739, 19093.30
740, 25967.91
741, 4511.11
742, 16474.62
743, 17732.56
744, 32768.84
745, 5463.08
746, 17477.82
747, 12509.32
748, 15783.86
749, 24790.60
750, 8291.08
751, 30783.26
752, 7888.90
753, 14277.52
754, 14538.51
755, 4503.88
756, 11185.21
757, 1695.37
758, 5979.24
759, 23289.46
760, 18795.51
761, 27599.07
762, 22235.00
763, 13727.98
764, 8570.39
765, 29164.20
766, 13579.66
767, 22723.49
768, 3753.01
769, 34629.62
770, 1588.12
771, 15851.52
772, 12941.28
773, 6236.71
774, 20873.13
775, 31208.46
776, 19741.15
777, 20405.13
778, 21644.77
779, 20699.04
780, 28167.56
781, 15272.05
782, 19348.08
783, 12200.91
784, 12993.22
785, 10959.76
786, 6644.47
787, 24102.34
788, 11477.51
789, 8564.17
790, 24897.33
791, 18253.44
792, 14279.25
793, 37108.76
794, 18095.08
795, 28618.37
796, 9127.15
797, 6331.17
798, 16808.43
799, 22650.44
800, 16524.49
801, 7721.07
802, 6951.46
803, 31271.72
804, 8544.54
805, 17772.27
806, 21058.01
807, 5021.88
808, 14034.80
809, 9316.00
810, 31984.61
811, 36774.87
812, 4528.03
813, 5009.65
814, 7670.49
815, 16412.64
816, 7003.60
817, 14231.86
818, 22761.00
819, 11157.60
820, 7250.45
821, 4715.54
822, 10633.78
823, 27500.19
824, 19993.54
825, 17601.69
826, 20937.46
827, 12273.47
828, 17961.54
829, 233.71
830, 5040.24
831, 16564.76
832, 14014.87
833, 13182.55
834, 12498.92
835, 7955.15
836, 25562.82
837, 9234.73
838, 10592.28
839, 19965.38
840, 18201.45
841, 15276.13
842, 19073.81
843, 18162.17
844, 7836.18
845, 25118.11
846, 24601.84
847, 9239.22
848, 36631.66
849, 10498.10
850, 20621.08
851, 6503.78
852, 16336.12
853, 13670.60
854, 28570.14
855, 28730.24
856, 19721.70
857, 5013.55
858, 25548.80
859, 21092.58
860, 16612.74
861, 18219.88
862, 33669.03
863, 14045.30
864, 11907.26
865, 20338.84
866, 16011.91
867, 22450.70
868, 8935.42
869, 25606.09
870, 28184.09
871, 19363.40
872, 16512.38
873, 18135.14
874, 5500.12
875, 13039.98
876, 15834.19
877, 12014.30
878, 15880.91
879, 3804.66
880, 8622.18
881, 29267.63
882, 25637.59
883, 10252.74
884, 8595.49
885, 11212.03
886, 20897.74
887, 4539.44
888, 5434.50
889, 16295.68
890, 3534.76
891, 11128.42
892, 18656.52
893, 25280.63
894, 1953.21
895, 12167.15
896, 12368.92
897, 29816.08
898, 6664.11
899, 22685.57
900, 24993.00
901, 18921.59
902, 16935.83
903, 17232.16
904, 21230.97
905, 15889.66
906, 10284.54
907, 13325.48
908, 15398.88
909, 10959.55
910, 14958.23
911, 9682.97
912, 10009.08
913, 29627.82
914, 17043.97
915, 21825.06
916, 7175.02
917, 11049.09
918, 12237.25
919, 21655.18
920, 25494.85
921, 19747.66
922, 17500.64
923, 4876.43
924, 5184.83
925, 13708.15
926, 15058.75
927, 5563.58
928, 23231.71
929, 23921.13
930, 19278.49
931, 13235.93
932, 44304.08
933, 15966.92
934, 22545.99
935, 22717.64
936, 8226.64
937, 8415.89
938, 2288.72
939, 14202.74
940, 27384.49
941, 10690.98
942, 39345.81
943, 5395.09
944, 11623.64
945, 5181.39
946, 37575.01
947, 27150.58
948, 27386.54
949, 38545.73
950, 51129.21
951, 13415.92
952, 18451.04
953, 4374.35
954, 10519.11
955, 22706.13
956, 32982.95
957, 13474.23
958, 20698.89
959, 14639.00
960, 26645.95
961, 24995.67
962, 41895.32
963, 9383.90
964, 50609.30
965, 2949.55
966, 32502.54
967, 18370.27
968, 17813.72
969, 13491.15
970, 24644.43
971, 10370.18
972, 18456.59
973, 20002.52
974, 20674.69
975, 13321.56
976, 27510.15
977, 11332.54
978, 38692.49
979, 23728.89
980, 29879.72
981, 22427.83
982, 22040.87
983, 18257.17
984, 17834.14
985, 43436.90
986, 24827.41
987, 47411.74
988, 19348.51
989, 17066.25
990, 22176.45
991, 29589.97
992, 13826.87
993, 7767.65
994, 30663.67
995, 8141.39
996, 24805.08
997, 22870.08
998, 43435.16
999, 27321.26
1000, 39983.61
1001, 29117.60
1002, 37086.49
1003, 12475.95
1004, 29577.47
1005, 2204.98
1006, 44986.04
1007, 18462.49
1008, 35378.32
1009, 19275.29
1010, 16567.83
1011, 37578.41
1012, 49149.64
1013, 27834.71
1014, 19381.82
1015, 23460.18
1016, 19840.25
1017, 44412.27
1018, 48811.51
1019, 24408.87
1020, 10382.99
1021, 10341.59
1022, 3224.09
1023, 9473.19
1024, 16090.53
1025, 36558.06
1026, 17087.80
1027, 16896.66
1028, 10703.67
1029, 29483.44
1030, 1712.21
1031, 26367.86
1032, 42294.59
1033, 20612.61
1034, 15623.58
1035, 26151.60
1036, 23062.03
1037, 15148.91
1038, 40782.75
1039, 28662.98
1040, 17099.75
1041, 26818.99
1042, 12978.82
1043, 17468.09
1044, 20525.59
1045, 32479.25
1046, 42066.91
1047, 15654.86
1048, 23369.30
1049, 9498.46
1050, 36932.14
1051, 29343.05
1052, 10210.22
1053, 15955.88
1054, 5622.80
1055, 18852.57
1056, 22071.30
1057, 20955.50
1058, 42812.50
1059, 46009.32
1060, 10778.36
1061, 31261.92
1062, 9406.10
1063, 23574.34
1064, 22459.21
1065, 26683.25
1066, 33041.84
1067, 29742.89
1068, 1810.83
1069, 31451.17
1070, 46791.99
1071, 42897.04
1072, 8522.78
1073, 51903.30
1074, 22557.58
1075, 40465.82
1076, 22714.92
1077, 30646.52
1078, 12526.20
1079, 44734.83
1080, 12369.03
1081, 10702.30
1082, 7067.74
1083, 53861.74
1084, 8682.81
1085, 22845.04
1086, 17159.29
1087, 46992.97
1088, 36041.89
1089, 17686.94
1090, 20104.87
1091, 28481.78
1092, 34154.47
1093, 14564.40
1094, 20387.22
1095, 23286.81
1096, 18386.20
1097, 11548.37
1098, 3814.56
1099, 31068.12
1100, 20413.46
1101, 4678.31
1102, 21820.79
1103, 29843.91
1104, 18575.18
1105, 31504.93
1106, 22025.41
1107, 13155.22
1108, 58215.77
1109, 13998.15
1110, 36515.15
1111, 29499.76
1112, 47104.73
1113, 27476.65
1114, 17318.96
1115, 10083.85
1116, 27667.49
1117, 11719.90
1118, 20441.50
1119, 50101.63
1120, 52961.49
1121, 28779.64
1122, 6701.04
1123, 48991.55
1124, 12130.73
1125, 9094.66
1126, 10753.49
1127, 13763.43
1128, 2107.79
1129, 22021.01
1130, 10513.09
1131, 11702.06
1132, 30608.89
1133, 28771.55
1134, 10105.59
1135, 34624.46
1136, 29552.94
1137, 15340.69
1138, 29146.43
1139, 20484.71
1140, 34074.92
1141, 49719.32
1142, 22297.98
1143, 25703.88
1144, 32680.55
1145, 18036.02
1146, 6763.90
1147, 21928.47
1148, 23277.77
1149, 22565.20
1150, 26545.49
1151, 37264.97
1152, 20114.34
1153, 8710.91
1154, 43764.28
1155, 21388.34
1156, 24645.91
1157, 14023.13
1158, 36223.02
1159, 14980.74
1160, 24238.04
1161, 2390.28
1162, 49454.25
1163, 9959.46
1164, 24925.97
1165, 44034.71
1166, 23388.07
1167, 24318.34
1168, 7172.03
1169, 69268.26
1170, 34484.28
1171, 39129.95
1172, 23672.33
1173, 16892.19
1174, 25525.62
1175, 4002.42
1176, 6236.12
1177, 17632.40
1178, 54310.36
1179, 50403.83
1180, 33753.36
1181, 28428.37
1182, 16919.50
1183, 41301.42
1184, 18587.43
1185, 52860.27
1186, 35049.89
1187, 28202.66
1188, 20957.00
1189, 39960.17
1190, 23798.38
1191, 15521.62
1192, 11753.29
1193, 29902.59
1194, 10170.98
1195, 18955.00
1196, 35951.26
1197, 15425.47
1198, 35016.99
1199, 12805.69
1200, 15227.41
1201, 42863.99
1202, 45655.59
1203, 31862.58
1204, 31080.94
1205, 34492.53
1206, 8786.38
1207, 18760.67
1208, 33462.27
1209, 10153.35
1210, 28228.91
1211, 17245.43
1212, 25380.68
1213, 20988.88
1214, 25134.70
1215, 15119.89
1216, 17930.25
1217, 25370.91
1218, 29508.79
1219, 28865.38
1220, 30205.45
1221, 10065.41
1222, 17418.54
1223, 22677.14
1224, 36314.51
1225, 40723.84
1226, 20887.05
1227, 50497.95
1228, 24612.99
1229, 49116.68
1230, 11681.04
1231, 15771.00
1232, 7090.39
1233, 30599.30
1234, 10531.48
1235, 36265.33
1236, 23062.74
1237, 46354.92
1238, 23193.84
1239, 39085.03
1240, 10643.15
1241, 52618.77
1242, 6901.52
1243, 49550.21
1244, 17169.88
1245, 10379.42
1246, 32369.54
1247, 9254.91
1248, 15396.01
1249, 26472.65
1250, 12655.64
1251, 63530.36
1252, 34494.36
1253, 31733.81
1254, 29322.46
1255, 45578.56
1256, 26653.93
1257, 39848.39
1258, 13580.71
1259, 15308.25
1260, 16893.67
1261, 27690.60
1262, 35003.61
1263, 13522.74
1264, 67690.12
1265, 17849.39
1266, 14994.77
1267, 27988.90
1268, 22440.40
1269, 41787.75
1270, 19975.41
1271, 17962.53
1272, 22916.69
1273, 45802.54
1274, 13505.29
1275, 15603.62
1276, 55204.39
1277, 8940.94
1278, 6707.01
1279, 27789.02
1280, 3376.97
1281, 20243.48
1282, 29589.15
1283, 33011.75
1284, 66111.23
1285, 22075.29
1286, 28292.38
1287, 38363.78
1288, 36963.02
1289, 16391.25
1290, 23290.04
1291, 24186.62
1292, 30862.07
1293, 27608.02
1294, 27417.56
1295, 17692.44
1296, 30399.93
1297, 53989.47
1298, 25280.36
1299, 18157.07
1300, 12681.79
1301, 24639.13
1302, 36851.75
1303, 18826.00
1304, 10420.78
1305, 31571.98
1306, 16234.95
1307, 11452.03
1308, 38990.49
1309, 10116.88
1310, 25408.30
1311, 17820.03
1312, 17736.26
1313, 14880.21
1314, 16396.37
1315, 31231.29
1316, 24125.79
1317, 19093.42
1318, 18522.08
1319, 33408.78
1320, 46478.81
1321, 16579.51
1322, 23150.92
1323, 12761.89
1324, 32188.55
1325, 33511.56
1326, 21646.77
1327, 47549.92
1328, 26454.81
1329, 1593.23
1330, 17924.63
1331, 12807.44
1332, 22397.40
1333, 33046.28
1334, 23608.43
1335, 35693.22
1336, 28666.29
1337, 29480.93
1338, 29986.89
1339, 45378.38
1340, 18138.96
1341, 20767.74
1342, 35496.60
1343, 19717.71
1344, 15142.29
1345, 16382.11
1346, 21550.03
1347, 15928.60
1348, 25287.75
1349, 29832.66
1350, 13626.65
1351, 26829.95
1352, 25352.64
1353, 16558.43
1354, 5338.32
1355, 18336.55
1356, 16292.37
1357, 42369.21
1358, 12774.82
1359, 39512.72
1360, 21723.96
1361, 4831.16
1362, 18449.96
1363, 29893.94
1364, 6483.44
1365, 17331.42
1366, 16115.90
1367, 15180.56
1368, 39709.20
1369, 20348.11
1370, 40339.47
1371, 18483.96
1372, 32111.48
1373, 40101.80
1374, 28255.83
1375, 8678.44
1376, 18089.46
1377, 25917.00
1378, 22187.28
1379, 58451.66
1380, 17360.94
1381, 26826.14
1382, 5256.23
1383, 13327.78
1384, 17589.10
1385, 25320.85
1386, 30210.38
1387, 13076.47
1388, 10895.82
1389, 8134.73
1390, 8967.01
1391, 9471.10
1392, 24242.63
1393, 8551.55
1394, 14327.44
1395, 29534.57
1396, 30621.37
1397, 13774.74
1398, 11946.26
1399, 20626.35
1400, 671.59
1401, 26160.82
1402, 11586.49
1403, 22993.71
1404, 2516.69
1405, 20639.33
1406, 7046.65
1407, 13501.81
1408, 7549.72
1409, 15539.66
1410, 14398.43
1411, 24092.12
1412, 21897.14
1413, 14304.46
1414, 5295.55
1415, 8884.76
1416, 10497.82
1417, 21373.80
1418, 10259.67
1419, 9385.03
1420, 13914.43
1421, 52114.06
1422, 7017.78
1423, 6190.79
1424, 30370.57
1425, 24484.00
1426, 40292.77
1427, 21853.48
1428, 23094.35
1429, 35442.50
1430, 18813.82
1431, 17394.03
1432, 14204.15
1433, 11035.05
1434, 8585.49
1435, 13495.03
1436, 37278.88
1437, 11808.73
1438, 16446.83
1439, 34091.14
1440, 29727.58
1441, 53781.15
1442, 17770.59
1443, 20388.09
1444, 38268.62
1445, 32332.34
1446, 25946.15
1447, 19167.22
1448, 34733.25
1449, 15952.27
1450, 8220.34
1451, 23033.29
1452, 28364.11
1453, 27362.63
1454, 22847.17
1455, 32712.79
1456, 27705.97
1457, 11910.64
1458, 12113.32
1459, 44069.54
1460, 7184.79
1461, 15175.55
1462, 19551.49
1463, 16996.63
1464, 18430.02
1465, 32596.36
1466, 7311.87
1467, 29141.67
1468, 10169.74
1469, 13763.24
1470, 37613.10
1471, 16944.37
1472, 11284.18
1473, 27895.82
1474, 18085.76
1475, 38993.80
1476, 15992.94
1477, 21347.34
1478, 11528.78
1479, 25261.26
1480, 20869.91
1481, 46705.21
1482, 13599.09
1483, 24574.96
1484, 12376.50
1485, 19143.95
1486, 29532.43
1487, 25160.89
1488, 32231.93
1489, 9033.02
1490, 46382.88
1491, 9063.29
1492, 4104.34
1493, 21235.96
1494, 18449.60
1495, 13186.80
1496, 18092.62
1497, 39184.75
1498, 22220.10
1499, 26439.89
1500, 37241.69
1501, 25596.51
1502, 35953.53
1503, 12802.07
1504, 20200.88
1505, 14057.28
1506, 17849.39
1507, 33306.47
1508, 9170.61
1509, 3827.69
1510, 40969.61
1511, 17026.52
1512, 18049.83
1513, 13664.45
1514, 13931.83
1515, 30610.21
1516, 17469.53
1517, 46996.18
1518, 26427.16
1519, 8720.39
1520, 10178.98
1521, 28092.92
1522, 18124.62
1523, 7185.05
1524, 7618.60
1525, 19813.56
1526, 19895.21
1527, 3014.64
1528, 17699.71
1529, 45180.02
1530, 4515.91
1531, 19288.69
1532, 10824.08
1533, 41566.97
1534, 11054.63
1535, 28646.13
1536, 18161.48
1537, 23502.15
1538, 24775.40
1539, 31180.04
1540, 10571.61
1541, 17041.90
1542, 10793.99
1543, 22310.60
1544, 9183.52
1545, 12215.82
1546, 30285.01
1547, 16472.69
1548, 6784.36
1549, 24668.39
1550, 9945.07
1551, 22320.14
1552, 6349.68
1553, 29082.63
1554, 12277.78
1555, 12216.30
1556, 20308.02
1557, 2899.30
1558, 28131.11
1559, 22881.29
1560, 13789.54
1561, 11709.41
1562, 36093.61
1563, 17198.17
1564, 24377.47
1565, 25950.62
1566, 9136.21
1567, 20695.95
1568, 5555.55
1569, 35590.92
1570, 14738.97
1571, 21236.28
1572, 9642.65
1573, 10556.05
1574, 16567.21
1575, 15027.77
1576, 38696.13
1577, 28822.23
1578, 8016.58
1579, 23470.65
1580, 31946.91
1581, 29825.27
1582, 15972.56
1583, 10037.84
1584, 16601.00
1585, 39876.71
1586, 16213.11
1587, 6343.31
1588, 14422.69
1589, 12821.92
1590, 14291.41
1591, 23431.74
1592, 17686.16
1593, 13355.00
1594, 4572.20
1595, 17458.95
1596, 18643.08
1597, 10199.56
1598, 32951.61
1599, 19983.84
1600, 7150.47
1601, 45996.11
1602, 13425.97
1603, 20265.86
1604, 14272.37
1605, 18445.05
1606, 21068.51
1607, 23847.84
1608, 8561.51
1609, 26353.93
1610, 34264.90
1611, 5598.00
1612, 6135.47
1613, 3097.64
1614, 20354.88
1615, 14616.39
1616, 8636.45
1617, 7527.93
1618, 22552.80
1619, 14404.85
1620, 21855.16
1621, 15801.17
1622, 21869.47
1623, 30604.56
1624, 7004.41
1625, 38622.61
1626, 15067.32
1627, 7407.07
1628, 1672.65
1629, 23389.43
1630, 17720.66
1631, 29342.19
1632, 19854.85
1633, 29290.37
1634, 33378.66
1635, 12356.69
1636, 17383.21
1637, 14597.42
1638, 9504.13
1639, 17390.29
1640, 26844.68
1641, 8269.61
1642, 24297.32
1643, 29950.93
1644, 7654.89
1645, 17553.84
1646, 12879.86
1647, 18283.33
1648, 23942.26
1649, 19424.18
1650, 35347.27
1651, 7096.75
1652, 7051.30
1653, 26783.62
1654, 11836.64
1655, 7552.42
1656, 30302.41
1657, 15168.40
1658, 47630.66
1659, 25089.24
1660, 9549.59
1661, 13269.24
1662, 17367.51
1663, 20444.42
1664, 11057.38
1665, 13991.55
1666, 33842.28
1667, 7461.60
1668, 27207.80
1669, 27194.30
1670, 30009.30
1671, 14812.58
1672, 8883.07
1673, 14473.29
1674, 7717.77
1675, 10295.66
1676, 18117.42
1677, 10932.53
1678, 10457.69
1679, 15435.99
1680, 21584.29
1681, 22433.48
1682, 17258.46
1683, 20013.87
1684, 23452.31
1685, 11400.42
1686, 15428.20
1687, 19967.65
1688, 36461.48
1689, 30111.96
1690, 5081.63
1691, 26438.51
1692, 29053.27
1693, 12310.32
1694, 12037.47
1695, 21168.90
1696, 15848.09
1697, 7406.78
1698, 6168.21
1699, 10344.24
1700, 25392.07
1701, 5248.27
1702, 14113.20
1703, 24344.38
1704, 18352.18
1705, 18571.75
1706, 20074.06
1707, 5568.72
1708, 4816.33
1709, 17132.76
1710, 23161.01
1711, 4455.87
1712, 12523.49
1713, 14321.09
1714, 25280.20
1715, 16937.91
1716, 30812.80
1717, 12445.82
1718, 5531.14
1719, 9026.26
1720, 23247.53
1721, 19589.29
1722, 20191.92
1723, 17055.63
1724, 24012.21
1725, 29161.93
1726, 33155.03
1727, 21952.96
1728, 18530.90
1729, 8461.96
1730, 10955.45
1731, 11465.52
1732, 25920.53
1733, 23657.47
1734, 14400.64
1735, 2702.80
1736, 6730.97
1737, 18541.19
1738, 15688.46
1739, 23914.74
1740, 29883.47
1741, 23446.66
1742, 15006.86
1743, 9886.31
1744, 18244.87
1745, 3199.13
1746, 9557.83
1747, 19672.65
1748, 5018.41
1749, 31338.99
1750, 4420.93
1751, 20633.94
1752, 2075.40
1753, 7092.89
1754, 17692.53
1755, 10685.48
1756, 8279.04
1757, 16126.23
1758, 13416.05
1759, 9465.68
1760, 4568.79
1761, 3758.27
1762, 30035.31
1763, 7549.43
1764, 15732.20
1765, 26986.19
1766, 34219.18
1767, 10544.19
1768, 23334.92
1769, 8389.78
1770, 20208.29
1771, 6979.96
1772, 6755.42
1773, 32758.72
1774, 9921.55
1775, 7764.17
1776, 12645.89
1777, 32156.73
1778, 24215.83
1779, 11858.30
1780, 15717.33
1781, 9844.72
1782, 31363.21
1783, 14853.95
1784, 35673.70
1785, 27822.94
1786, 39358.08
1787, 29716.44
1788, 6440.69
1789, 9014.51
1790, 12492.65
1791, 22567.68
1792, 18135.76
1793, 21402.82
1794, 10162.49
1795, 8736.40
1796, 11721.37
1797, 29631.18
1798, 6365.49
1799, 15277.47
1800, 17308.09
1801, 4098.98
1802, 12385.63
1803, 22634.62
1804, 8060.58
1805, 19840.14
1806, 26893.38
1807, 21435.21
1808, 10908.45
1809, 20479.47
1810, 26086.75
1811, 7873.74
1812, 18544.29
1813, 6650.39
1814, 12408.82
1815, 18879.51
1816, 16889.35
1817, 13948.60
1818, 20155.11
1819, 18399.40
1820, 11224.90
1821, 10659.35
1822, 35612.04
1823, 10398.68
1824, 14700.48
1825, 4694.15
1826, 22175.21
1827, 15930.27
1828, 4373.67
1829, 32960.74
1830, 10561.88
1831, 18486.42
1832, 31161.05
1833, 6466.37
1834, 7968.50
1835, 5139.58
1836, 26839.83
1837, 13611.47
1838, 13686.85
1839, 15128.15
1840, 16366.63
1841, 5412.59
1842, 21366.80
1843, 10355.00
1844, 11864.46
1845, 5027.37
1846, 18324.84
1847, 8568.97
1848, 25513.32
1849, 20730.85
1850, 11643.77
1851, 35344.35
1852, 12275.53
1853, 20411.02
1854, 22960.95
1855, 7102.02
1856, 20640.46
1857, 8081.00
1858, 7921.38
1859, 22905.40
1860, 13207.38
1861, 5204.87
1862, 9721.16
1863, 18653.74
1864, 32240.27
1865, 21846.72
1866, 6718.02
1867, 24615.08
1868, 6163.59
1869, 8321.95
1870, 6496.08
1871, 17565.86
1872, 11991.30
1873, 12648.04
1874, 25362.92
1875, 14553.64
1876, 14844.46
1877, 19845.17
1878, 9454.55
1879, 20111.88
1880, 18454.03
1881, 13778.07
1882, 9981.93
1883, 17512.81
1884, 17143.06
1885, 16676.82
1886, 5499.56
1887, 7385.56
1888, 5091.04
1889, 8273.62
1890, 4703.66
1891, 11322.69
1892, 13415.05
1893, 15044.55
1894, 19613.12
1895, 18619.35
1896, 4775.42
1897, 20678.37
1898, 10701.08
1899, 5088.88
1900, 18596.36
1901, 3214.59
1902, 37914.31
1903, 9225.19
1904, 15631.62
1905, 25140.36
1906, 9169.96
1907, 6795.52
1908, 15971.42
1909, 9316.26
1910, 9271.05
1911, 8416.86
1912, 7819.91
1913, 25210.82
1914, 8047.91
1915, 22098.55
1916, 11158.21
1917, 19014.67
1918, 11621.35
1919, 8850.47
1920, 22169.73
1921, 16277.60
1922, 8744.90
1923, 3698.59
1924, 22087.85
1925, 7529.36
1926, 4546.72
1927, 7664.49
1928, 11986.92
1929, 23593.46
1930, 18679.28
1931, 15146.28
1932, 6312.68
1933, 7080.08
1934, 13800.19
1935, 39986.69
1936, 27666.94
1937, 9782.60
1938, 3219.15
1939, 29745.98
1940, 17367.66
1941, 24764.31
1942, 11326.58
1943, 8095.55
1944, 22651.85
1945, 21484.87
1946, 31088.23
1947, 15583.27
1948, 6535.17
1949, 10737.34
1950, 21515.39
1951, 9349.05
1952, 23417.70
1953, 34883.33
1954, 9092.55
1955, 8323.35
1956, 8637.56
1957, 21484.30
1958, 3773.76
1959, 3579.65
1960, 4202.53
1961, 9289.62
1962, 12089.84
1963, 13529.67
1964, 15539.19
1965, 4653.81
1966, 15677.37
1967, 2341.70
1968, 24608.96
1969, 3165.47
1970, 3932.34
1971, 10938.62
1972, 25306.54
1973, 40802.17
1974, 10004.30
1975, 8780.20
1976, 19434.49
1977, 14480.30
1978, 21257.28
1979, 20163.86
1980, 25137.89
1981, 18646.99
1982, 39696.32
1983, 24583.45
1984, 24441.73
1985, 21516.79
1986, 8099.04
1987, 8267.46
1988, 11636.97
1989, 9753.22
1990, 7949.17
1991, 16337.67
1992, 8254.63
1993, 7652.53
1994, 12434.55
1995, 7630.78
1996, 26400.11
1997, 11498.61
1998, 5496.68
1999, 9949.14
2000, 10502.02
2001, 8362.44
2002, 7404.92
2003, 14489.65
2004, 8163.95
2005, 16595.90
2006, 21002.04
2007, 12271.28
2008, 7513.31
2009, 16122.41
2010, 8284.32
2011, 20967.37
2012, 14037.85
2013, 14357.02
2014, 8992.08
2015, 20683.73
2016, 11864.80
2017, 4116.66
2018, 6303.07
2019, 5260.22
2020, 9772.97
2021, 16790.96
2022, 11923.50
2023, 4931.00
2024, 21755.46
2025, 19094.46
2026, 28517.90
2027, 16070.92
2028, 29580.87
2029, 13347.09
2030, 12810.00
2031, 23841.08
2032, 26216.59
2033, 18585.90
2034, 11849.19
2035, 15915.87
2036, 7032.64
2037, 16206.95
2038, 15156.99
2039, 13997.54
2040, 23010.64
2041, 17758.54
2042, 31287.86
2043, 11195.87
2044, 5868.99
2045, 5254.61
2046, 23012.94
2047, 8414.57
=== END ===


=== BATCH 10 ===
0, 2202057.00
1, 8762.58
2, 11175.66
3, 6533.72
4, 9778.68
5, 6567.40
6, 4512.65
7, 9738.55
8, 4957.08
9, 9602.95
10, 7426.17
11, 11570.37
12, 9936.33
13, 8141.21
14, 2157.84
15, 17862.46
16, 8049.32
17, 38124.42
18, 9091.26
19, 12349.80
20, 9018.74
21, 12159.36
22, 4316.68
23, 5430.82
24, 9877.36
25, 15920.11
26, 10021.11
27, 19086.71
28, 11483.45
29, 2615.96
30, 13191.64
31, 9821.40
32, 8605.90
33, 8943.04
34, 7961.17
35, 6509.30
36, 8599.39
37, 11893.95
38, 10887.41
39, 16638.44
40, 1784.80
41, 5853.66
42, 11345.15
43, 8492.78
44, 18429.09
45, 21649.62
46, 3493.08
47, 12790.90
48, 8574.94
49, 8340.15
50, 6111.46
51, 5815.79
52, 7741.79
53, 7721.35
54, 16019.99
55, 19036.84
56, 7009.02
57, 18065.36
58, 9509.87
59, 8284.66
60, 5784.09
61, 4133.27
62, 1158.93
63, 10626.64
64, 10033.52
65, 9363.39
66, 16419.64
67, 11050.03
68, 17498.49
69, 12389.06
70, 8874.73
71, 8290.46
72, 9140.49
73, 3969.29
74, 9409.95
75, 5699.07
76, 1202.26
77, 13701.07
78, 9917.28
79, 5232.54
80, 3760.79
81, 8987.47
82, 7992.10
83, 4030.41
84, 8431.64
85, 15368.04
86, 14148.97
87, 12252.85
88, 4512.21
89, 7302.37
90, 11720.76
91, 8707.97
92, 15112.29
93, 12395.05
94, 9799.45
95, 8428.75
96, 8308.14
97, 10302.23
98, 4742.75
99, 1097.41
100, 4437.76
101, 9754.23
102, 4056.43
103, 5520.97
104, 11868.60
105, 5788.03
106, 8921.13
107, 5178.21
108, 13739.46
109, 1963.61
110, 15183.30
111, 10115.89
112, 5690.91
113, 5361.78
114, 15530.97
115, 5607.38
116, 6163.25
117, 12810.36
118, 11793.08
119, 9011.00
120, 3377.84
121, 6354.02
122, 17639.85
123, 5791.96
124, 4850.17
125, 5176.73
126, 2186.45
127, 1130.54
128, 5000.44
129, 2195.66
130, 2416.58
131, 8746.47
132, 7399.10
133, 7427.74
134, 5876.04
135, 21148.74
136, 23744.97
137, 5550.79
138, 2868.00
139, 565.41
140, 8941.95
141, 3968.69
142, 7929.63
143, 7787.80
144, 2632.19
145, 3451.57
146, 6348.36
147, 9295.01
148, 6140.81
149, 25934.51
150, 4827.38
151, 17315.43
152, 12986.07
153, 13045.93
154, 3237.22
155, 6960.02
156, 18118.89
157, 11649.39
158, 7188.56
159, 7230.15
160, 5462.89
161, 19489.88
162, 8250.90
163, 4645.71
164, 7509.88
165, 8544.20
166, 14394.76
167, 6593.37
168, 12662.56
169, 1355.02
170, 13247.28
171, 1638.10
172, 3290.53
173, 11198.86
174, 8071.59
175, 5063.23
176, 9720.77
177, 8726.17
178, 9059.88
179, 6336.58
180, 9590.31
181, 16060.88
182, 4165.53
183, 11375.53
184, 11390.01
185, 15908.48
186, 6923.35
187, 4686.64
188, 8333.89
189, 7919.95
190, 7843.25
191, 8600.03
192, 16412.75
193, 16540.46
194, 3456.16
195, 10378.34
196, 20484.02
197, 7769.78
198, 4224.74
199, 11277.13
200, 10102.82
201, 13735.00
202, 4424.00
203, 17656.07
204, 9443.24
205, 10694.53
206, 11859.74
207, 13866.74
208, 10248.83
209, 14722.84
210, 3360.91
211, 8890.42
212, 12668.37
213, 8462.46
214, 3247.49
215, 16571.12
216, 5119.73
217, 1634.50
218, 5093.17
219, 14571.09
220, 13822.72
221, 6708.38
222, 7088.68
223, 3122.84
224, 5111.61
225, 16743.34
226, 18935.32
227, 9592.05
228, 6475.83
229, 1867.38
230, 20279.79
231, 7225.35
232, 4061.37
233, 5931.20
234, 6222.51
235, 17911.34
236, 5462.33
237, 682.81
238, 10295.21
239, 4475.97
240, 5212.48
241, 7990.41
242, 2867.90
243, 3829.33
244, 6815.76
245, 9035.72
246, 7956.66
247, 436.21
248, 6714.50
249, 9150.80
250, 5604.66
251, 19801.24
252, 13303.92
253, 5203.34
254, 3608.58
255, 5803.10
256, 1482.68
257, 9502.57
258, 2961.25
259, 10501.06
260, 6044.58
261, 13414.55
262, 8515.13
263, 8916.31
264, 11388.08
265, 3954.63
266, 5321.26
267, 4976.47
268, 14411.82
269, 6680.91
270, 3856.71
271, 4073.39
272, 15068.12
273, 5382.89
274, 4576.51
275, 3737.33
276, 5113.91
277, 5810.22
278, 11167.70
279, 10344.00
280, 5887.33
281, 13622.33
282, 1238.11
283, 6751.63
284, 2835.61
285, 5499.17
286, 9800.88
287, 9381.82
288, 11521.56
289, 7453.67
290, 12840.27
291, 1265.17
292, 9709.19
293, 8714.27
294, 10545.29
295, 15396.01
296, 3055.85
297, 2099.15
298, 6855.48
299, 9647.73
300, 8945.70
301, 8328.06
302, 1897.24
303, 9664.04
304, 14263.29
305, 8595.27
306, 9428.31
307, 6490.56
308, 7402.28
309, 7785.91
310, 1975.53
311, 8675.20
312, 6938.85
313, 12357.94
314, 3792.20
315, 5896.53
316, 19672.20
317, 5669.68
318, 18721.84
319, 9943.86
320, 6813.49
321, 6500.46
322, 15601.65
323, 7858.39
324, 9402.17
325, 7401.00
326, 4853.47
327, 6459.97
328, 11260.05
329, 1845.86
330, 4979.21
331, 7057.93
332, 9724.88
333, 9453.58
334, 9069.15
335, 1018.24
336, 7743.76
337, 14160.46
338, 11204.92
339, 5214.76
340, 9074.40
341, 6957.11
342, 3139.22
343, 10652.09
344, 3679.29
345, 10991.24
346, 3925.98
347, 18563.49
348, 8373.46
349, 17394.38
350, 7252.20
351, 3706.04
352, 8741.40
353, 7439.11
354, 10141.50
355, 4349.02
356, 10394.12
357, 8269.17
358, 10258.78
359, 3843.21
360, 1415.26
361, 3884.70
362, 12783.48
363, 20738.85
364, 3303.92
365, 6476.76
366, 14430.49
367, 5363.73
368, 7539.06
369, 8312.49
370, 11173.78
371, 1426.86
372, 10253.22
373, 14341.69
374, 6448.25
375, 6340.91
376, 14326.31
377, 11642.18
378, 5588.10
379, 5610.04
380, 17786.04
381, 6655.87
382, 13815.65
383, 4739.54
384, 9740.53
385, 1854.56
386, 4478.49
387, 6948.40
388, 8772.11
389, 12622.21
390, 9466.60
391, 12956.58
392, 7945.12
393, 14417.91
394, 15187.39
395, 12619.91
396, 9035.64
397, 10622.92
398, 6013.71
399, 3171.83
400, 3018.86
401, 5814.10
402, 11585.31
403, 17732.36
404, 11505.17
405, 2617.09
406, 14586.98
407, 8677.71
408, 15694.40
409, 8047.40
410, 9685.50
411, 9376.88
412, 16848.08
413, 12130.66
414, 9196.04
415, 6821.09
416, 13847.33
417, 2011.02
418, 8132.37
419, 8901.99
420, 22681.43
421, 13361.11
422, 710.23
423, 10179.97
424, 9342.27
425, 3478.01
426, 11003.61
427, 6746.11
428, 9365.49
429, 8052.60
430, 4695.85
431, 17340.30
432, 11778.63
433, 14273.34
434, 3177.44
435, 3806.47
436, 15422.45
437, 14420.32
438, 9260.73
439, 5161.73
440, 7748.53
441, 6331.07
442, 3469.06
443, 18343.55
444, 5360.64
445, 8745.90
446, 16503.18
447, 3681.31
448, 11927.85
449, 1144.30
450, 13090.51
451, 6544.99
452, 4768.63
453, 8996.84
454, 11793.80
455, 3847.95
456, 8995.06
457, 10250.88
458, 8890.16
459, 6518.64
460, 13968.99
461, 5745.94
462, 8428.70
463, 9006.48
464, 10685.90
465, 15306.61
466, 10035.19
467, 4163.54
468, 1684.29
469, 1388.34
470, 8535.19
471, 11543.33
472, 8207.05
473, 7617.27
474, 16518.07
475, 11541.43
476, 1459.42
477, 17888.17
478, 3467.99
479, 2888.56
480, 17054.66
481, 11182.70
482, 7705.23
483, 3578.78
484, 4582.97
485, 11882.93
486, 12937.30
487, 5391.82
488, 2632.34
489, 20483.00
490, 3255.26
491, 2228.78
492, 12549.31
493, 4106.43
494, 4035.14
495, 3930.16
496, 20396.19
497, 23140.36
498, 4145.58
499, 12610.59
500, 9179.34
501, 10088.51
502, 10760.32
503, 9295.28
504, 3250.41
505, 5314.21
506, 17031.45
507, 6778.72
508, 13886.23
509, 9880.48
510, 9922.11
511, 1717.37
512, 4112.50
513, 16517.81
514, 7365.78
515, 2580.34
516, 8375.13
517, 6753.27
518, 20354.72
519, 11232.40
520, 854.54
521, 8633.97
522, 8904.69
523, 9567.51
524, 7051.87
525, 9277.17
526, 8728.93
527, 1090.75
528, 12786.17
529, 8952.27
530, 3609.05
531, 9986.74
532, 8903.18
533, 16028.60
534, 8834.46
535, 2430.51
536, 8922.72
537, 3008.41
538, 7148.27
539, 10255.03
540, 7240.81
541, 6091.43
542, 8191.21
543, 9459.75
544, 6463.07
545, 3989.85
546, 21343.56
547, 10672.41
548, 12707.59
549, 10674.81
550, 19405.54
551, 10981.95
552, 2733.56
553, 1439.82
554, 3790.90
555, 8123.32
556, 5789.88
557, 6929.70
558, 4280.90
559, 5317.58
560, 6935.76
561, 15606.73
562, 13390.24
563, 6494.55
564, 13758.14
565, 16884.21
566, 11922.67
567, 12221.05
568, 16635.38
569, 11199.46
570, 10423.60
571, 9745.22
572, 6269.85
573, 12534.83
574, 11525.10
575, 3598.93
576, 9802.01
577, 12688.40
578, 6751.69
579, 17229.96
580, 6028.72
581, 8979.37
582, 11576.22
583, 7599.56
584, 3947.77
585, 2654.23
586, 11272.19
587, 13652.92
588, 13506.94
589, 1084.78
590, 13496.69
591, 6701.11
592, 6602.20
593, 8997.74
594, 23213.45
595, 22830.99
596, 3676.02
597, 13892.69
598, 8574.10
599, 15078.48
600, 4839.22
601, 6042.86
602, 14714.11
603, 6778.27
604, 8292.80
605, 16168.30
606, 7118.29
607, 11058.47
608, 8104.55
609, 1907.21
610, 3840.32
611, 11893.39
612, 13181.92
613, 2437.41
614, 13057.25
615, 17442.15
616, 2163.79
617, 16544.32
618, 9827.03
619, 9807.45
620, 13298.04
621, 12008.18
622, 5455.94
623, 11695.94
624, 11840.24
625, 25119.25
626, 4120.10
627, 7521.90
628, 7911.99
629, 6424.05
630, 8446.44
631, 9806.49
632, 17157.52
633, 11265.70
634, 8796.57
635, 14140.25
636, 12176.20
637, 4603.76
638, 10992.71
639, 16798.12
640, 11155.94
641, 12867.62
642, 5437.94
643, 5854.75
644, 10610.14
645, 8893.31
646, 5964.58
647, 10245.37
648, 8675.11
649, 2444.70
650, 7023.10
651, 4643.32
652, 15912.85
653, 17340.55
654, 16946.93
655, 16791.74
656, 11433.78
657, 8436.22
658, 11930.16
659, 2226.83
660, 5957.95
661, 6947.78
662, 7719.92
663, 13945.62
664, 2955.21
665, 6731.41
666, 7065.59
667, 13990.42
668, 11280.99
669, 3563.28
670, 6926.32
671, 14425.69
672, 4365.69
673, 5593.39
674, 5187.19
675, 1597.28
676, 12855.73
677, 6636.27
678, 7263.73
679, 13719.25
680, 11768.31
681, 20720.83
682, 18208.13
683, 17523.46
684, 7919.51
685, 18052.78
686, 3227.95
687, 6709.05
688, 8412.11
689, 5969.95
690, 9264.18
691, 12074.43
692, 7658.25
693, 2537.14
694, 11195.40
695, 19656.45
696, 15139.28
697, 4395.01
698, 13022.34
699, 5592.63
700, 8591.18
701, 7958.90
702, 12067.73
703, 3707.45
704, 7342.72
705, 3607.54
706, 11634.35
707, 17783.43
708, 10593.50
709, 3142.45
710, 9486.07
711, 7084.73
712, 7614.40
713, 8194.09
714, 6281.88
715, 8492.12
716, 6212.77
717, 11541.16
718, 13288.09
719, 6264.67
720, 2345.80
721, 8289.25
722, 14126.06
723, 2121.50
724, 3773.77
725, 4884.71
726, 4414.70
727, 10451.68
728, 3896.97
729, 7642.16
730, 5606.01
731, 8026.55
732, 12608.08
733, 5106.83
734, 15976.13
735, 6088.81
736, 7117.88
737, 3669.78
738, 7682.82
739, 17565.08
740, 13193.20
741, 2985.37
742, 8507.33
743, 2118.53
744, 4034.41
745, 19270.68
746, 16577.94
747, 9364.43
748, 20261.11
749, 12268.39
750, 14433.46
751, 14393.91
752, 7619.62
753, 583.47
754, 19365.06
755, 15721.88
756, 23994.19
757, 7595.26
758, 3068.40
759, 4694.49
760, 3573.12
761, 6420.07
762, 6843.65
763, 5490.77
764, 12136.46
765, 5714.48
766, 9984.30
767, 1226.28
768, 4781.51
769, 5826.52
770, 3634.55
771, 8574.09
772, 10368.71
773, 11948.05
774, 7089.67
775, 3035.03
776, 11024.47
777, 9148.11
778, 4136.54
779, 7064.69
780, 8320.58
781, 8566.86
782, 12480.71
783, 6757.79
784, 5730.58
785, 2305.63
786, 2521.84
787, 12505.33
788, 6353.29
789, 8009.39
790, 8791.93
791, 7007.74
792, 10618.52
793, 14169.42
794, 5553.52
795, 8171.02
796, 4812.58
797, 9882.21
798, 13062.11
799, 14669.32
800, 6279.01
801, 14531.71
802, 14603.56
803, 15624.89
804, 9347.10
805, 9135.33
806, 9284.05
807, 8739.02
808, 7783.44
809, 16685.78
810, 9828.74
811, 16554.63
812, 13504.85
813, 7003.19
814, 4188.17
815, 11814.10
816, 4688.60
817, 22081.63
818, 14595.80
819, 5770.35
820, 4449.82
821, 15810.26
822, 9087.26
823, 6547.85
824, 6583.98
825, 8048.53
826, 12028.25
827, 11079.49
828, 8739.92
829, 11099.56
830, 6132.76
831, 5078.98
832, 13004.03
833, 8867.73
834, 8992.63
835, 3246.24
836, 5790.54
837, 20182.05
838, 11929.86
839, 20503.49
840, 10081.32
841, 4234.85
842, 13980.89
843, 9609.00
844, 8299.79
845, 20796.89
846, 13420.23
847, 7905.06
848, 15397.83
849, 3664.86
850, 7882.57
851, 5834.28
852, 14225.15
853, 8791.70
854, 8214.34
855, 5210.04
856, 6226.74
857, 7853.48
858, 3389.43
859, 13184.33
860, 11561.77
861, 6285.31
862, 13650.85
863, 3820.23
864, 7889.78
865, 1286.56
866, 19414.16
867, 7038.79
868, 6255.19
869, 1916.18
870, 8138.34
871, 8278.25
872, 6143.05
873, 13037.45
874, 8373.99
875, 3445.29
876, 5578.39
877, 15146.61
878, 4214.52
879, 8796.39
880, 8025.35
881, 12961.87
882, 13760.33
883, 20146.29
884, 9790.11
885, 8941.39
886, 7262.01
887, 2432.41
888, 8652.04
889, 6758.86
890, 8083.40
891, 7202.80
892, 6449.81
893, 14997.47
894, 8286.58
895, 9085.88
896, 6271.53
897, 9595.27
898, 4891.91
899, 10781.65
900, 12214.72
901, 3808.66
902, 1859.91
903, 10586.74
904, 8329.38
905, 15911.67
906, 20738.51
907, 13622.44
908, 5812.36
909, 6447.53
910, 10422.99
911, 3081.41
912, 6066.27
913, 10512.79
914, 3668.25
915, 9039.68
916, 7925.72
917, 7167.01
918, 7481.17
919, 11947.34
920, 4220.12
921, 4176.08
922, 3438.31
923, 2023.78
924, 2825.81
925, 12058.41
926, 14538.00
927, 8414.39
928, 5054.67
929, 8491.83
930, 12770.94
931, 2842.37
932, 20669.66
933, 9785.42
934, 12310.48
935, 4705.88
936, 8673.28
937, 9211.86
938, 7284.48
939, 7356.96
940, 5117.25
941, 16699.60
942, 7361.98
943, 20584.43
944, 7665.36
945, 13746.08
946, 10599.72
947, 4024.28
948, 9197.91
949, 13551.18
950, 7461.81
951, 24820.08
952, 16350.90
953, 5742.49
954, 5907.15
955, 1838.14
956, 6111.95
957, 10521.40
958, 11692.03
959, 14593.62
960, 11638.02
961, 8518.38
962, 16165.17
963, 18307.71
964, 14626.52
965, 8274.26
966, 12853.56
967, 9393.88
968, 2239.00
969, 19260.80
970, 3077.85
971, 5619.07
972, 8655.55
973, 16114.10
974, 7991.45
975, 13265.84
976, 14086.28
977, 11941.16
978, 6820.81
979, 13124.23
980, 13723.87
981, 6029.13
982, 2496.30
983, 17841.23
984, 3162.18
985, 6903.79
986, 16546.20
987, 8188.35
988, 10488.89
989, 7961.18
990, 7433.71
991, 3573.30
992, 7041.47
993, 7460.44
994, 3266.66
995, 10189.37
996, 8201.99
997, 9287.39
998, 17566.53
999, 6550.03
1000, 3998.47
1001, 7058.74
1002, 10411.25
1003, 14162.20
1004, 12576.45
1005, 3734.95
1006, 7320.19
1007, 12505.76
1008, 23861.55
1009, 6739.79
1010, 11425.54
1011, 6922.32
1012, 3350.73
1013, 6571.76
1014, 14892.85
1015, 5983.59
1016, 6210.15
1017, 9850.85
1018, 15592.57
1019, 9151.33
1020, 26119.00
1021, 4843.22
1022, 20114.11
1023, 4490.93
1024, 7663.65
1025, 10398.03
1026, 14330.29
1027, 5338.27
1028, 14066.74
1029, 16370.22
1030, 7814.17
1031, 11455.27
1032, 14559.71
1033, 17126.24
1034, 19575.94
1035, 7215.16
1036, 3253.22
1037, 7290.34
1038, 17267.35
1039, 8151.55
1040, 1464.00
1041, 6817.18
1042, 8428.42
1043, 9745.14
1044, 5081.59
1045, 18963.82
1046, 18594.22
1047, 4492.42
1048, 15495.32
1049, 11816.15
1050, 401.95
1051, 11263.81
1052, 6802.65
1053, 13777.87
1054, 12900.54
1055, 8006.57
1056, 19108.72
1057, 13910.20
1058, 19357.31
1059, 5934.66
1060, 13794.68
1061, 22673.70
1062, 16562.58
1063, 28504.73
1064, 11575.25
1065, 11566.18
1066, 10288.31
1067, 23273.42
1068, 15212.57
1069, 7965.09
1070, 10834.10
1071, 8148.33
1072, 30192.69
1073, 9541.60
1074, 8896.28
1075, 4787.62
1076, 11520.86
1077, 3007.93
1078, 9982.31
1079, 13183.28
1080, 5565.90
1081, 11244.87
1082, 3792.11
1083, 12693.56
1084, 4047.22
1085, 6368.01
1086, 12755.84
1087, 15230.26
1088, 2780.73
1089, 6270.81
1090, 7056.03
1091, 16020.72
1092, 9689.84
1093, 5351.68
1094, 13827.21
1095, 4615.49
1096, 23768.96
1097, 2560.62
1098, 16248.50
1099, 23854.21
1100, 5742.89
1101, 6815.18
1102, 14490.67
1103, 2312.00
1104, 8569.17
1105, 4702.85
1106, 8410.75
1107, 11895.84
1108, 6009.35
1109, 16066.77
1110, 1345.20
1111, 12312.70
1112, 4058.70
1113, 4622.13
1114, 7156.19
1115, 6302.92
1116, 11914.61
1117, 24865.15
1118, 3818.64
1119, 12520.17
1120, 20592.50
1121, 8111.93
1122, 6539.91
1123, 6797.63
1124, 14007.35
1125, 21577.80
1126, 16717.18
1127, 7212.85
1128, 14457.89
1129, 8188.85
1130, 14569.56
1131, 15041.72
1132, 4915.70
1133, 25237.55
1134, 7934.75
1135, 6767.55
1136, 8896.81
1137, 10388.79
1138, 8523.14
1139, 14549.78
1140, 10852.36
1141, 5017.74
1142, 2568.63
1143, 7568.07
1144, 21817.83
1145, 23389.53
1146, 5221.83
1147, 7789.42
1148, 8143.67
1149, 12595.77
1150, 13273.63
1151, 6941.27
1152, 5766.51
1153, 17906.57
1154, 11016.27
1155, 23560.62
1156, 25488.85
1157, 16104.55
1158, 11967.63
1159, 10488.22
1160, 15229.55
1161, 16864.33
1162, 7636.07
1163, 7736.94
1164, 26399.92
1165, 7637.95
1166, 1985.17
1167, 15849.43
1168, 15148.62
1169, 19739.24
1170, 11518.32
1171, 16825.67
1172, 17357.79
1173, 15041.79
1174, 7132.97
1175, 8284.47
1176, 15091.15
1177, 12980.50
1178, 20007.53
1179, 9857.14
1180, 2608.62
1181, 9167.08
1182, 20334.28
1183, 9047.71
1184, 21738.38
1185, 18201.97
1186, 22168.87
1187, 17683.70
1188, 10975.81
1189, 7549.73
1190, 11384.11
1191, 1947.58
1192, 8651.85
1193, 14264.73
1194, 19832.05
1195, 16374.46
1196, 21003.96
1197, 9813.70
1198, 12688.34
1199, 22047.72
1200, 15334.39
1201, 1949.37
1202, 17410.00
1203, 8942.86
1204, 11667.60
1205, 4014.94
1206, 10277.09
1207, 2886.52
1208, 15172.52
1209, 10489.45
1210, 7399.02
1211, 5663.26
1212, 17367.01
1213, 12678.07
1214, 8028.51
1215, 12003.64
1216, 6221.19
1217, 12619.59
1218, 9931.40
1219, 9604.50
1220, 10147.35
1221, 25923.40
1222, 7934.03
1223, 8357.10
1224, 14994.26
1225, 23089.15
1226, 8526.07
1227, 17057.54
1228, 15886.05
1229, 9248.83
1230, 3911.36
1231, 19442.25
1232, 7373.10
1233, 4811.47
1234, 20129.68
1235, 16629.50
1236, 10394.52
1237, 21535.08
1238, 11884.36
1239, 2320.73
1240, 8518.17
1241, 18044.37
1242, 11892.78
1243, 6416.63
1244, 12216.47
1245, 12131.93
1246, 10542.51
1247, 6046.13
1248, 20554.06
1249, 5096.06
1250, 11783.72
1251, 8902.41
1252, 14160.23
1253, 22964.11
1254, 17858.07
1255, 16832.33
1256, 18278.72
1257, 14473.29
1258, 9291.03
1259, 16488.81
1260, 7671.76
1261, 11792.21
1262, 4741.34
1263, 7907.51
1264, 7759.16
1265, 14718.96
1266, 15886.36
1267, 9677.28
1268, 4985.75
1269, 10574.30
1270, 18209.28
1271, 17565.53
1272, 4511.54
1273, 16732.62
1274, 12814.85
1275, 15652.78
1276, 5928.97
1277, 7823.26
1278, 12805.59
1279, 6138.75
1280, 20327.04
1281, 16029.05
1282, 14617.24
1283, 8282.67
1284, 1814.76
1285, 6586.43
1286, 23469.88
1287, 10731.25
1288, 17219.82
1289, 13288.33
1290, 1985.65
1291, 10093.87
1292, 18965.04
1293, 12191.76
1294, 7255.64
1295, 8868.84
1296, 306.15
1297, 9125.30
1298, 10302.32
1299, 18999.83
1300, 12914.53
1301, 18577.41
1302, 9695.87
1303, 8820.31
1304, 16925.37
1305, 8056.19
1306, 16715.43
1307, 14329.22
1308, 2498.16
1309, 11286.33
1310, 9286.67
1311, 14277.95
1312, 9983.47
1313, 16384.97
1314, 12116.11
1315, 16544.59
1316, 12955.52
1317, 12377.29
1318, 12386.08
1319, 3318.94
1320, 2566.03
1321, 12031.54
1322, 14802.12
1323, 2984.24
1324, 8692.49
1325, 6236.48
1326, 22848.53
1327, 10366.83
1328, 11253.06
1329, 22198.65
1330, 4225.15
1331, 11186.93
1332, 8217.02
1333, 5393.77
1334, 3347.78
1335, 9938.89
1336, 4056.80
1337, 7455.05
1338, 7189.44
1339, 12686.50
1340, 9576.67
1341, 5168.54
1342, 5811.86
1343, 3926.81
1344, 4635.95
1345, 15446.64
1346, 7320.76
1347, 10428.14
1348, 5038.40
1349, 17822.99
1350, 12866.84
1351, 10124.85
1352, 13192.70
1353, 9141.01
1354, 8492.77
1355, 7941.51
1356, 16882.17
1357, 15860.48
1358, 11639.92
1359, 8267.61
1360, 6192.21
1361, 8375.15
1362, 10973.53
1363, 6791.38
1364, 9978.28
1365, 8802.19
1366, 4996.35
1367, 15231.93
1368, 12167.11
1369, 16410.96
1370, 12400.78
1371, 23446.74
1372, 12264.78
1373, 5324.88
1374, 13625.68
1375, 10531.17
1376, 7862.47
1377, 9831.11
1378, 6677.68
1379, 4124.89
1380, 9754.43
1381, 16742.40
1382, 16848.89
1383, 10231.26
1384, 26134.54
1385, 5235.70
1386, 21913.66
1387, 10986.32
1388, 8001.34
1389, 14671.66
1390, 23697.07
1391, 7554.45
1392, 5156.29
1393, 6982.99
1394, 1113.34
1395, 16010.37
1396, 20826.76
1397, 6908.14
1398, 4969.71
1399, 4254.11
1400, 12864.99
1401, 14328.64
1402, 12426.30
1403, 12013.39
1404, 9872.32
1405, 9890.03
1406, 17977.35
1407, 5832.87
1408, 10518.38
1409, 14477.98
1410, 10443.15
1411, 10837.88
1412, 7740.24
1413, 2155.40
1414, 6942.51
1415, 5371.54
1416, 14595.48
1417, 3330.61
1418, 6078.39
1419, 7713.94
1420, 7054.08
1421, 10906.26
1422, 17973.64
1423, 9531.57
1424, 13312.29
1425, 9573.88
1426, 7975.48
1427, 18707.63
1428, 5556.42
1429, 3891.97
1430, 6007.46
1431, 11654.30
1432, 24401.93
1433, 13372.05
1434, 3908.64
1435, 9349.30
1436, 11417.66
1437, 16539.98
1438, 17884.84
1439, 15689.79
1440, 19260.49
1441, 3194.55
1442, 3629.68
1443, 8659.41
1444, 4271.22
1445, 18596.50
1446, 9978.06
1447, 8409.40
1448, 8899.43
1449, 12016.66
1450, 16255.14
1451, 1054.37
1452, 6228.70
1453, 4510.39
1454, 8416.30
1455, 12719.69
1456, 9215.24
1457, 11018.92
1458, 12755.16
1459, 7039.87
1460, 2147.36
1461, 7326.37
1462, 9113.50
1463, 15324.94
1464, 5092.30
1465, 13164.95
1466, 8437.84
1467, 5680.21
1468, 6748.02
1469, 17985.79
1470, 6628.72
1471, 9667.49
1472, 3280.57
1473, 9541.02
1474, 4860.48
1475, 8704.45
1476, 11228.76
1477, 5314.40
1478, 1889.20
1479, 6067.00
1480, 17915.83
1481, 9475.88
1482, 13229.90
1483, 12885.62
1484, 10833.89
1485, 14091.35
1486, 8122.06
1487, 3974.07
1488, 9833.54
1489, 3165.68
1490, 5633.76
1491, 1866.13
1492, 19740.87
1493, 15633.18
1494, 4229.21
1495, 4307.73
1496, 2389.17
1497, 12814.95
1498, 10767.94
1499, 8328.25
1500, 10196.17
1501, 10068.51
1502, 7592.38
1503, 13453.31
1504, 16921.53
1505, 1118.38
1506, 2771.83
1507, 11252.54
1508, 8438.24
1509, 8145.71
1510, 6258.64
1511, 8352.52
1512, 1870.97
1513, 9794.47
1514, 10525.81
1515, 6730.37
1516, 7768.58
1517, 16113.09
1518, 7650.02
1519, 11694.34
1520, 13887.20
1521, 12094.87
1522, 9622.00
1523, 8412.39
1524, 7614.99
1525, 8312.36
1526, 5806.78
1527, 15241.27
1528, 6781.97
1529, 13400.86
1530, 9877.30
1531, 5996.72
1532, 21590.19
1533, 5302.14
1534, 17619.12
1535, 6654.03
1536, 7408.99
1537, 3364.80
1538, 13798.58
1539, 8005.28
1540, 8486.63
1541, 3728.67
1542, 7666.36
1543, 9173.17
1544, 13229.02
1545, 5050.91
1546, 6470.08
1547, 19590.56
1548, 4958.40
1549, 9780.10
1550, 16612.72
1551, 4437.31
1552, 4677.42
1553, 9663.04
1554, 8848.93
1555, 12638.27
1556, 4948.96
1557, 3674.70
1558, 13795.06
1559, 11806.06
1560, 10038.91
1561, 12768.98
1562, 7619.61
1563, 2631.93
1564, 10682.93
1565, 4518.86
1566, 7822.34
1567, 11768.40
1568, 4605.65
1569, 9268.22
1570, 11008.22
1571, 14637.69
1572, 15642.46
1573, 12172.89
1574, 1979.64
1575, 6492.17
1576, 10424.29
1577, 2973.91
1578, 4111.36
1579, 13965.07
1580, 2380.32
1581, 15822.88
1582, 6940.69
1583, 10953.43
1584, 17015.20
1585, 1735.65
1586, 5055.38
1587, 11491.83
1588, 14484.59
1589, 8582.01
1590, 13326.56
1591, 10988.14
1592, 9319.54
1593, 6531.85
1594, 7443.35
1595, 5705.30
1596, 3739.15
1597, 6739.03
1598, 10171.58
1599, 18218.42
1600, 19199.39
1601, 16491.93
1602, 10111.11
1603, 3316.20
1604, 6850.38
1605, 12447.83
1606, 10491.85
1607, 12107.02
1608, 20747.83
1609, 1517.43
1610, 9563.52
1611, 2976.06
1612, 11216.26
1613, 6935.20
1614, 13161.92
1615, 8062.47
1616, 7120.77
1617, 6457.86
1618, 12605.93
1619, 7209.78
1620, 597.94
1621, 1813.77
1622, 2415.80
1623, 3827.82
1624, 13202.01
1625, 12165.33
1626, 10881.58
1627, 9046.31
1628, 4051.99
1629, 10137.25
1630, 5601.09
1631, 6726.56
1632, 1915.79
1633, 10968.83
1634, 6490.90
1635, 6532.88
1636, 12361.71
1637, 11286.30
1638, 1048.55
1639, 5530.08
1640, 5706.21
1641, 9421.26
1642, 7428.89
1643, 20715.32
1644, 11187.19
1645, 7022.75
1646, 13800.79
1647, 5369.88
1648, 7444.97
1649, 19382.68
1650, 7883.26
1651, 7711.71
1652, 9337.58
1653, 16615.72
1654, 11701.45
1655, 10018.63
1656, 10115.77
1657, 15191.88
1658, 5754.02
1659, 9110.27
1660, 9539.59
1661, 15770.83
1662, 4713.02
1663, 10639.99
1664, 15860.58
1665, 8376.71
1666, 16048.70
1667, 14114.23
1668, 6378.59
1669, 5689.15
1670, 8971.24
1671, 4740.57
1672, 3415.19
1673, 7552.43
1674, 13621.17
1675, 10988.22
1676, 5974.34
1677, 10879.00
1678, 9081.91
1679, 7452.71
1680, 8470.47
1681, 7506.77
1682, 7681.18
1683, 9263.28
1684, 14728.29
1685, 3489.09
1686, 8817.11
1687, 10782.98
1688, 16321.61
1689, 9787.05
1690, 4119.95
1691, 7275.92
1692, 4482.52
1693, 18859.86
1694, 9546.40
1695, 4270.35
1696, 14542.76
1697, 6164.10
1698, 5711.39
1699, 12259.92
1700, 6552.16
1701, 8013.72
1702, 10239.81
1703, 2463.54
1704, 6844.08
1705, 17303.41
1706, 3320.63
1707, 13826.37
1708, 14480.76
1709, 5892.41
1710, 3887.96
1711, 10514.94
1712, 8033.50
1713, 7341.27
1714, 13996.33
1715, 3368.74
1716, 10773.11
1717, 4352.67
1718, 13931.59
1719, 8803.97
1720, 13302.68
1721, 4009.99
1722, 6555.03
1723, 9298.87
1724, 13806.28
1725, 11818.13
1726, 4505.44
1727, 18007.55
1728, 5221.18
1729, 15655.11
1730, 10348.97
1731, 10972.99
1732, 14414.61
1733, 3380.72
1734, 13517.41
1735, 9126.84
1736, 12563.04
1737, 3807.74
1738, 8777.73
1739, 5351.73
1740, 15825.20
1741, 8619.33
1742, 5527.54
1743, 1783.82
1744, 14450.30
1745, 7159.39
1746, 9175.08
1747, 7734.99
1748, 5694.64
1749, 9805.43
1750, 12563.48
1751, 4552.74
1752, 6391.74
1753, 10422.34
1754, 9177.20
1755, 4636.29
1756, 2550.91
1757, 2166.28
1758, 5516.62
1759, 7425.67
1760, 3397.76
1761, 8742.89
1762, 4890.27
1763, 1664.41
1764, 3081.77
1765, 9371.54
1766, 8452.81
1767, 5182.25
1768, 7693.92
1769, 4406.55
1770, 13238.81
1771, 8393.74
1772, 8299.69
1773, 5287.26
1774, 10854.05
1775, 16205.82
1776, 6928.75
1777, 8249.46
1778, 11980.91
1779, 11120.86
1780, 12353.27
1781, 9899.54
1782, 5138.94
1783, 6282.29
1784, 10141.84
1785, 11387.21
1786, 5241.29
1787, 1490.05
1788, 12230.37
1789, 7048.33
1790, 12615.02
1791, 4948.95
1792, 10570.76
1793, 11404.95
1794, 4572.35
1795, 5297.05
1796, 12742.81
1797, 9691.42
1798, 5824.26
1799, 4029.28
1800, 18954.60
1801, 13805.96
1802, 5094.30
1803, 16300.74
1804, 4339.54
1805, 4433.94
1806, 9164.19
1807, 15524.57
1808, 5075.94
1809, 12965.01
1810, 12454.79
1811, 3522.42
1812, 13213.94
1813, 4260.24
1814, 4992.91
1815, 15530.11
1816, 10135.62
1817, 6117.87
1818, 4331.26
1819, 22767.94
1820, 8564.69
1821, 5119.26
1822, 5993.11
1823, 7448.97
1824, 5995.82
1825, 12192.98
1826, 5963.58
1827, 3848.75
1828, 3401.81
1829, 4611.54
1830, 3962.20
1831, 2807.78
1832, 13029.17
1833, 5702.12
1834, 6008.54
1835, 2016.10
1836, 9011.97
1837, 1203.16
1838, 3242.64
1839, 6910.32
1840, 6193.72
1841, 4736.99
1842, 12588.65
1843, 5564.56
1844, 15529.86
1845, 8160.63
1846, 10318.44
1847, 8456.36
1848, 7242.81
1849, 24270.65
1850, 17732.05
1851, 6111.36
1852, 15646.71
1853, 9896.55
1854, 5662.98
1855, 2453.71
1856, 9004.32
1857, 7124.44
1858, 10158.79
1859, 4133.08
1860, 5707.48
1861, 13099.15
1862, 5610.05
1863, 8537.23
1864, 15719.72
1865, 13133.10
1866, 11007.97
1867, 14126.22
1868, 3262.54
1869, 8003.41
1870, 11940.25
1871, 12343.89
1872, 11184.59
1873, 17663.55
1874, 10041.79
1875, 10600.68
1876, 7092.16
1877, 3692.71
1878, 13724.87
1879, 15867.06
1880, 6819.58
1881, 11105.63
1882, 5383.06
1883, 14573.11
1884, 2685.56
1885, 6038.87
1886, 9727.98
1887, 8263.01
1888, 3023.53
1889, 15651.62
1890, 14805.53
1891, 11990.90
1892, 15740.90
1893, 6728.85
1894, 2574.00
1895, 15714.72
1896, 4992.01
1897, 6558.53
1898, 2892.83
1899, 2102.45
1900, 14087.31
1901, 7522.35
1902, 15983.70
1903, 13150.37
1904, 10565.83
1905, 10773.33
1906, 14407.78
1907, 11152.61
1908, 8336.88
1909, 13590.37
1910, 2944.83
1911, 4158.24
1912, 4010.75
1913, 8818.47
1914, 16128.95
1915, 3418.39
1916, 8490.17
1917, 15536.13
1918, 4815.25
1919, 10519.24
1920, 10150.29
1921, 4407.94
1922, 5864.52
1923, 4157.51
1924, 7495.77
1925, 2302.99
1926, 4416.53
1927, 8696.69
1928, 5914.95
1929, 881.86
1930, 10533.78
1931, 8775.24
1932, 12791.69
1933, 1584.57
1934, 12716.36
1935, 14580.24
1936, 3310.76
1937, 12027.46
1938, 5548.38
1939, 5629.88
1940, 9842.17
1941, 5575.71
1942, 8042.08
1943, 6146.82
1944, 6908.88
1945, 1794.55
1946, 11987.66
1947, 15742.87
1948, 9099.43
1949, 10135.85
1950, 9085.45
1951, 3752.72
1952, 5812.91
1953, 8157.27
1954, 8797.80
1955, 10680.77
1956, 9540.38
1957, 1691.58
1958, 6678.52
1959, 3717.56
1960, 5617.99
1961, 14701.63
1962, 9633.50
1963, 858.32
1964, 12566.43
1965, 12396.84
1966, 8739.33
1967, 3363.27
1968, 11225.36
1969, 1707.41
1970, 10906.23
1971, 9958.43
1972, 10528.38
1973, 11326.18
1974, 10776.01
1975, 8637.01
1976, 8458.25
1977, 9689.64
1978, 7744.69
1979, 13758.50
1980, 6600.48
1981, 6611.57
1982, 6968.23
1983, 5261.70
1984, 13639.38
1985, 5542.01
1986, 5618.52
1987, 3144.82
1988, 4729.18
1989, 3350.62
1990, 6325.95
1991, 1114.02
1992, 7462.75
1993, 4194.69
1994, 5688.02
1995, 12077.92
1996, 9412.40
1997, 7855.27
1998, 11643.54
1999, 8454.96
2000, 19144.38
2001, 14316.70
2002, 6694.36
2003, 7253.96
2004, 5148.89
2005, 5351.99
2006, 15202.72
2007, 2347.51
2008, 3115.85
2009, 11918.84
2010, 6208.65
2011, 11479.30
2012, 3332.95
2013, 10835.83
2014, 2060.33
2015, 9579.56
2016, 4380.04
2017, 14424.41
2018, 14230.41
2019, 6685.64
2020, 7421.48
2021, 10504.88
2022, 8324.68
2023, 18041.58
2024, 8932.52
2025, 14652.50
2026, 20174.49
2027, 8509.00
2028, 5799.42
2029, 5993.77
2030, 8804.71
2031, 15690.90
2032, 7293.47
2033, 12454.11
2034, 10053.25
2035, 4081.22
2036, 3432.99
2037, 7844.96
2038, 11451.84
2039, 3208.64
2040, 8479.38
2041, 9937.06
2042, 8137.97
2043, 2095.98
2044, 12571.25
2045, 15808.63
2046, 9238.50
2047, 3021.10
=== END ===


=== BATCH 11 ===
0, 2759079.25
1, 14729.32
2, 4562.47
3, 3430.13
4, 5690.15
5, 20259.92
6, 18392.98
7, 12023.84
8, 4738.82
9, 19339.60
10, 8526.09
11, 15894.29
12, 2923.96
13, 24040.42
14, 2644.04
15, 17750.87
16, 1223.80
17, 18427.41
18, 4571.71
19, 11185.56
20, 14267.77
21, 24099.74
22, 11668.68
23, 24098.37
24, 6266.90
25, 4131.72
26, 10857.75
27, 18179.47
28, 30836.25
29, 10703.90
30, 17419.77
31, 5319.58
32, 11488.76
33, 9665.36
34, 5972.92
35, 4026.17
36, 10029.40
37, 22695.43
38, 16258.51
39, 14445.02
40, 8671.40
41, 13834.06
42, 15302.86
43, 7109.89
44, 7553.96
45, 17418.84
46, 16639.04
47, 9788.27
48, 18926.56
49, 29731.82
50, 19058.10
51, 16088.39
52, 7881.79
53, 1165.47
54, 26598.91
55, 23141.64
56, 10170.77
57, 15035.91
58, 14189.91
59, 28123.79
60, 17233.11
61, 18643.69
62, 8840.67
63, 17085.40
64, 15632.93
65, 3048.41
66, 21077.06
67, 5998.94
68, 12406.08
69, 11724.16
70, 19023.43
71, 10475.36
72, 15709.95
73, 9090.34
74, 8998.61
75, 1999.51
76, 18125.71
77, 27036.78
78, 3455.86
79, 4772.07
80, 13352.93
81, 13506.97
82, 4539.51
83, 12707.97
84, 19304.11
85, 2867.53
86, 10443.45
87, 15383.96
88, 15744.22
89, 15591.13
90, 1494.15
91, 14555.92
92, 5990.62
93, 34791.64
94, 17271.80
95, 14581.09
96, 7148.08
97, 7436.71
98, 17425.40
99, 19907.49
100, 12352.57
101, 16135.65
102, 6852.52
103, 3796.98
104, 15814.82
105, 10253.21
106, 11275.36
107, 22981.05
108, 6118.71
109, 9221.19
110, 7977.07
111, 12489.27
112, 10639.87
113, 5721.22
114, 2673.74
115, 3927.59
116, 12333.19
117, 3855.48
118, 7068.35
119, 9629.82
120, 8973.70
121, 11756.54
122, 3829.68
123, 18002.04
124, 8813.64
125, 15631.45
126, 11165.65
127, 7015.74
128, 2448.11
129, 11768.74
130, 8762.62
131, 9454.11
132, 11962.15
133, 16882.67
134, 22899.06
135, 14168.83
136, 7796.94
137, 13918.88
138, 14844.92
139, 18103.20
140, 12100.52
141, 20126.23
142, 7257.60
143, 8888.61
144, 6970.04
145, 11322.76
146, 8998.00
147, 14847.59
148, 5414.25
149, 13597.49
150, 2260.00
151, 8475.25
152, 22290.26
153, 6671.90
154, 18700.95
155, 13652.88
156, 4846.47
157, 14706.45
158, 7783.31
159, 18739.66
160, 14315.46
161, 6344.81
162, 11342.88
163, 8823.65
164, 18190.73
165, 19179.79
166, 5851.05
167, 3115.54
168, 9913.78
169, 15121.65
170, 21924.43
171, 11321.63
172, 13765.84
173, 12838.43
174, 11159.87
175, 5740.10
176, 4292.97
177, 12405.01
178, 7293.87
179, 4173.53
180, 11645.82
181, 3642.68
182, 3398.93
183, 9501.74
184, 17310.75
185, 1824.08
186, 9143.04
187, 17875.75
188, 5503.78
189, 9398.05
190, 10426.28
191, 4111.11
192, 25023.98
193, 2406.69
194, 8883.30
195, 12854.91
196, 11799.57
197, 14864.97
198, 18543.67
199, 10919.91
200, 11379.85
201, 22762.97
202, 21585.31
203, 8205.68
204, 4544.65
205, 19814.48
206, 10880.63
207, 22242.78
208, 17870.78
209, 6862.97
210, 12066.16
211, 5796.31
212, 12483.72
213, 17374.67
214, 1997.94
215, 6337.80
216, 19521.46
217, 6974.84
218, 11911.25
219, 12703.34
220, 7929.85
221, 20419.63
222, 5263.27
223, 16084.37
224, 2570.01
225, 10037.83
226, 7609.99
227, 22783.06
228, 6330.81
229, 8529.40
230, 9359.42
231, 2436.03
232, 16107.89
233, 16441.87
234, 7535.60
235, 15326.74
236, 3441.33
237, 7217.07
238, 3487.74
239, 7677.39
240, 15114.23
241, 6245.49
242, 13097.86
243, 11365.80
244, 18460.74
245, 17951.45
246, 10612.95
247, 11496.26
248, 20644.45
249, 5938.62
250, 9454.56
251, 6535.38
252, 18546.87
253, 16500.60
254, 5970.49
255, 9051.36
256, 854.99
257, 15771.82
258, 6865.88
259, 29572.76
260, 17436.83
261, 9062.22
262, 3664.40
263, 8019.17
264, 10468.99
265, 8511.80
266, 7726.01
267, 12832.28
268, 11066.65
269, 11282.55
270, 1585.03
271, 11051.60
272, 11718.43
273, 12534.92
274, 16739.74
275, 12983.86
276, 9431.66
277, 15966.30
278, 16204.10
279, 12678.69
280, 9994.41
281, 10424.38
282, 7338.02
283, 4349.02
284, 7093.54
285, 20361.04
286, 2967.51
287, 8279.16
288, 17075.51
289, 7477.49
290, 13873.31
291, 16025.83
292, 2840.53
293, 17359.08
294, 12569.52
295, 11052.23
296, 14273.58
297, 10211.59
298, 16581.50
299, 17781.47
300, 7553.35
301, 19435.00
302, 4690.29
303, 22853.95
304, 9738.08
305, 19991.56
306, 7896.24
307, 26308.49
308, 4552.29
309, 7125.84
310, 9939.87
311, 11397.77
312, 6226.30
313, 13538.89
314, 3919.92
315, 10533.65
316, 20276.33
317, 2540.12
318, 607.24
319, 7822.34
320, 8453.57
321, 3282.11
322, 14744.10
323, 5242.26
324, 4743.21
325, 11831.68
326, 18021.26
327, 13514.10
328, 10640.43
329, 11864.50
330, 14921.11
331, 19900.00
332, 4340.09
333, 26121.77
334, 1986.37
335, 7535.55
336, 21654.07
337, 7176.57
338, 2346.88
339, 6078.26
340, 11065.41
341, 23465.92
342, 20352.47
343, 7492.97
344, 30465.96
345, 19518.74
346, 17735.87
347, 4666.62
348, 9682.09
349, 11442.11
350, 17926.46
351, 8255.32
352, 1340.02
353, 9943.00
354, 6659.09
355, 1271.40
356, 13526.09
357, 11130.40
358, 14414.34
359, 6210.41
360, 11148.41
361, 14479.55
362, 19040.74
363, 8027.65
364, 15136.54
365, 9226.05
366, 10883.73
367, 19049.68
368, 4001.20
369, 8421.64
370, 9926.99
371, 18143.55
372, 6204.90
373, 5235.62
374, 20343.37
375, 5140.72
376, 15929.53
377, 9427.56
378, 7400.85
379, 18238.20
380, 16798.20
381, 11396.19
382, 16754.05
383, 1668.36
384, 8352.46
385, 12086.66
386, 16948.22
387, 11861.27
388, 8112.18
389, 10962.39
390, 5531.30
391, 7964.90
392, 21969.54
393, 20907.91
394, 7999.59
395, 27566.62
396, 14957.28
397, 9020.71
398, 5057.04
399, 14724.32
400, 10027.23
401, 2003.70
402, 9949.56
403, 18829.16
404, 18297.81
405, 9266.59
406, 3245.79
407, 5345.73
408, 20307.81
409, 10841.80
410, 17180.63
411, 18778.69
412, 12496.96
413, 11480.02
414, 11246.69
415, 9108.86
416, 8854.23
417, 8356.73
418, 2048.09
419, 15689.99
420, 21406.06
421, 2127.18
422, 22745.78
423, 14872.00
424, 6286.24
425, 12493.01
426, 5956.13
427, 4477.68
428, 5349.40
429, 7454.41
430, 3877.09
431, 15117.18
432, 7751.12
433, 5225.17
434, 24453.49
435, 18249.67
436, 10208.31
437, 9511.34
438, 9852.08
439, 10318.53
440, 3603.20
441, 11732.74
442, 8034.83
443, 15082.68
444, 7309.70
445, 16045.25
446, 1583.79
447, 16916.05
448, 29200.18
449, 15301.77
450, 6526.78
451, 16787.88
452, 3115.96
453, 17652.06
454, 23622.03
455, 17271.82
456, 4910.48
457, 12044.36
458, 7537.76
459, 16016.70
460, 15457.40
461, 15682.51
462, 11625.17
463, 11377.02
464, 10179.38
465, 17659.74
466, 14075.64
467, 21809.14
468, 8983.36
469, 17515.70
470, 22167.54
471, 8330.33
472, 18418.10
473, 11305.38
474, 5649.90
475, 7612.20
476, 3796.32
477, 20604.22
478, 8412.39
479, 14358.71
480, 9707.51
481, 5451.25
482, 8751.82
483, 22339.10
484, 7513.12
485, 7432.49
486, 15041.67
487, 13423.76
488, 12084.93
489, 15954.16
490, 4355.19
491, 9702.06
492, 9008.56
493, 6645.06
494, 7486.89
495, 17439.03
496, 16718.69
497, 19223.71
498, 7674.78
499, 19915.97
500, 14719.41
501, 6222.04
502, 19907.02
503, 11154.43
504, 2664.27
505, 9035.67
506, 17508.58
507, 17131.17
508, 2624.76
509, 11005.01
510, 11709.85
511, 10719.41
512, 4645.93
513, 12652.84
514, 1040.75
515, 18274.62
516, 16448.29
517, 18983.43
518, 8121.42
519, 6569.96
520, 15479.41
521, 9844.93
522, 7392.58
523, 9755.22
524, 33597.99
525, 21583.82
526, 14054.71
527, 19357.04
528, 36199.04
529, 13494.09
530, 12241.95
531, 13402.75
532, 4600.28
533, 9975.78
534, 1975.96
535, 2234.42
536, 8135.44
537, 11128.54
538, 26023.64
539, 17613.78
540, 20279.93
541, 2602.84
542, 8135.89
543, 9151.34
544, 23984.26
545, 17984.75
546, 22076.98
547, 14382.27
548, 8258.13
549, 9838.13
550, 9643.28
551, 19166.24
552, 4499.52
553, 14421.11
554, 14845.80
555, 14166.18
556, 26039.41
557, 8460.46
558, 8110.55
559, 7827.03
560, 33847.09
561, 11101.69
562, 15589.07
563, 10773.91
564, 14880.59
565, 21787.26
566, 1490.79
567, 3345.17
568, 19469.60
569, 10890.85
570, 6763.02
571, 14998.91
572, 19518.93
573, 9542.88
574, 20434.15
575, 20092.52
576, 27071.31
577, 8048.18
578, 26838.45
579, 7235.95
580, 13220.73
581, 21279.91
582, 20236.66
583, 11001.81
584, 22954.18
585, 18137.96
586, 18433.32
587, 22269.70
588, 6242.19
589, 21918.68
590, 6879.86
591, 24259.48
592, 4117.40
593, 1466.06
594, 4610.01
595, 13595.28
596, 12243.74
597, 11576.62
598, 24680.30
599, 12365.60
600, 13898.30
601, 27506.48
602, 18808.24
603, 14937.90
604, 27198.28
605, 32603.61
606, 6556.80
607, 17804.76
608, 11939.14
609, 11550.71
610, 19171.56
611, 10589.50
612, 19560.42
613, 24177.33
614, 26040.59
615, 20921.30
616, 4623.94
617, 8659.51
618, 19543.68
619, 18323.74
620, 23705.66
621, 15252.67
622, 19863.23
623, 3287.23
624, 12027.97
625, 16827.30
626, 11750.50
627, 24841.88
628, 26773.47
629, 12147.57
630, 10764.04
631, 17830.68
632, 24546.05
633, 14796.00
634, 11396.77
635, 13228.47
636, 18172.12
637, 7017.57
638, 5715.97
639, 15413.51
640, 4813.42
641, 4649.33
642, 13335.31
643, 13682.69
644, 17904.70
645, 21899.31
646, 27499.22
647, 5025.09
648, 14865.28
649, 2233.36
650, 10564.63
651, 24484.91
652, 5293.58
653, 21541.34
654, 2713.43
655, 10115.72
656, 19503.80
657, 11867.50
658, 8514.73
659, 14629.87
660, 11375.38
661, 13997.89
662, 15540.35
663, 14224.57
664, 11367.82
665, 12085.21
666, 18341.55
667, 9699.70
668, 15107.30
669, 18845.25
670, 12796.49
671, 10158.09
672, 22480.15
673, 7694.07
674, 4466.57
675, 16449.30
676, 39957.00
677, 20485.91
678, 20851.77
679, 5075.70
680, 6459.66
681, 14846.51
682, 19436.46
683, 31332.00
684, 25258.10
685, 30253.82
686, 22636.75
687, 15242.88
688, 12874.92
689, 4675.45
690, 16693.03
691, 16385.39
692, 14311.15
693, 12962.05
694, 5026.85
695, 13253.47
696, 12231.66
697, 26099.84
698, 12401.12
699, 23723.52
700, 1040.24
701, 5835.22
702, 9997.59
703, 21045.28
704, 9512.98
705, 23480.57
706, 24150.50
707, 15892.03
708, 9437.72
709, 17047.53
710, 6483.05
711, 14580.96
712, 34033.61
713, 18588.49
714, 20351.51
715, 7225.75
716, 7188.46
717, 17445.57
718, 27723.65
719, 7758.22
720, 20698.13
721, 20089.29
722, 27906.42
723, 11313.38
724, 18443.83
725, 15114.71
726, 16341.74
727, 24102.66
728, 8688.56
729, 10602.64
730, 11177.43
731, 7973.91
732, 12675.56
733, 16148.73
734, 28995.50
735, 10439.79
736, 9201.14
737, 18173.95
738, 34078.65
739, 15309.69
740, 21661.56
741, 11402.00
742, 11913.94
743, 19366.61
744, 26683.47
745, 7683.31
746, 16205.96
747, 11164.55
748, 15075.66
749, 6108.66
750, 9118.23
751, 20529.47
752, 11030.92
753, 7136.43
754, 10580.41
755, 15095.44
756, 3920.71
757, 9289.43
758, 16413.15
759, 18970.75
760, 10880.83
761, 2196.71
762, 19192.50
763, 14383.74
764, 6742.54
765, 16465.20
766, 28415.35
767, 14000.48
768, 14086.63
769, 20781.56
770, 5561.07
771, 16587.43
772, 6606.85
773, 17514.32
774, 18074.17
775, 3419.81
776, 13100.10
777, 26182.88
778, 13514.01
779, 17048.43
780, 11512.69
781, 7036.22
782, 14032.73
783, 2522.77
784, 7945.10
785, 3879.37
786, 16663.43
787, 13389.73
788, 6996.35
789, 17429.70
790, 11887.38
791, 11521.11
792, 18933.40
793, 21781.94
794, 5844.57
795, 1107.34
796, 15663.92
797, 6727.60
798, 21580.69
799, 13036.91
800, 16418.08
801, 7744.03
802, 10120.08
803, 7898.11
804, 5154.44
805, 19052.74
806, 11285.46
807, 15152.67
808, 11380.20
809, 32246.12
810, 12846.18
811, 14805.96
812, 14825.51
813, 15107.84
814, 16752.87
815, 19961.83
816, 12126.85
817, 858.20
818, 16377.38
819, 15989.57
820, 11646.51
821, 25937.50
822, 19860.79
823, 9711.46
824, 13063.43
825, 8323.40
826, 24918.11
827, 5810.12
828, 25428.33
829, 11671.61
830, 3729.25
831, 22137.66
832, 8669.34
833, 14987.89
834, 4955.36
835, 14534.02
836, 15939.80
837, 14803.07
838, 23059.73
839, 7752.27
840, 4634.62
841, 12796.28
842, 17379.57
843, 1472.71
844, 17535.30
845, 16193.59
846, 14779.64
847, 14267.57
848, 23518.40
849, 24188.64
850, 9554.47
851, 2954.57
852, 19483.97
853, 16452.01
854, 21959.75
855, 25920.16
856, 13440.52
857, 1320.67
858, 9323.30
859, 18141.60
860, 17892.59
861, 14389.16
862, 28410.83
863, 24713.34
864, 8013.02
865, 8682.01
866, 16450.93
867, 8828.66
868, 20347.40
869, 8117.79
870, 17705.11
871, 28261.43
872, 39056.38
873, 16186.79
874, 29965.83
875, 4074.12
876, 8908.70
877, 21685.93
878, 34091.96
879, 4363.40
880, 8798.11
881, 10634.93
882, 35021.71
883, 10417.86
884, 14846.18
885, 5238.25
886, 33064.72
887, 12495.90
888, 13663.62
889, 14837.67
890, 16892.85
891, 9731.29
892, 15357.85
893, 8184.89
894, 9814.84
895, 24430.11
896, 28242.95
897, 19089.65
898, 15520.39
899, 13855.89
900, 14753.01
901, 14647.29
902, 8470.28
903, 30122.35
904, 12766.91
905, 19750.14
906, 12653.44
907, 5893.01
908, 16345.86
909, 24278.40
910, 25411.35
911, 27075.68
912, 20220.44
913, 12629.70
914, 18928.64
915, 6002.35
916, 16146.06
917, 19906.37
918, 15339.65
919, 31208.37
920, 20648.29
921, 7104.55
922, 35855.86
923, 18911.06
924, 21935.07
925, 23885.80
926, 36935.46
927, 14497.41
928, 5918.05
929, 19771.75
930, 25466.12
931, 6358.87
932, 20083.75
933, 25780.22
934, 14735.91
935, 13606.26
936, 43607.14
937, 24297.88
938, 38574.23
939, 14517.07
940, 23193.70
941, 11958.18
942, 27790.40
943, 29570.19
944, 13911.16
945, 18961.67
946, 26489.94
947, 11713.80
948, 11523.00
949, 36939.38
950, 4177.66
951, 7770.07
952, 6684.03
953, 30980.87
954, 15782.14
955, 20919.91
956, 7587.43
957, 12481.13
958, 13015.51
959, 15594.18
960, 18169.64
961, 20589.90
962, 16631.08
963, 27030.28
964, 6804.16
965, 5734.91
966, 13602.22
967, 12047.95
968, 16555.95
969, 4583.26
970, 39002.47
971, 7966.61
972, 10117.64
973, 17400.41
974, 19428.92
975, 29986.88
976, 17769.85
977, 4425.03
978, 22024.95
979, 6369.05
980, 18487.05
981, 15903.42
982, 17814.35
983, 16780.23
984, 4596.22
985, 18079.78
986, 30107.07
987, 5923.41
988, 14077.42
989, 19137.92
990, 30292.28
991, 9743.73
992, 14195.04
993, 9243.65
994, 31158.70
995, 23291.83
996, 18733.41
997, 17727.46
998, 5906.94
999, 14900.16
1000, 26938.79
1001, 24967.94
1002, 27647.01
1003, 43795.29
1004, 11722.24
1005, 35637.80
1006, 21119.20
1007, 36233.49
1008, 22264.65
1009, 23086.96
1010, 16051.50
1011, 3966.50
1012, 50311.07
1013, 25263.84
1014, 38649.05
1015, 15907.41
1016, 14801.81
1017, 10483.18
1018, 18576.97
1019, 33441.36
1020, 6048.83
1021, 3361.27
1022, 30701.79
1023, 30826.17
1024, 33371.35
1025, 16889.24
1026, 27927.71
1027, 26240.09
1028, 30187.56
1029, 13818.97
1030, 26254.93
1031, 26730.79
1032, 21807.22
1033, 10277.53
1034, 9117.27
1035, 32466.55
1036, 8725.71
1037, 16052.46
1038, 13076.93
1039, 14411.91
1040, 5864.26
1041, 30653.79
1042, 26371.78
1043, 16641.78
1044, 23240.89
1045, 15009.91
1046, 41361.97
1047, 10129.76
1048, 38846.12
1049, 21044.53
1050, 31893.53
1051, 25852.83
1052, 18931.89
1053, 21767.31
1054, 20499.86
1055, 21827.65
1056, 41061.39
1057, 26215.87
1058, 39582.13
1059, 64388.70
1060, 13419.81
1061, 17461.15
1062, 5987.58
1063, 33984.34
1064, 14015.84
1065, 23294.39
1066, 26467.18
1067, 35204.62
1068, 45166.62
1069, 17996.20
1070, 11030.31
1071, 17746.53
1072, 13718.68
1073, 42220.66
1074, 22482.64
1075, 26485.98
1076, 26040.61
1077, 30468.97
1078, 27957.69
1079, 12063.49
1080, 20533.33
1081, 12516.39
1082, 16913.75
1083, 13232.73
1084, 29853.49
1085, 16833.30
1086, 31310.52
1087, 12740.88
1088, 12043.25
1089, 4212.99
1090, 19457.83
1091, 9968.70
1092, 43727.21
1093, 28522.18
1094, 15084.34
1095, 14603.09
1096, 37897.82
1097, 12598.21
1098, 12746.12
1099, 22969.15
1100, 47826.58
1101, 18169.68
1102, 10078.89
1103, 18552.75
1104, 26499.72
1105, 10427.13
1106, 22370.62
1107, 48147.34
1108, 8724.07
1109, 30507.00
1110, 35113.06
1111, 14117.44
1112, 16518.15
1113, 23274.21
1114, 25497.69
1115, 29412.47
1116, 40029.71
1117, 13374.13
1118, 8010.10
1119, 25749.98
1120, 15987.75
1121, 21043.01
1122, 15677.97
1123, 23727.91
1124, 41435.34
1125, 15890.32
1126, 29542.51
1127, 34004.24
1128, 32622.41
1129, 35113.22
1130, 18903.53
1131, 11509.21
1132, 8055.99
1133, 26062.50
1134, 31212.78
1135, 22243.63
1136, 20932.64
1137, 46615.46
1138, 35287.96
1139, 16216.86
1140, 26083.77
1141, 16607.25
1142, 20439.76
1143, 28918.77
1144, 18441.01
1145, 20039.62
1146, 36380.36
1147, 5230.38
1148, 9889.49
1149, 37654.61
1150, 28582.61
1151, 8939.90
1152, 6726.40
1153, 10223.69
1154, 22110.35
1155, 44410.63
1156, 28097.80
1157, 32761.21
1158, 13904.16
1159, 44077.06
1160, 12840.53
1161, 22744.36
1162, 21377.89
1163, 24701.46
1164, 26703.01
1165, 22091.87
1166, 9565.90
1167, 33106.87
1168, 24182.75
1169, 13225.03
1170, 4491.93
1171, 37224.73
1172, 41675.43
1173, 24476.52
1174, 23597.57
1175, 44003.91
1176, 7764.35
1177, 21334.45
1178, 11990.96
1179, 32932.20
1180, 20923.09
1181, 4106.98
1182, 31244.08
1183, 21905.66
1184, 14447.88
1185, 57777.13
1186, 7884.70
1187, 25404.30
1188, 22260.78
1189, 44610.00
1190, 26987.71
1191, 35292.71
1192, 9030.66
1193, 27352.35
1194, 14016.42
1195, 28850.84
1196, 17338.89
1197, 25084.61
1198, 41355.48
1199, 53702.11
1200, 34760.66
1201, 32051.22
1202, 28483.91
1203, 5649.11
1204, 36288.48
1205, 37462.79
1206, 56045.15
1207, 13321.62
1208, 36987.77
1209, 31042.97
1210, 13000.46
1211, 6098.14
1212, 25973.25
1213, 71212.25
1214, 51807.81
1215, 3925.07
1216, 15703.49
1217, 41841.71
1218, 29806.97
1219, 35997.31
1220, 55924.09
1221, 11954.29
1222, 14654.05
1223, 15810.23
1224, 22158.38
1225, 16393.87
1226, 43535.79
1227, 3379.41
1228, 19076.47
1229, 24305.17
1230, 30183.72
1231, 23756.96
1232, 17558.43
1233, 16503.96
1234, 42267.88
1235, 46584.55
1236, 19262.94
1237, 25700.18
1238, 29791.07
1239, 31017.40
1240, 36113.55
1241, 19527.37
1242, 46503.16
1243, 38044.86
1244, 10110.18
1245, 42869.86
1246, 25263.86
1247, 14368.62
1248, 36294.82
1249, 23537.72
1250, 29504.58
1251, 25336.70
1252, 25827.87
1253, 14010.43
1254, 40879.77
1255, 34921.54
1256, 34681.41
1257, 7271.23
1258, 44745.45
1259, 21394.00
1260, 41604.54
1261, 19778.54
1262, 42589.84
1263, 26865.25
1264, 8705.00
1265, 37956.11
1266, 19108.84
1267, 20910.88
1268, 19025.69
1269, 27628.36
1270, 7361.61
1271, 32636.29
1272, 35404.09
1273, 15704.09
1274, 12378.62
1275, 32368.61
1276, 18445.76
1277, 8688.51
1278, 10602.90
1279, 13386.67
1280, 31714.29
1281, 24883.05
1282, 10607.88
1283, 19365.24
1284, 26730.92
1285, 48917.29
1286, 41500.80
1287, 16495.79
1288, 2799.82
1289, 64277.75
1290, 39796.19
1291, 13190.17
1292, 13428.93
1293, 42369.71
1294, 15861.37
1295, 38314.00
1296, 36560.27
1297, 36149.29
1298, 31650.69
1299, 26488.56
1300, 41292.61
1301, 31958.33
1302, 10241.13
1303, 13570.63
1304, 19739.39
1305, 34709.05
1306, 24332.44
1307, 50579.34
1308, 24514.49
1309, 13793.87
1310, 17612.09
1311, 24246.27
1312, 7620.88
1313, 23076.71
1314, 24717.68
1315, 27754.56
1316, 18162.83
1317, 14116.60
1318, 49053.73
1319, 42719.74
1320, 10983.71
1321, 27832.70
1322, 56140.77
1323, 21762.28
1324, 40901.59
1325, 19010.82
1326, 23645.34
1327, 29905.97
1328, 17924.95
1329, 30299.88
1330, 22818.33
1331, 12095.99
1332, 24120.49
1333, 17426.63
1334, 32130.17
1335, 2399.12
1336, 22777.46
1337, 8682.02
1338, 9736.52
1339, 40093.25
1340, 6673.38
1341, 20183.59
1342, 12225.06
1343, 37742.52
1344, 12434.45
1345, 14175.12
1346, 36709.81
1347, 33510.52
1348, 12031.13
1349, 22088.40
1350, 11953.81
1351, 26544.11
1352, 22666.02
1353, 26740.96
1354, 7653.24
1355, 18515.98
1356, 23296.79
1357, 15611.02
1358, 36929.77
1359, 40174.72
1360, 28763.06
1361, 5419.86
1362, 15707.59
1363, 17407.30
1364, 15232.61
1365, 33630.49
1366, 19828.80
1367, 20572.38
1368, 15057.50
1369, 30426.93
1370, 38524.75
1371, 16960.46
1372, 29820.83
1373, 50331.15
1374, 21112.71
1375, 36182.27
1376, 34041.37
1377, 12963.26
1378, 27285.58
1379, 19919.04
1380, 27515.84
1381, 29038.82
1382, 20958.19
1383, 7194.67
1384, 50204.79
1385, 31517.84
1386, 10093.71
1387, 35411.87
1388, 52797.91
1389, 5130.58
1390, 26943.00
1391, 14779.34
1392, 9119.57
1393, 19923.81
1394, 18895.33
1395, 5736.31
1396, 8136.17
1397, 30546.98
1398, 30234.57
1399, 8870.06
1400, 13273.90
1401, 37774.65
1402, 15566.93
1403, 11111.38
1404, 28755.56
1405, 62868.45
1406, 21636.96
1407, 29278.41
1408, 17180.68
1409, 17001.35
1410, 10460.34
1411, 7440.94
1412, 20818.54
1413, 27611.53
1414, 32163.97
1415, 15003.22
1416, 28887.30
1417, 44210.14
1418, 19259.80
1419, 12192.06
1420, 20730.11
1421, 29113.78
1422, 34250.25
1423, 12242.43
1424, 27158.71
1425, 10786.45
1426, 4720.69
1427, 37550.46
1428, 9553.49
1429, 34189.88
1430, 18818.97
1431, 27261.66
1432, 2165.64
1433, 13333.18
1434, 23813.42
1435, 21898.32
1436, 5148.31
1437, 23320.79
1438, 17270.11
1439, 26570.93
1440, 2933.51
1441, 22535.40
1442, 20543.50
1443, 25102.17
1444, 20016.39
1445, 12556.23
1446, 20368.37
1447, 21663.91
1448, 33321.29
1449, 12691.00
1450, 20681.19
1451, 21989.26
1452, 10377.41
1453, 10380.83
1454, 904.13
1455, 27725.73
1456, 22033.23
1457, 14157.94
1458, 17377.43
1459, 22628.73
1460, 18325.18
1461, 21383.40
1462, 2323.15
1463, 26019.21
1464, 14827.25
1465, 22016.97
1466, 29147.43
1467, 19591.21
1468, 37058.08
1469, 27489.52
1470, 47174.49
1471, 18611.18
1472, 17627.18
1473, 24919.52
1474, 20718.73
1475, 6425.92
1476, 19845.55
1477, 24795.60
1478, 12691.51
1479, 28789.12
1480, 17573.25
1481, 8012.36
1482, 13075.07
1483, 10870.74
1484, 3441.99
1485, 9527.98
1486, 17261.72
1487, 30839.83
1488, 10287.12
1489, 21310.02
1490, 7957.07
1491, 21257.64
1492, 21613.45
1493, 26893.91
1494, 25684.05
1495, 28781.52
1496, 5281.29
1497, 28805.95
1498, 5491.48
1499, 15676.17
1500, 33693.63
1501, 42351.00
1502, 13679.70
1503, 9497.77
1504, 8965.68
1505, 12797.69
1506, 27811.07
1507, 23039.75
1508, 15644.50
1509, 16400.18
1510, 27532.68
1511, 32945.97
1512, 24947.41
1513, 24319.37
1514, 21108.36
1515, 25294.37
1516, 28894.90
1517, 24807.79
1518, 29282.88
1519, 7200.64
1520, 37592.00
1521, 24232.22
1522, 16945.57
1523, 25443.25
1524, 8922.01
1525, 10701.45
1526, 7951.70
1527, 42508.95
1528, 31764.23
1529, 12686.85
1530, 24420.21
1531, 7219.24
1532, 13233.54
1533, 21836.82
1534, 15725.49
1535, 20026.03
1536, 18031.62
1537, 12493.97
1538, 15297.91
1539, 24101.03
1540, 18055.36
1541, 8597.68
1542, 26712.36
1543, 32892.70
1544, 6387.20
1545, 31070.71
1546, 13059.85
1547, 26621.58
1548, 19037.69
1549, 21805.06
1550, 30460.84
1551, 16126.10
1552, 13637.27
1553, 5372.67
1554, 12967.38
1555, 24871.16
1556, 16639.06
1557, 8551.11
1558, 15211.30
1559, 19024.75
1560, 16475.88
1561, 21991.71
1562, 20066.96
1563, 2225.68
1564, 1436.78
1565, 13062.84
1566, 22350.27
1567, 17195.15
1568, 5941.71
1569, 10781.29
1570, 21398.23
1571, 29273.95
1572, 15487.83
1573, 10074.16
1574, 16167.28
1575, 8957.20
1576, 15301.28
1577, 24483.33
1578, 11470.64
1579, 28397.46
1580, 7233.03
1581, 10492.05
1582, 26117.30
1583, 33256.80
1584, 25280.54
1585, 18637.67
1586, 29629.85
1587, 22693.47
1588, 22479.02
1589, 18548.10
1590, 12206.77
1591, 20042.67
1592, 12220.65
1593, 16795.59
1594, 24941.69
1595, 15981.93
1596, 26077.13
1597, 24584.66
1598, 21901.23
1599, 38913.46
1600, 13646.20
1601, 30572.93
1602, 3913.09
1603, 20059.44
1604, 3233.06
1605, 3494.55
1606, 18945.82
1607, 36813.53
1608, 29827.13
1609, 32455.10
1610, 20142.86
1611, 24276.75
1612, 21023.92
1613, 12788.26
1614, 25920.71
1615, 44269.79
1616, 31819.23
1617, 7899.68
1618, 9976.98
1619, 21310.42
1620, 6569.48
1621, 13951.19
1622, 16860.39
1623, 15773.27
1624, 14047.47
1625, 8915.63
1626, 25072.39
1627, 12979.16
1628, 7892.61
1629, 5657.43
1630, 14358.78
1631, 11039.54
1632, 23764.73
1633, 15167.62
1634, 6523.41
1635, 24802.32
1636, 8345.56
1637, 8166.93
1638, 26585.68
1639, 8033.47
1640, 10497.48
1641, 35307.32
1642, 25255.40
1643, 32538.52
1644, 30718.32
1645, 13106.04
1646, 10911.15
1647, 1516.55
1648, 17394.91
1649, 12106.75
1650, 20910.25
1651, 19182.72
1652, 16528.68
1653, 12325.55
1654, 16435.86
1655, 8280.07
1656, 12522.02
1657, 24907.24
1658, 3476.93
1659, 26082.69
1660, 10987.60
1661, 19041.90
1662, 7995.16
1663, 50790.66
1664, 17040.47
1665, 11558.95
1666, 15792.84
1667, 19128.89
1668, 21150.96
1669, 14066.96
1670, 19917.90
1671, 23215.12
1672, 18283.61
1673, 17748.08
1674, 30432.71
1675, 16484.12
1676, 18978.46
1677, 21752.99
1678, 19493.83
1679, 11412.09
1680, 22380.58
1681, 13721.52
1682, 27430.20
1683, 7802.05
1684, 5985.55
1685, 22363.54
1686, 31131.39
1687, 8230.51
1688, 10752.20
1689, 18370.83
1690, 26018.82
1691, 20312.60
1692, 15363.47
1693, 16670.72
1694, 15148.61
1695, 9897.70
1696, 23279.85
1697, 33347.90
1698, 11059.15
1699, 5909.33
1700, 12867.91
1701, 4890.85
1702, 10757.71
1703, 25893.06
1704, 22399.22
1705, 17122.64
1706, 12989.16
1707, 11622.10
1708, 21683.31
1709, 22855.00
1710, 31888.88
1711, 7313.12
1712, 12861.60
1713, 23973.77
1714, 8989.62
1715, 8944.70
1716, 11292.04
1717, 15022.67
1718, 9056.93
1719, 34598.41
1720, 14326.60
1721, 14274.59
1722, 5296.45
1723, 9916.53
1724, 29189.85
1725, 25579.47
1726, 14720.14
1727, 16620.17
1728, 4043.66
1729, 15808.89
1730, 34323.12
1731, 13575.32
1732, 18461.75
1733, 20051.05
1734, 22889.70
1735, 11336.51
1736, 33566.97
1737, 5594.88
1738, 6169.62
1739, 4174.41
1740, 12946.20
1741, 27896.67
1742, 29173.95
1743, 18613.97
1744, 27811.38
1745, 18245.10
1746, 5386.04
1747, 30441.73
1748, 17103.57
1749, 10178.48
1750, 25296.54
1751, 15238.81
1752, 26330.27
1753, 12525.07
1754, 12094.07
1755, 15074.09
1756, 18693.32
1757, 9097.16
1758, 6777.36
1759, 10310.42
1760, 3472.83
1761, 21372.01
1762, 10113.18
1763, 14425.48
1764, 2758.07
1765, 7939.88
1766, 2962.92
1767, 32724.87
1768, 23227.61
1769, 10441.39
1770, 12608.04
1771, 30033.76
1772, 27124.46
1773, 22502.41
1774, 26965.21
1775, 8545.62
1776, 13673.42
1777, 19672.01
1778, 16064.03
1779, 18591.85
1780, 21882.83
1781, 27116.28
1782, 12273.13
1783, 20244.22
1784, 21288.51
1785, 1768.84
1786, 29340.66
1787, 2702.19
1788, 31990.84
1789, 7115.93
1790, 8025.07
1791, 8353.38
1792, 9930.00
1793, 8034.09
1794, 31940.92
1795, 20093.48
1796, 31089.30
1797, 2362.38
1798, 6748.25
1799, 3550.55
1800, 26711.79
1801, 22453.87
1802, 7691.51
1803, 7988.73
1804, 31564.43
1805, 13620.32
1806, 29740.20
1807, 9087.28
1808, 7839.33
1809, 18782.31
1810, 8736.78
1811, 16604.39
1812, 18247.47
1813, 3027.78
1814, 7396.61
1815, 11638.09
1816, 10356.24
1817, 11927.69
1818, 24637.75
1819, 6724.61
1820, 7129.01
1821, 16166.05
1822, 23896.79
1823, 29546.04
1824, 3827.22
1825, 20848.56
1826, 20429.34
1827, 11338.01
1828, 28401.47
1829, 12323.27
1830, 16110.01
1831, 10818.83
1832, 16052.87
1833, 7702.39
1834, 10224.68
1835, 13436.47
1836, 3337.28
1837, 6023.81
1838, 5261.00
1839, 26385.06
1840, 24165.71
1841, 14509.51
1842, 6746.17
1843, 10276.90
1844, 17057.31
1845, 15112.15
1846, 22743.16
1847, 14647.82
1848, 19191.66
1849, 13869.60
1850, 6865.32
1851, 9855.87
1852, 26013.44
1853, 9995.75
1854, 6359.12
1855, 13672.38
1856, 8521.12
1857, 17247.21
1858, 8026.55
1859, 8642.95
1860, 6454.62
1861, 6895.08
1862, 14924.39
1863, 8018.38
1864, 25391.06
1865, 8876.68
1866, 6601.37
1867, 10448.15
1868, 18089.01
1869, 34388.93
1870, 22960.55
1871, 29976.13
1872, 27324.07
1873, 23910.28
1874, 27481.62
1875, 3010.06
1876, 18948.49
1877, 3331.25
1878, 10946.27
1879, 9265.74
1880, 8464.82
1881, 12946.37
1882, 14808.03
1883, 19955.65
1884, 11690.81
1885, 11107.55
1886, 5789.33
1887, 15196.85
1888, 8451.83
1889, 12200.76
1890, 23093.07
1891, 29434.20
1892, 9061.58
1893, 12540.92
1894, 26906.53
1895, 9318.56
1896, 8429.64
1897, 14329.85
1898, 4752.79
1899, 30438.72
1900, 8026.13
1901, 15761.92
1902, 8397.07
1903, 24406.23
1904, 9434.19
1905, 9735.68
1906, 13865.58
1907, 4586.62
1908, 8921.14
1909, 23921.24
1910, 3918.99
1911, 18445.68
1912, 13649.27
1913, 20147.12
1914, 4907.77
1915, 10785.58
1916, 6992.54
1917, 25055.92
1918, 18813.90
1919, 26910.25
1920, 18184.21
1921, 11686.93
1922, 13861.60
1923, 21442.36
1924, 7371.58
1925, 9148.31
1926, 8955.92
1927, 18734.39
1928, 13547.84
1929, 19188.58
1930, 2029.72
1931, 30040.06
1932, 7813.74
1933, 1629.44
1934, 19908.81
1935, 10022.86
1936, 27039.96
1937, 18265.88
1938, 5967.72
1939, 13429.15
1940, 18728.32
1941, 7780.82
1942, 9352.06
1943, 17978.68
1944, 6756.81
1945, 9337.49
1946, 8195.90
1947, 10209.19
1948, 9493.47
1949, 3333.49
1950, 18386.34
1951, 27113.42
1952, 26241.97
1953, 5904.14
1954, 19516.53
1955, 16705.54
1956, 20671.52
1957, 10460.70
1958, 17335.23
1959, 8570.43
1960, 29244.95
1961, 12191.36
1962, 19120.25
1963, 7383.70
1964, 19761.72
1965, 3419.04
1966, 15214.76
1967, 11879.03
1968, 14867.29
1969, 23738.58
1970, 17238.87
1971, 16574.33
1972, 32447.99
1973, 17218.35
1974, 10388.88
1975, 26971.83
1976, 20774.83
1977, 11664.37
1978, 15028.12
1979, 31113.94
1980, 29635.29
1981, 11738.02
1982, 21347.22
1983, 24122.06
1984, 19481.92
1985, 6494.62
1986, 12511.77
1987, 8254.55
1988, 15529.18
1989, 8184.69
1990, 11067.89
1991, 4318.94
1992, 23908.37
1993, 14128.78
1994, 27719.63
1995, 10403.55
1996, 6116.83
1997, 19519.45
1998, 11275.15
1999, 8527.54
2000, 8080.77
2001, 10330.27
2002, 6451.40
2003, 10020.99
2004, 11069.06
2005, 7668.75
2006, 8133.25
2007, 14385.53
2008, 5725.75
2009, 19583.40
2010, 17483.41
2011, 15834.27
2012, 30346.54
2013, 9597.76
2014, 11625.62
2015, 14470.52
2016, 16644.44
2017, 14957.72
2018, 15707.70
2019, 21710.75
2020, 12371.40
2021, 11063.26
2022, 30923.79
2023, 25166.28
2024, 6534.64
2025, 28596.46
2026, 19348.83
2027, 17511.88
2028, 3008.55
2029, 13644.45
2030, 15086.63
2031, 15067.74
2032, 20985.78
2033, 13222.33
2034, 17099.47
2035, 13886.35
2036, 10110.55
2037, 18557.38
2038, 12625.37
2039, 8114.84
2040, 6758.67
2041, 14321.63
2042, 7079.29
2043, 20770.62
2044, 17998.76
2045, 5117.16
2046, 12757.86
2047, 10803.48
=== END ===


=== BATCH 12 ===
0, 2761614.50
1, 8262.30
2, 11243.14
3, 1434.90
4, 17569.77
5, 6078.18
6, 30351.49
7, 15421.80
8, 7394.66
9, 23144.92
10, 7338.25
11, 2141.97
12, 26149.35
13, 7088.03
14, 1332.92
15, 11373.70
16, 19585.87
17, 26021.47
18, 11167.73
19, 15282.10
20, 34146.34
21, 21571.04
22, 25653.76
23, 19374.53
24, 22858.84
25, 11164.29
26, 12303.23
27, 19986.51
28, 17851.61
29, 18459.64
30, 8547.54
31, 9845.60
32, 19127.59
33, 13652.15
34, 17199.89
35, 4275.31
36, 32987.89
37, 7668.28
38, 6052.69
39, 5680.06
40, 12351.18
41, 2730.57
42, 22246.44
43, 6060.33
44, 7607.20
45, 14780.19
46, 18469.95
47, 12501.41
48, 9830.46
49, 17302.74
50, 4913.62
51, 8294.63
52, 22488.03
53, 17582.86
54, 15518.62
55, 5146.11
56, 17092.32
57, 7861.54
58, 2746.16
59, 8254.81
60, 10616.31
61, 4813.76
62, 19694.48
63, 9198.88
64, 23555.05
65, 13086.64
66, 5549.86
67, 3935.23
68, 18561.04
69, 21882.54
70, 19803.73
71, 25152.43
72, 10632.70
73, 3060.99
74, 14796.56
75, 17300.06
76, 11241.27
77, 11894.56
78, 9563.83
79, 30034.96
80, 16182.08
81, 12242.81
82, 6459.77
83, 4720.50
84, 4292.05
85, 11747.69
86, 9669.85
87, 9726.64
88, 21461.02
89, 17312.09
90, 9417.60
91, 11066.59
92, 18020.93
93, 3087.65
94, 8848.83
95, 7932.59
96, 12047.33
97, 11611.08
98, 6623.89
99, 30159.62
100, 6938.45
101, 4500.69
102, 7500.69
103, 22008.07
104, 7358.46
105, 7640.50
106, 11747.67
107, 22192.98
108, 4807.58
109, 25355.03
110, 4275.68
111, 6620.07
112, 7765.40
113, 4413.81
114, 11452.81
115, 3415.67
116, 17730.57
117, 18052.79
118, 585.25
119, 10862.54
120, 10940.91
121, 14187.25
122, 12536.51
123, 28464.39
124, 9624.07
125, 11467.33
126, 14188.42
127, 26836.18
128, 2504.80
129, 21951.78
130, 12011.70
131, 14674.23
132, 14369.44
133, 5315.10
134, 8398.14
135, 7272.83
136, 16058.44
137, 8089.77
138, 6498.00
139, 6288.69
140, 3493.13
141, 20664.78
142, 9277.23
143, 14904.88
144, 6166.21
145, 19595.15
146, 6726.78
147, 11119.83
148, 6940.70
149, 4579.63
150, 13472.16
151, 8252.86
152, 6358.22
153, 8994.96
154, 2902.31
155, 16280.75
156, 16722.18
157, 21577.39
158, 26012.69
159, 9375.35
160, 1416.64
161, 5938.85
162, 8893.90
163, 10934.13
164, 3529.83
165, 17403.41
166, 22305.04
167, 19948.86
168, 8226.28
169, 8743.62
170, 4676.60
171, 19372.72
172, 7643.35
173, 23467.43
174, 9329.37
175, 20168.61
176, 6450.35
177, 14120.61
178, 11305.41
179, 9402.58
180, 9689.57
181, 10311.72
182, 5355.63
183, 14652.53
184, 15883.29
185, 11547.42
186, 2839.77
187, 20283.39
188, 5156.97
189, 16864.61
190, 7354.77
191, 11244.84
192, 16443.27
193, 5595.61
194, 16761.30
195, 12410.74
196, 7577.99
197, 18896.87
198, 7229.74
199, 6809.26
200, 14412.38
201, 12163.13
202, 9199.38
203, 6338.09
204, 7802.73
205, 6612.21
206, 13923.98
207, 22632.19
208, 10232.61
209, 16815.25
210, 6266.37
211, 19816.26
212, 9753.87
213, 15091.79
214, 11417.77
215, 8698.85
216, 12939.56
217, 11246.70
218, 12881.61
219, 3404.04
220, 6077.31
221, 9993.73
222, 12364.46
223, 8073.03
224, 6913.79
225, 9841.83
226, 19667.19
227, 12983.57
228, 7464.59
229, 10420.03
230, 8191.92
231, 25824.61
232, 7474.41
233, 13147.45
234, 7105.66
235, 15425.87
236, 12292.48
237, 11109.70
238, 9696.47
239, 24379.25
240, 7560.59
241, 7843.20
242, 12585.89
243, 7772.06
244, 6447.05
245, 14642.81
246, 10429.25
247, 3468.74
248, 16776.76
249, 12616.93
250, 16162.78
251, 4886.53
252, 16809.24
253, 8875.46
254, 30519.05
255, 4978.62
256, 12446.61
257, 18082.11
258, 11362.27
259, 4434.13
260, 3287.14
261, 15739.42
262, 1655.25
263, 10788.06
264, 9550.96
265, 17821.20
266, 19515.07
267, 8325.48
268, 15629.49
269, 12979.10
270, 17665.50
271, 9282.48
272, 19689.74
273, 8551.08
274, 17277.72
275, 14274.59
276, 17681.06
277, 9489.69
278, 4136.76
279, 11026.55
280, 7969.10
281, 15349.73
282, 14904.76
283, 13900.85
284, 7181.93
285, 20073.63
286, 11564.41
287, 7722.01
288, 1634.21
289, 9520.97
290, 5522.49
291, 8661.35
292, 14461.64
293, 3347.53
294, 1890.68
295, 12108.05
296, 6732.51
297, 13016.40
298, 2247.05
299, 18423.79
300, 11532.21
301, 9781.90
302, 1557.85
303, 10457.83
304, 17814.36
305, 12302.45
306, 12040.85
307, 8759.15
308, 9515.69
309, 13073.95
310, 23923.72
311, 4001.46
312, 17450.66
313, 20887.15
314, 21982.70
315, 13383.26
316, 6894.10
317, 5775.84
318, 14490.12
319, 4659.81
320, 6276.13
321, 2693.74
322, 2281.79
323, 18088.97
324, 2880.95
325, 3594.48
326, 20656.18
327, 20123.77
328, 11545.59
329, 9148.90
330, 7760.26
331, 20665.58
332, 10582.89
333, 10452.57
334, 12225.12
335, 18531.35
336, 10469.83
337, 7811.06
338, 5111.40
339, 7603.62
340, 12303.66
341, 16708.43
342, 13354.96
343, 16383.85
344, 16370.21
345, 7217.31
346, 5442.19
347, 20611.71
348, 6550.71
349, 14044.87
350, 3482.02
351, 16119.05
352, 9440.00
353, 4937.38
354, 12992.11
355, 13839.27
356, 20351.25
357, 6614.89
358, 10927.13
359, 17270.55
360, 27519.20
361, 12851.32
362, 10019.18
363, 13328.46
364, 22150.25
365, 2743.52
366, 12363.15
367, 4470.54
368, 3879.27
369, 19077.48
370, 14455.47
371, 15725.54
372, 10888.64
373, 10397.47
374, 14196.73
375, 13546.85
376, 20282.02
377, 10355.99
378, 675.46
379, 9337.75
380, 20270.64
381, 5509.37
382, 17707.23
383, 12740.39
384, 14720.90
385, 18919.63
386, 6603.26
387, 8372.02
388, 5643.54
389, 21499.02
390, 15151.74
391, 6110.68
392, 20538.98
393, 11083.26
394, 25471.79
395, 17871.35
396, 20919.58
397, 11075.10
398, 5252.47
399, 6476.08
400, 8950.04
401, 10891.53
402, 10006.76
403, 8968.81
404, 9940.43
405, 5487.59
406, 6975.23
407, 22171.58
408, 16818.04
409, 21245.66
410, 7842.70
411, 13011.61
412, 22917.40
413, 15708.59
414, 17969.58
415, 25412.98
416, 13553.11
417, 20348.90
418, 10711.65
419, 11603.37
420, 18718.24
421, 7144.22
422, 18761.40
423, 7378.45
424, 14788.29
425, 12850.39
426, 16489.34
427, 16326.35
428, 20064.14
429, 11048.64
430, 8117.86
431, 16642.55
432, 29062.61
433, 8174.85
434, 7113.27
435, 10771.00
436, 5767.58
437, 6670.43
438, 3916.57
439, 3376.00
440, 9178.22
441, 9631.09
442, 12346.86
443, 12413.23
444, 5074.87
445, 13361.69
446, 3233.81
447, 14659.92
448, 4054.63
449, 7412.75
450, 10483.33
451, 9640.75
452, 12795.58
453, 27353.31
454, 16446.45
455, 21508.41
456, 12395.53
457, 14938.04
458, 17839.64
459, 9407.93
460, 30894.84
461, 7945.98
462, 14738.41
463, 17018.06
464, 13424.15
465, 12877.97
466, 15418.21
467, 5805.13
468, 12561.28
469, 24088.86
470, 13369.94
471, 12314.27
472, 293.21
473, 28006.99
474, 18919.67
475, 13069.83
476, 12769.78
477, 13891.98
478, 10550.69
479, 20677.67
480, 26627.33
481, 7573.77
482, 6751.50
483, 1680.57
484, 24827.69
485, 4773.43
486, 24187.73
487, 20175.09
488, 15028.00
489, 20173.07
490, 12117.36
491, 11847.03
492, 16248.15
493, 11073.86
494, 20803.95
495, 22378.46
496, 16294.52
497, 7419.87
498, 12213.38
499, 14235.36
500, 14429.68
501, 12478.36
502, 9275.61
503, 23173.50
504, 27637.94
505, 20882.44
506, 9146.81
507, 9019.04
508, 12955.21
509, 4323.39
510, 8155.82
511, 19661.54
512, 21160.22
513, 15118.92
514, 14122.03
515, 1917.11
516, 17973.06
517, 14864.50
518, 13121.36
519, 17197.06
520, 16075.59
521, 7616.99
522, 10248.46
523, 14846.96
524, 1879.64
525, 6917.71
526, 7543.14
527, 9793.87
528, 3796.06
529, 4983.47
530, 18541.07
531, 11084.84
532, 12832.01
533, 12336.42
534, 26024.27
535, 3043.82
536, 6861.01
537, 14203.28
538, 12063.14
539, 4743.39
540, 22800.73
541, 14130.05
542, 15670.15
543, 3438.52
544, 7640.34
545, 14390.98
546, 31135.58
547, 20225.55
548, 7894.05
549, 9521.78
550, 11856.24
551, 7869.14
552, 2648.55
553, 20955.57
554, 26319.67
555, 19848.62
556, 8284.26
557, 4196.36
558, 17901.61
559, 3753.28
560, 22876.14
561, 17958.11
562, 25712.07
563, 19728.34
564, 12656.42
565, 17720.55
566, 9455.22
567, 10459.32
568, 10538.07
569, 14396.52
570, 8737.80
571, 18262.21
572, 6355.69
573, 20929.23
574, 6665.87
575, 21739.12
576, 16565.80
577, 19072.92
578, 22249.03
579, 18746.65
580, 6126.43
581, 12879.32
582, 16754.33
583, 14688.86
584, 9259.45
585, 15428.26
586, 6723.76
587, 31524.98
588, 6387.78
589, 35081.03
590, 12385.01
591, 25512.90
592, 6722.80
593, 17114.46
594, 16173.66
595, 11949.20
596, 1948.59
597, 20213.99
598, 15585.94
599, 18389.44
600, 14129.25
601, 14183.97
602, 2659.25
603, 13615.14
604, 20203.21
605, 6666.79
606, 19559.81
607, 28082.83
608, 17085.50
609, 4610.28
610, 25704.50
611, 24855.21
612, 8402.41
613, 13728.60
614, 24683.54
615, 10395.35
616, 10201.92
617, 37158.81
618, 7144.93
619, 9317.60
620, 7405.06
621, 19108.72
622, 20868.13
623, 9595.85
624, 15320.03
625, 10572.84
626, 21116.31
627, 16606.53
628, 9961.63
629, 6531.54
630, 12172.25
631, 10180.30
632, 33543.06
633, 14541.21
634, 19057.12
635, 2803.78
636, 13763.25
637, 7674.40
638, 25868.02
639, 11950.05
640, 5577.85
641, 8410.97
642, 28131.78
643, 11928.96
644, 13732.08
645, 8384.79
646, 12352.95
647, 18188.59
648, 9851.05
649, 18374.39
650, 8027.72
651, 15802.91
652, 6711.03
653, 7339.21
654, 6414.36
655, 12068.02
656, 40379.96
657, 36239.60
658, 20338.26
659, 19428.85
660, 14255.47
661, 22509.09
662, 8473.94
663, 5558.14
664, 18580.02
665, 7887.01
666, 20533.73
667, 9377.27
668, 28880.99
669, 22599.37
670, 7712.55
671, 11391.24
672, 17077.54
673, 14475.35
674, 8493.88
675, 5196.76
676, 8549.82
677, 27262.85
678, 13984.23
679, 10953.06
680, 13805.47
681, 22861.89
682, 44960.56
683, 15338.82
684, 9666.16
685, 14224.43
686, 18957.97
687, 3930.22
688, 15296.22
689, 10916.53
690, 13466.31
691, 23754.28
692, 8885.71
693, 5586.86
694, 14330.71
695, 8173.68
696, 23075.21
697, 13439.71
698, 19388.90
699, 10286.03
700, 4071.28
701, 17047.53
702, 7768.36
703, 13316.97
704, 26755.19
705, 28919.41
706, 9641.40
707, 22279.56
708, 30086.05
709, 19377.83
710, 28077.62
711, 20199.57
712, 15956.57
713, 16616.72
714, 15610.43
715, 12700.45
716, 19012.67
717, 3890.72
718, 36469.66
719, 19557.38
720, 3357.99
721, 10075.12
722, 3397.64
723, 11309.11
724, 8289.71
725, 13529.23
726, 11052.70
727, 8303.87
728, 13781.88
729, 19039.61
730, 8435.51
731, 18995.34
732, 4272.96
733, 20403.95
734, 25307.90
735, 25130.42
736, 22125.37
737, 7787.84
738, 17072.54
739, 205.44
740, 15104.21
741, 1781.30
742, 15479.69
743, 8184.01
744, 11230.20
745, 17273.24
746, 15518.28
747, 11659.76
748, 5441.60
749, 12897.51
750, 11169.92
751, 22303.14
752, 22865.93
753, 12182.89
754, 24750.78
755, 20421.58
756, 1465.81
757, 14939.84
758, 21142.53
759, 26392.80
760, 9813.73
761, 15413.75
762, 28265.00
763, 18899.97
764, 16049.50
765, 8672.11
766, 1564.24
767, 11443.35
768, 13520.66
769, 13321.63
770, 22118.84
771, 20671.44
772, 5520.63
773, 4168.14
774, 3226.64
775, 12008.34
776, 14393.55
777, 21803.56
778, 20971.08
779, 38346.43
780, 10786.47
781, 29333.23
782, 14874.10
783, 33454.51
784, 20513.16
785, 23037.53
786, 29323.57
787, 15572.62
788, 12221.16
789, 13349.68
790, 5097.39
791, 19740.71
792, 31309.18
793, 36315.38
794, 20437.80
795, 11966.66
796, 8028.06
797, 19650.54
798, 14142.76
799, 2786.79
800, 11357.67
801, 22273.03
802, 25789.78
803, 13279.17
804, 19249.94
805, 17845.26
806, 1731.94
807, 4023.36
808, 7758.20
809, 26339.41
810, 29741.48
811, 12345.97
812, 21249.37
813, 8143.19
814, 17828.88
815, 23861.00
816, 14448.03
817, 23857.76
818, 8549.71
819, 25083.40
820, 9557.33
821, 7712.96
822, 17691.42
823, 20031.89
824, 25256.50
825, 42435.15
826, 7882.97
827, 15046.96
828, 20216.07
829, 23532.30
830, 6555.48
831, 24634.62
832, 22794.96
833, 37957.91
834, 21984.88
835, 20811.43
836, 10882.04
837, 2755.97
838, 10955.17
839, 3385.80
840, 12622.88
841, 13713.38
842, 20026.64
843, 34233.68
844, 30249.18
845, 22221.31
846, 14898.01
847, 31760.65
848, 10946.65
849, 13590.87
850, 14560.50
851, 9237.10
852, 8296.16
853, 26548.41
854, 8179.58
855, 12342.67
856, 25951.77
857, 16690.90
858, 23957.34
859, 25514.48
860, 25129.64
861, 19458.96
862, 22666.42
863, 18420.19
864, 15187.93
865, 13894.17
866, 10747.25
867, 13950.89
868, 27553.74
869, 10565.22
870, 9848.59
871, 15814.41
872, 13182.55
873, 8194.33
874, 13373.05
875, 27970.11
876, 9799.61
877, 6799.44
878, 18428.01
879, 17111.61
880, 10740.28
881, 12917.37
882, 21586.29
883, 13602.91
884, 8425.51
885, 35146.64
886, 4947.40
887, 9756.44
888, 32405.86
889, 17511.33
890, 19672.63
891, 31251.35
892, 19848.91
893, 46813.45
894, 9340.08
895, 16264.42
896, 18491.45
897, 14174.75
898, 26294.99
899, 11559.11
900, 12295.85
901, 18459.33
902, 41640.59
903, 43094.92
904, 23460.57
905, 20845.58
906, 20311.57
907, 23804.92
908, 9938.79
909, 14223.25
910, 7121.93
911, 7212.82
912, 23575.11
913, 9498.58
914, 5413.43
915, 15559.63
916, 8110.61
917, 7362.11
918, 24228.46
919, 31105.13
920, 33580.08
921, 31886.99
922, 11660.96
923, 18180.45
924, 9759.81
925, 34195.40
926, 6015.60
927, 15020.17
928, 18573.12
929, 8963.66
930, 15513.43
931, 28929.13
932, 35379.23
933, 33171.19
934, 43302.38
935, 18989.00
936, 18129.33
937, 12782.24
938, 3983.32
939, 16129.61
940, 30087.92
941, 9780.87
942, 25946.56
943, 33988.36
944, 16411.63
945, 27080.76
946, 20655.77
947, 9494.86
948, 22495.12
949, 19291.59
950, 28150.06
951, 18372.45
952, 16860.58
953, 17586.89
954, 31484.55
955, 38348.14
956, 42935.77
957, 24517.02
958, 10985.29
959, 15229.28
960, 23806.20
961, 21833.32
962, 28072.13
963, 10994.90
964, 4737.27
965, 20855.88
966, 43018.56
967, 27963.23
968, 41078.06
969, 22897.99
970, 13017.38
971, 20027.42
972, 8278.98
973, 43687.29
974, 13787.19
975, 17291.74
976, 37223.59
977, 18365.33
978, 6634.24
979, 29894.31
980, 18671.69
981, 18065.04
982, 17405.15
983, 20279.66
984, 38566.87
985, 18028.40
986, 21126.94
987, 18284.19
988, 16116.43
989, 6614.20
990, 27519.93
991, 30726.95
992, 17476.46
993, 25713.25
994, 13227.63
995, 40482.68
996, 17125.30
997, 31842.36
998, 12879.07
999, 32618.44
1000, 23845.85
1001, 29906.50
1002, 10384.09
1003, 37285.44
1004, 51830.64
1005, 16491.20
1006, 35511.52
1007, 9130.46
1008, 22373.20
1009, 49041.47
1010, 15450.79
1011, 32240.31
1012, 24848.97
1013, 20231.66
1014, 35844.27
1015, 15030.62
1016, 12057.20
1017, 5025.50
1018, 13280.85
1019, 42610.22
1020, 25219.01
1021, 23884.60
1022, 43331.61
1023, 19784.17
1024, 12279.49
1025, 30324.87
1026, 42359.12
1027, 19068.83
1028, 40186.45
1029, 24128.70
1030, 30600.37
1031, 28465.34
1032, 28877.12
1033, 30949.51
1034, 18894.93
1035, 17938.12
1036, 10326.83
1037, 21168.57
1038, 7834.82
1039, 30701.03
1040, 5815.59
1041, 25985.17
1042, 19778.98
1043, 45162.09
1044, 58040.95
1045, 5452.76
1046, 36494.19
1047, 24408.29
1048, 14412.89
1049, 17296.22
1050, 15329.22
1051, 15971.79
1052, 59317.86
1053, 35331.64
1054, 14244.78
1055, 10314.91
1056, 41218.73
1057, 12607.89
1058, 27177.01
1059, 23043.93
1060, 4844.50
1061, 15748.09
1062, 2400.83
1063, 27883.16
1064, 14245.30
1065, 24503.86
1066, 37175.20
1067, 19753.31
1068, 28927.36
1069, 62706.85
1070, 49816.25
1071, 33865.05
1072, 11620.51
1073, 25546.07
1074, 6360.01
1075, 6257.04
1076, 16038.28
1077, 29770.90
1078, 11735.10
1079, 15109.26
1080, 51145.31
1081, 6253.68
1082, 28286.35
1083, 45954.82
1084, 25599.28
1085, 28805.10
1086, 17268.33
1087, 6796.49
1088, 26381.38
1089, 37676.06
1090, 40985.54
1091, 32105.64
1092, 33358.46
1093, 38731.80
1094, 41237.00
1095, 13755.47
1096, 28966.90
1097, 30930.26
1098, 49888.41
1099, 23587.70
1100, 33555.19
1101, 22084.21
1102, 8560.89
1103, 33908.20
1104, 17005.37
1105, 17776.16
1106, 24850.66
1107, 20468.00
1108, 21593.15
1109, 11679.82
1110, 11434.19
1111, 49477.53
1112, 10669.66
1113, 24545.55
1114, 26144.37
1115, 15426.71
1116, 7685.56
1117, 13505.06
1118, 31652.70
1119, 32336.64
1120, 18581.10
1121, 19582.61
1122, 5196.94
1123, 24214.41
1124, 35876.12
1125, 34810.05
1126, 26970.91
1127, 35698.71
1128, 35277.69
1129, 8889.12
1130, 21215.13
1131, 40454.22
1132, 27594.83
1133, 22546.39
1134, 7101.31
1135, 18999.83
1136, 35961.52
1137, 23971.25
1138, 5597.60
1139, 42426.62
1140, 8087.34
1141, 27366.15
1142, 21524.44
1143, 28362.59
1144, 2777.61
1145, 28767.73
1146, 16025.20
1147, 13708.85
1148, 3101.41
1149, 24015.21
1150, 39780.25
1151, 6291.84
1152, 37360.38
1153, 22101.75
1154, 54384.84
1155, 40223.12
1156, 12144.35
1157, 38854.63
1158, 37463.81
1159, 25612.23
1160, 24844.25
1161, 27158.80
1162, 7903.96
1163, 30405.95
1164, 16058.62
1165, 29210.05
1166, 41335.53
1167, 29174.58
1168, 31499.62
1169, 25832.41
1170, 26878.75
1171, 48504.63
1172, 20459.79
1173, 19340.54
1174, 17974.08
1175, 55298.62
1176, 38171.54
1177, 11569.12
1178, 7421.91
1179, 22622.08
1180, 19409.32
1181, 22594.48
1182, 30622.04
1183, 31942.00
1184, 8071.69
1185, 47320.83
1186, 36335.94
1187, 3729.27
1188, 53217.51
1189, 16827.68
1190, 31128.81
1191, 7854.88
1192, 42922.32
1193, 30419.00
1194, 17843.81
1195, 26171.43
1196, 9214.62
1197, 16105.74
1198, 4721.50
1199, 19409.55
1200, 9027.48
1201, 27295.28
1202, 25137.05
1203, 4660.88
1204, 22630.03
1205, 67891.64
1206, 17731.50
1207, 10762.66
1208, 43416.64
1209, 16379.65
1210, 50463.30
1211, 17512.21
1212, 27662.26
1213, 7642.29
1214, 64813.86
1215, 43126.29
1216, 8325.94
1217, 16153.81
1218, 30237.79
1219, 39295.72
1220, 13037.65
1221, 47728.32
1222, 17436.63
1223, 16484.33
1224, 1925.83
1225, 23459.19
1226, 36491.00
1227, 10084.63
1228, 19542.14
1229, 30497.43
1230, 22388.52
1231, 24360.39
1232, 17124.40
1233, 14957.00
1234, 46196.88
1235, 901.05
1236, 36282.02
1237, 26572.98
1238, 24309.46
1239, 15892.05
1240, 42454.20
1241, 16808.57
1242, 14227.70
1243, 19938.39
1244, 12901.93
1245, 27661.10
1246, 9386.71
1247, 10810.71
1248, 24474.60
1249, 22541.56
1250, 16610.87
1251, 35334.46
1252, 72188.62
1253, 7572.80
1254, 10951.72
1255, 23670.73
1256, 14922.94
1257, 30547.19
1258, 23823.31
1259, 15093.69
1260, 28400.93
1261, 37902.94
1262, 7820.60
1263, 16523.88
1264, 21149.95
1265, 33719.11
1266, 32150.83
1267, 8055.29
1268, 28519.29
1269, 21727.29
1270, 35836.17
1271, 13453.98
1272, 27007.61
1273, 2139.12
1274, 33289.65
1275, 29522.82
1276, 28234.27
1277, 28003.78
1278, 24581.32
1279, 2367.71
1280, 29033.65
1281, 8422.82
1282, 33108.97
1283, 30043.06
1284, 9649.93
1285, 21979.25
1286, 25189.42
1287, 32177.25
1288, 41624.06
1289, 38444.90
1290, 27309.41
1291, 19733.11
1292, 36262.01
1293, 24389.06
1294, 13515.55
1295, 14983.10
1296, 25367.80
1297, 35583.43
1298, 18342.62
1299, 21595.21
1300, 30457.62
1301, 24729.19
1302, 22515.51
1303, 10602.99
1304, 24504.69
1305, 23527.56
1306, 11279.62
1307, 23248.94
1308, 42835.00
1309, 12797.77
1310, 22569.69
1311, 19499.94
1312, 10522.81
1313, 16933.26
1314, 23679.34
1315, 25039.74
1316, 50021.54
1317, 12214.08
1318, 25230.41
1319, 6672.75
1320, 33582.77
1321, 32065.57
1322, 16716.52
1323, 20750.28
1324, 21397.85
1325, 37030.32
1326, 24368.00
1327, 9537.50
1328, 15482.89
1329, 14890.02
1330, 34203.65
1331, 12653.76
1332, 11596.03
1333, 22753.88
1334, 23604.27
1335, 30550.50
1336, 9389.60
1337, 11625.52
1338, 28281.61
1339, 20680.39
1340, 42074.55
1341, 35782.82
1342, 15632.05
1343, 29005.33
1344, 7669.89
1345, 28775.78
1346, 9102.80
1347, 11375.02
1348, 8209.55
1349, 21432.53
1350, 34749.64
1351, 17903.16
1352, 11808.74
1353, 7037.22
1354, 11678.51
1355, 21708.85
1356, 3657.92
1357, 22951.35
1358, 15225.64
1359, 31454.33
1360, 11305.55
1361, 15282.22
1362, 39896.97
1363, 42067.73
1364, 47714.68
1365, 15608.31
1366, 11748.03
1367, 19538.42
1368, 18312.19
1369, 21035.01
1370, 26148.44
1371, 27752.75
1372, 3542.19
1373, 31151.74
1374, 60401.91
1375, 26313.38
1376, 33947.64
1377, 25941.80
1378, 20802.34
1379, 19446.64
1380, 29182.72
1381, 13159.71
1382, 41388.18
1383, 25349.35
1384, 45415.08
1385, 13482.52
1386, 36460.05
1387, 5370.46
1388, 4941.02
1389, 21985.21
1390, 18057.04
1391, 34943.00
1392, 10664.81
1393, 25265.27
1394, 6030.70
1395, 24603.15
1396, 16554.35
1397, 11527.63
1398, 38340.47
1399, 22432.85
1400, 7559.57
1401, 18472.93
1402, 37630.39
1403, 17403.10
1404, 14513.08
1405, 15386.88
1406, 26505.68
1407, 35487.24
1408, 18415.99
1409, 19518.69
1410, 18424.65
1411, 36866.07
1412, 17298.44
1413, 43938.97
1414, 43364.12
1415, 13706.11
1416, 31031.00
1417, 7962.29
1418, 21908.37
1419, 18925.06
1420, 43531.10
1421, 24665.14
1422, 31357.08
1423, 22007.28
1424, 1234.15
1425, 20413.52
1426, 16384.13
1427, 3428.76
1428, 25939.22
1429, 7855.88
1430, 31356.71
1431, 6952.62
1432, 22623.38
1433, 24873.19
1434, 37216.52
1435, 18492.54
1436, 3096.82
1437, 38699.98
1438, 22886.86
1439, 54295.00
1440, 15905.46
1441, 5012.35
1442, 25066.77
1443, 44564.60
1444, 19165.48
1445, 9534.87
1446, 38678.93
1447, 24332.39
1448, 34395.29
1449, 26926.35
1450, 35371.67
1451, 36185.35
1452, 5935.00
1453, 21610.04
1454, 45783.29
1455, 34680.80
1456, 15753.83
1457, 34554.76
1458, 18714.69
1459, 28476.10
1460, 19299.39
1461, 6131.34
1462, 21530.34
1463, 28884.91
1464, 19455.54
1465, 33111.95
1466, 4716.97
1467, 28804.52
1468, 30898.50
1469, 38430.43
1470, 17160.50
1471, 25138.97
1472, 13885.89
1473, 13076.59
1474, 12027.30
1475, 16271.68
1476, 19820.59
1477, 21066.62
1478, 39151.06
1479, 37329.86
1480, 24189.20
1481, 26805.24
1482, 24644.63
1483, 25246.18
1484, 27506.96
1485, 37734.61
1486, 36735.03
1487, 23544.91
1488, 42730.55
1489, 1555.47
1490, 26691.48
1491, 25084.29
1492, 50067.77
1493, 29657.98
1494, 19125.71
1495, 12431.77
1496, 16524.28
1497, 38187.90
1498, 44438.75
1499, 30064.93
1500, 27867.82
1501, 24368.13
1502, 23085.68
1503, 35603.10
1504, 16158.69
1505, 33482.00
1506, 1345.92
1507, 39366.50
1508, 18540.02
1509, 6916.49
1510, 17827.45
1511, 3725.92
1512, 17145.96
1513, 8984.27
1514, 7137.02
1515, 16579.04
1516, 3881.55
1517, 12676.20
1518, 27512.96
1519, 8640.34
1520, 22374.14
1521, 39445.36
1522, 32090.03
1523, 29899.82
1524, 11969.41
1525, 25920.73
1526, 13287.43
1527, 27546.13
1528, 25696.88
1529, 33918.01
1530, 18834.38
1531, 32938.98
1532, 23202.09
1533, 43911.85
1534, 32394.27
1535, 6604.96
1536, 29935.09
1537, 34633.78
1538, 12641.99
1539, 11994.72
1540, 25679.86
1541, 8813.26
1542, 14106.81
1543, 10866.15
1544, 23320.81
1545, 10665.13
1546, 22023.42
1547, 20755.95
1548, 8256.36
1549, 2502.33
1550, 19904.06
1551, 15581.42
1552, 25021.30
1553, 19084.77
1554, 17985.66
1555, 44194.02
1556, 33392.44
1557, 24916.64
1558, 33283.40
1559, 19504.25
1560, 21382.53
1561, 47841.81
1562, 10720.24
1563, 15785.06
1564, 33456.32
1565, 43447.18
1566, 30628.93
1567, 25916.16
1568, 43474.35
1569, 13369.74
1570, 44817.75
1571, 18835.09
1572, 20082.10
1573, 31222.49
1574, 17120.45
1575, 13245.67
1576, 14727.16
1577, 20383.56
1578, 18458.24
1579, 19803.98
1580, 21439.60
1581, 29831.77
1582, 33177.05
1583, 27438.46
1584, 26910.39
1585, 22091.86
1586, 26512.39
1587, 30085.60
1588, 10903.37
1589, 10981.59
1590, 20179.76
1591, 14005.41
1592, 9357.71
1593, 41289.68
1594, 24533.88
1595, 19903.79
1596, 9904.18
1597, 25540.30
1598, 10547.25
1599, 5345.15
1600, 5082.62
1601, 23114.38
1602, 2243.75
1603, 23557.77
1604, 16346.53
1605, 12421.33
1606, 22431.73
1607, 36387.57
1608, 14713.23
1609, 19254.59
1610, 1072.41
1611, 23495.99
1612, 17162.48
1613, 14481.20
1614, 39230.65
1615, 7351.70
1616, 16921.28
1617, 33429.06
1618, 15652.72
1619, 18627.16
1620, 18208.12
1621, 4625.04
1622, 37431.86
1623, 22695.21
1624, 15891.53
1625, 36729.43
1626, 13456.41
1627, 23866.81
1628, 672.04
1629, 19819.03
1630, 12912.90
1631, 19353.87
1632, 7182.75
1633, 4019.83
1634, 23667.78
1635, 26820.77
1636, 18379.86
1637, 19329.39
1638, 16360.94
1639, 18337.41
1640, 11976.06
1641, 28975.76
1642, 20998.56
1643, 25932.25
1644, 6050.54
1645, 25684.31
1646, 12963.82
1647, 19314.85
1648, 27825.23
1649, 31253.33
1650, 12775.17
1651, 13918.83
1652, 6945.10
1653, 13664.72
1654, 32795.51
1655, 18773.10
1656, 24408.49
1657, 32719.23
1658, 35214.31
1659, 27104.30
1660, 10810.12
1661, 15673.36
1662, 28607.38
1663, 28518.90
1664, 21553.00
1665, 39065.45
1666, 14952.22
1667, 9557.20
1668, 25002.89
1669, 9285.96
1670, 15488.96
1671, 10975.38
1672, 43595.08
1673, 31242.16
1674, 2412.81
1675, 20136.95
1676, 15732.28
1677, 7331.94
1678, 19456.31
1679, 25699.03
1680, 15182.28
1681, 15905.56
1682, 35817.19
1683, 12745.62
1684, 10500.83
1685, 8814.72
1686, 21898.08
1687, 17970.00
1688, 19630.43
1689, 30470.46
1690, 12149.53
1691, 25851.16
1692, 8979.36
1693, 6581.76
1694, 7646.86
1695, 14917.00
1696, 5981.95
1697, 16257.34
1698, 37397.99
1699, 7211.87
1700, 9259.17
1701, 3116.93
1702, 37839.21
1703, 3598.10
1704, 45041.00
1705, 13662.08
1706, 34952.07
1707, 17635.50
1708, 47970.04
1709, 24571.51
1710, 19701.77
1711, 10212.41
1712, 14579.76
1713, 10947.43
1714, 10456.85
1715, 14128.78
1716, 6638.66
1717, 34739.87
1718, 9276.25
1719, 28081.46
1720, 12899.21
1721, 16506.76
1722, 10537.72
1723, 23139.97
1724, 9054.79
1725, 32314.64
1726, 5976.90
1727, 24575.13
1728, 25619.30
1729, 20387.50
1730, 27908.72
1731, 19677.93
1732, 20142.94
1733, 10649.14
1734, 23490.26
1735, 2972.22
1736, 10390.21
1737, 21798.21
1738, 21997.49
1739, 6574.22
1740, 6741.16
1741, 33783.38
1742, 34252.52
1743, 14288.87
1744, 13788.45
1745, 22455.48
1746, 10428.40
1747, 17595.14
1748, 14151.53
1749, 23723.02
1750, 39914.46
1751, 22851.38
1752, 28629.57
1753, 24339.99
1754, 34607.53
1755, 17514.28
1756, 11165.69
1757, 17296.32
1758, 9913.93
1759, 15355.81
1760, 33206.13
1761, 10499.94
1762, 17434.78
1763, 29385.93
1764, 18491.25
1765, 18945.47
1766, 16601.25
1767, 2756.54
1768, 13185.08
1769, 11339.64
1770, 18915.92
1771, 21402.68
1772, 23253.19
1773, 15951.08
1774, 30283.38
1775, 4209.68
1776, 28993.53
1777, 16375.17
1778, 18921.64
1779, 15550.51
1780, 20325.13
1781, 12991.50
1782, 17239.17
1783, 19205.01
1784, 19274.88
1785, 23358.40
1786, 9057.52
1787, 19475.85
1788, 11465.45
1789, 31489.60
1790, 10717.59
1791, 33940.06
1792, 9576.70
1793, 23175.13
1794, 11055.84
1795, 12191.24
1796, 33575.48
1797, 13978.86
1798, 8702.64
1799, 16006.23
1800, 13095.26
1801, 21251.26
1802, 36697.66
1803, 9539.37
1804, 5305.49
1805, 17866.87
1806, 5778.57
1807, 11290.05
1808, 37305.43
1809, 26855.97
1810, 13983.89
1811, 16636.15
1812, 7787.93
1813, 19479.43
1814, 21298.48
1815, 17205.65
1816, 11130.17
1817, 18122.56
1818, 23732.15
1819, 30242.36
1820, 26532.09
1821, 17903.36
1822, 22520.10
1823, 11492.11
1824, 9632.34
1825, 14069.78
1826, 28746.65
1827, 5711.70
1828, 15549.56
1829, 9910.65
1830, 3911.62
1831, 9597.69
1832, 5345.94
1833, 11285.77
1834, 28584.01
1835, 19084.96
1836, 19223.83
1837, 8519.12
1838, 11979.08
1839, 12688.41
1840, 10879.23
1841, 16734.09
1842, 9227.39
1843, 30075.64
1844, 22519.80
1845, 11832.33
1846, 13717.46
1847, 10892.21
1848, 7229.80
1849, 21463.27
1850, 11901.25
1851, 5876.53
1852, 26968.25
1853, 23134.84
1854, 7976.87
1855, 17363.69
1856, 11456.96
1857, 39394.04
1858, 9114.40
1859, 20813.05
1860, 13773.51
1861, 33283.87
1862, 20002.77
1863, 22814.62
1864, 21992.51
1865, 17738.14
1866, 9724.24
1867, 26223.81
1868, 13842.58
1869, 6537.61
1870, 17666.76
1871, 18643.81
1872, 5776.25
1873, 9361.85
1874, 15817.06
1875, 11784.87
1876, 6418.39
1877, 35372.09
1878, 22474.14
1879, 10193.89
1880, 8656.23
1881, 9797.18
1882, 11413.58
1883, 10611.53
1884, 14660.58
1885, 11907.78
1886, 12885.68
1887, 18481.05
1888, 7679.69
1889, 18666.18
1890, 11322.95
1891, 12821.85
1892, 3736.52
1893, 13886.97
1894, 26040.64
1895, 24309.89
1896, 45328.42
1897, 10276.30
1898, 18075.73
1899, 26785.36
1900, 4928.91
1901, 8116.30
1902, 17655.03
1903, 27122.07
1904, 569.67
1905, 24035.59
1906, 21290.51
1907, 23354.76
1908, 7786.98
1909, 28173.58
1910, 22313.41
1911, 9358.05
1912, 12361.38
1913, 5262.47
1914, 4095.73
1915, 27359.63
1916, 11056.35
1917, 5535.44
1918, 16090.56
1919, 17635.08
1920, 12548.25
1921, 5122.80
1922, 15065.32
1923, 10744.81
1924, 18557.74
1925, 19677.24
1926, 20447.41
1927, 10877.66
1928, 14564.23
1929, 9827.41
1930, 4224.07
1931, 32046.11
1932, 16206.17
1933, 10877.91
1934, 19495.20
1935, 4872.10
1936, 13256.15
1937, 14768.03
1938, 9693.44
1939, 11700.69
1940, 5136.69
1941, 5255.55
1942, 7431.46
1943, 6559.36
1944, 10644.64
1945, 10313.63
1946, 19237.74
1947, 13373.82
1948, 15572.12
1949, 27776.44
1950, 13941.91
1951, 1499.42
1952, 26290.68
1953, 9531.69
1954, 17182.83
1955, 3976.29
1956, 9312.17
1957, 34691.52
1958, 27830.52
1959, 16465.54
1960, 19448.59
1961, 18171.50
1962, 10318.42
1963, 16765.99
1964, 5699.26
1965, 17948.77
1966, 17460.62
1967, 25939.68
1968, 15310.02
1969, 11152.93
1970, 27155.80
1971, 11515.03
1972, 10628.49
1973, 28197.58
1974, 8523.49
1975, 5616.71
1976, 11448.63
1977, 21039.22
1978, 18475.60
1979, 16057.51
1980, 8862.59
1981, 19614.15
1982, 2479.66
1983, 11662.72
1984, 16617.16
1985, 8501.04
1986, 19806.98
1987, 3242.78
1988, 20112.11
1989, 12466.52
1990, 8038.64
1991, 10709.97
1992, 18097.77
1993, 10214.94
1994, 5694.33
1995, 26449.98
1996, 14066.23
1997, 20825.53
1998, 18247.37
1999, 30782.59
2000, 7481.89
2001, 4242.29
2002, 8867.68
2003, 25175.79
2004, 22226.99
2005, 14493.48
2006, 17375.34
2007, 4900.12
2008, 20954.31
2009, 8208.64
2010, 18634.17
2011, 3488.27
2012, 29765.81
2013, 6495.24
2014, 5813.23
2015, 20919.20
2016, 27199.48
2017, 20074.17
2018, 10825.69
2019, 17414.50
2020, 27925.23
2021, 7557.05
2022, 1881.44
2023, 8929.75
2024, 5280.60
2025, 15897.29
2026, 16408.91
2027, 3149.88
2028, 41601.06
2029, 5506.32
2030, 25620.86
2031, 9883.97
2032, 27113.85
2033, 23845.36
2034, 9055.60
2035, 20312.41
2036, 17844.90
2037, 2882.97
2038, 8586.96
2039, 2362.50
2040, 18635.46
2041, 15819.57
2042, 14690.50
2043, 14617.55
2044, 26220.42
2045, 15908.70
2046, 24033.66
2047, 17862.76
=== END ===


=== BATCH 13 ===
0, 2759939.50
1, 13081.57
2, 8608.87
3, 7910.47
4, 14277.97
5, 13174.07
6, 22625.72
7, 7664.75
8, 7834.50
9, 21952.59
10, 6680.67
11, 15762.05
12, 22120.84
13, 14324.26
14, 24439.55
15, 24440.90
16, 33302.11
17, 25451.55
18, 42350.57
19, 16220.07
20, 13101.92
21, 15748.55
22, 6503.80
23, 9700.47
24, 21037.57
25, 13838.19
26, 4714.42
27, 17371.57
28, 13929.30
29, 19540.28
30, 19075.61
31, 8981.70
32, 21681.51
33, 21149.88
34, 8264.77
35, 20304.57
36, 6894.53
37, 41374.84
38, 21874.16
39, 27814.88
40, 21961.12
41, 11588.58
42, 19430.78
43, 11282.08
44, 19674.33
45, 18534.64
46, 19542.53
47, 12359.55
48, 8780.08
49, 6506.38
50, 6025.23
51, 7113.71
52, 30616.88
53, 14976.66
54, 14106.53
55, 17016.77
56, 24727.89
57, 16940.67
58, 14342.57
59, 8961.35
60, 8260.49
61, 21171.91
62, 13127.25
63, 16210.66
64, 13910.98
65, 16160.26
66, 16385.93
67, 10081.52
68, 23125.07
69, 12355.77
70, 11792.33
71, 8287.42
72, 14550.24
73, 34464.07
74, 16450.16
75, 22014.94
76, 20759.65
77, 19780.36
78, 21573.40
79, 9314.11
80, 11305.75
81, 3796.32
82, 5928.04
83, 4826.01
84, 19990.34
85, 10175.09
86, 4805.09
87, 28948.61
88, 22252.31
89, 15465.98
90, 3207.62
91, 10805.49
92, 12046.86
93, 8722.97
94, 3360.62
95, 16133.15
96, 30876.95
97, 2718.56
98, 23036.80
99, 14395.30
100, 8001.14
101, 7548.32
102, 19389.40
103, 7315.16
104, 2165.89
105, 27837.07
106, 6070.88
107, 8680.66
108, 4072.03
109, 12316.88
110, 27441.56
111, 14778.22
112, 5640.25
113, 10915.13
114, 16955.40
115, 7131.78
116, 8002.28
117, 16083.38
118, 6429.83
119, 9018.05
120, 11555.30
121, 20517.63
122, 19092.28
123, 19235.28
124, 14542.72
125, 4919.34
126, 8324.78
127, 21191.77
128, 33290.91
129, 7222.08
130, 18264.06
131, 7885.16
132, 42080.90
133, 13588.54
134, 4259.67
135, 13667.01
136, 23152.78
137, 3922.57
138, 16560.63
139, 19037.00
140, 21415.90
141, 6390.28
142, 15514.81
143, 14627.58
144, 14231.01
145, 24668.04
146, 5358.75
147, 17706.60
148, 9658.38
149, 7480.12
150, 9785.76
151, 15231.39
152, 12337.32
153, 7608.76
154, 31499.39
155, 17247.39
156, 13876.83
157, 9213.93
158, 12056.05
159, 10378.30
160, 25083.73
161, 18862.48
162, 1430.76
163, 1449.48
164, 14804.80
165, 12605.48
166, 3826.92
167, 6229.83
168, 4251.90
169, 25824.56
170, 13697.71
171, 26916.45
172, 12640.57
173, 9043.85
174, 15758.90
175, 12905.16
176, 23588.81
177, 11340.86
178, 16806.47
179, 16975.91
180, 13205.02
181, 9007.20
182, 15092.67
183, 11762.59
184, 14117.60
185, 12299.33
186, 13403.42
187, 9290.38
188, 10582.68
189, 7518.70
190, 16584.60
191, 8793.41
192, 10830.62
193, 24136.45
194, 21028.08
195, 19191.88
196, 10049.85
197, 3094.60
198, 12877.15
199, 11072.21
200, 7725.65
201, 15146.15
202, 8168.16
203, 11107.16
204, 11411.46
205, 9687.07
206, 9754.53
207, 20706.21
208, 9275.48
209, 8707.28
210, 14213.16
211, 21627.19
212, 12658.04
213, 7551.06
214, 10789.24
215, 11352.22
216, 22369.61
217, 12289.31
218, 17269.34
219, 15951.14
220, 15548.32
221, 4814.53
222, 9214.09
223, 12145.89
224, 12366.39
225, 11905.70
226, 14811.56
227, 12408.94
228, 20456.47
229, 23660.71
230, 17891.30
231, 10430.77
232, 6245.56
233, 22708.68
234, 8705.63
235, 7045.94
236, 18716.52
237, 12105.48
238, 3776.89
239, 9620.24
240, 7510.68
241, 15913.20
242, 9658.30
243, 15314.90
244, 14656.76
245, 13570.25
246, 21871.82
247, 16161.52
248, 20182.27
249, 14738.78
250, 11487.10
251, 8995.55
252, 9983.93
253, 13642.56
254, 2639.41
255, 6730.20
256, 12643.75
257, 11185.72
258, 18008.67
259, 14618.36
260, 19957.17
261, 17629.82
262, 2445.47
263, 10262.69
264, 8564.49
265, 15619.34
266, 3851.70
267, 6568.16
268, 11718.67
269, 9707.55
270, 21315.99
271, 5314.30
272, 13061.25
273, 11643.15
274, 13220.14
275, 14404.79
276, 16830.13
277, 5385.85
278, 10641.97
279, 18829.50
280, 11728.62
281, 23960.48
282, 1377.91
283, 14879.66
284, 13194.53
285, 21238.81
286, 15116.40
287, 3411.29
288, 11575.96
289, 7878.93
290, 8687.43
291, 8298.68
292, 26224.53
293, 3775.96
294, 10717.60
295, 4345.39
296, 8402.57
297, 9907.72
298, 7560.10
299, 13463.19
300, 7176.67
301, 9835.42
302, 16815.36
303, 28070.68
304, 9649.38
305, 16059.91
306, 25782.99
307, 5777.05
308, 11544.30
309, 10832.03
310, 24100.37
311, 8042.77
312, 18781.31
313, 12673.18
314, 18593.40
315, 29679.53
316, 16251.05
317, 15116.33
318, 17437.10
319, 12252.52
320, 16169.86
321, 1549.28
322, 16331.58
323, 4288.80
324, 6915.97
325, 6625.25
326, 12178.32
327, 11131.83
328, 21557.83
329, 17341.61
330, 7512.61
331, 23146.47
332, 25059.18
333, 18297.01
334, 4937.78
335, 3506.06
336, 14893.36
337, 15448.84
338, 9627.90
339, 10786.14
340, 18212.06
341, 6827.55
342, 9204.49
343, 14348.86
344, 11590.53
345, 19815.05
346, 11213.70
347, 12639.16
348, 2448.25
349, 9148.98
350, 6014.83
351, 17091.91
352, 21034.94
353, 8028.15
354, 19970.25
355, 11678.97
356, 11854.14
357, 4280.49
358, 21012.12
359, 8237.91
360, 6782.80
361, 11514.53
362, 16041.85
363, 16312.67
364, 17607.92
365, 19262.00
366, 11191.79
367, 13462.68
368, 2096.44
369, 12272.62
370, 5661.29
371, 5074.78
372, 3324.99
373, 13178.92
374, 9784.75
375, 17951.66
376, 19023.84
377, 13837.55
378, 15156.88
379, 22660.08
380, 8148.39
381, 15553.46
382, 14406.06
383, 33310.54
384, 22725.17
385, 12402.29
386, 28262.55
387, 8961.17
388, 24422.09
389, 7403.88
390, 29727.06
391, 10636.23
392, 3899.22
393, 11652.19
394, 11213.96
395, 25365.51
396, 4704.22
397, 7906.78
398, 14061.72
399, 28662.21
400, 29168.42
401, 11199.66
402, 21727.02
403, 21114.25
404, 7713.36
405, 10373.05
406, 27572.89
407, 11871.70
408, 16825.72
409, 24014.73
410, 18404.52
411, 11308.76
412, 9529.68
413, 8354.38
414, 3970.12
415, 11253.90
416, 2881.09
417, 5358.17
418, 13699.70
419, 10213.64
420, 6236.49
421, 16108.93
422, 18300.65
423, 21447.93
424, 13521.97
425, 7212.57
426, 13383.85
427, 12525.86
428, 16674.12
429, 24386.48
430, 19770.75
431, 17285.09
432, 13448.92
433, 3984.71
434, 25894.90
435, 27341.42
436, 4496.84
437, 9673.54
438, 3452.48
439, 13329.34
440, 5542.86
441, 30177.77
442, 13300.96
443, 27121.47
444, 17213.73
445, 20306.25
446, 19020.85
447, 28915.61
448, 23507.25
449, 13551.04
450, 23061.67
451, 15732.75
452, 3723.62
453, 34675.29
454, 15669.43
455, 9220.73
456, 8780.36
457, 29541.99
458, 18877.61
459, 13868.18
460, 15659.70
461, 16578.57
462, 6345.09
463, 22105.22
464, 21511.72
465, 24022.92
466, 8792.03
467, 9822.38
468, 6322.12
469, 7290.26
470, 14506.12
471, 22935.86
472, 18846.13
473, 1677.29
474, 1864.47
475, 20212.46
476, 11685.37
477, 16046.18
478, 5645.06
479, 13303.56
480, 15587.50
481, 21127.39
482, 23231.37
483, 17439.35
484, 9084.40
485, 25059.45
486, 19062.42
487, 18896.13
488, 18804.42
489, 22329.98
490, 16121.81
491, 18524.23
492, 11785.91
493, 9456.40
494, 1243.64
495, 11155.92
496, 20196.94
497, 13524.36
498, 17625.97
499, 6879.31
500, 5718.37
501, 7273.55
502, 9187.31
503, 14708.48
504, 18539.18
505, 9569.46
506, 26778.07
507, 8283.99
508, 18612.44
509, 22461.92
510, 11936.87
511, 20630.99
512, 27044.87
513, 23918.84
514, 16589.23
515, 24430.67
516, 4869.68
517, 28502.67
518, 14078.47
519, 893.86
520, 1309.93
521, 9671.51
522, 4762.63
523, 19686.44
524, 8215.37
525, 28832.91
526, 5541.90
527, 5900.41
528, 8648.69
529, 15995.59
530, 16633.52
531, 16162.42
532, 8736.16
533, 5457.02
534, 15658.60
535, 10142.21
536, 22045.18
537, 5713.36
538, 18939.74
539, 18074.45
540, 13698.18
541, 20029.85
542, 10133.04
543, 30453.03
544, 10986.90
545, 13556.57
546, 13818.40
547, 13331.52
548, 23129.57
549, 10544.80
550, 7250.60
551, 18794.54
552, 16234.83
553, 9139.33
554, 14824.82
555, 9485.13
556, 17067.93
557, 12208.37
558, 18540.07
559, 7394.65
560, 15976.82
561, 4631.89
562, 9639.04
563, 4722.28
564, 26266.45
565, 32270.39
566, 4483.71
567, 10181.57
568, 15831.57
569, 19483.25
570, 6956.90
571, 10448.74
572, 23820.12
573, 25047.23
574, 25107.72
575, 20608.35
576, 17696.11
577, 8492.57
578, 39035.56
579, 7059.77
580, 14434.92
581, 10000.93
582, 34275.05
583, 17220.29
584, 18130.28
585, 19870.04
586, 22146.45
587, 7998.31
588, 17919.89
589, 1087.03
590, 10665.30
591, 10533.00
592, 3725.71
593, 16728.25
594, 12183.24
595, 2859.56
596, 36006.86
597, 13239.30
598, 7574.16
599, 21344.15
600, 14099.93
601, 35850.95
602, 23709.54
603, 9327.39
604, 20500.83
605, 27587.03
606, 14089.66
607, 12128.83
608, 16342.55
609, 8518.73
610, 19413.92
611, 19143.05
612, 8062.34
613, 15222.24
614, 8445.42
615, 10866.00
616, 20236.14
617, 14374.68
618, 22460.60
619, 6146.97
620, 4182.47
621, 11888.81
622, 16541.86
623, 15256.17
624, 14660.62
625, 22575.89
626, 24028.34
627, 12215.05
628, 15294.83
629, 17749.61
630, 12741.36
631, 32147.82
632, 18483.56
633, 2845.67
634, 22318.51
635, 10632.10
636, 20736.79
637, 26074.62
638, 26283.54
639, 19771.95
640, 4005.50
641, 10779.39
642, 39641.36
643, 29234.12
644, 21988.55
645, 10917.54
646, 19801.17
647, 12322.16
648, 21128.82
649, 15889.36
650, 7340.90
651, 14646.89
652, 19799.06
653, 4228.90
654, 20873.35
655, 21904.74
656, 7651.88
657, 23773.36
658, 13117.48
659, 18358.63
660, 41053.32
661, 24130.85
662, 17020.22
663, 8409.24
664, 21743.80
665, 12507.06
666, 10727.64
667, 15933.17
668, 7713.47
669, 11622.18
670, 26969.50
671, 11723.76
672, 18785.77
673, 6518.03
674, 20341.75
675, 6466.20
676, 24623.71
677, 6389.70
678, 10095.80
679, 7630.29
680, 23662.06
681, 6491.90
682, 4745.07
683, 8275.60
684, 33481.62
685, 10731.14
686, 9126.99
687, 4824.76
688, 11826.56
689, 30762.21
690, 19437.75
691, 13191.50
692, 10585.55
693, 9953.08
694, 29818.20
695, 12320.88
696, 19507.72
697, 18006.25
698, 18371.27
699, 26644.59
700, 8993.79
701, 11570.87
702, 13653.22
703, 51485.58
704, 22216.60
705, 9950.03
706, 9302.38
707, 6290.49
708, 16086.34
709, 27948.46
710, 23953.15
711, 22458.63
712, 34596.01
713, 11309.24
714, 7632.81
715, 10359.93
716, 10665.38
717, 4195.50
718, 10437.75
719, 9968.50
720, 19764.04
721, 12990.35
722, 16569.86
723, 7233.51
724, 31977.79
725, 6193.51
726, 14626.00
727, 19421.42
728, 11429.89
729, 17369.70
730, 23543.58
731, 29981.55
732, 11986.26
733, 19408.82
734, 32553.61
735, 20745.86
736, 19377.82
737, 27322.26
738, 11842.60
739, 12016.88
740, 18500.96
741, 7410.54
742, 11415.48
743, 2350.78
744, 23980.80
745, 11946.18
746, 5921.70
747, 13186.88
748, 31488.33
749, 6379.53
750, 21653.77
751, 6893.43
752, 21851.04
753, 23474.90
754, 36310.27
755, 28525.10
756, 19720.18
757, 12830.10
758, 23164.20
759, 12988.30
760, 14976.99
761, 12792.00
762, 19585.81
763, 44916.95
764, 27720.95
765, 10756.63
766, 30738.04
767, 58946.71
768, 5867.35
769, 17069.24
770, 17206.54
771, 15393.58
772, 14153.37
773, 9690.61
774, 16622.96
775, 10903.70
776, 9758.53
777, 21100.87
778, 16697.07
779, 23111.64
780, 10300.72
781, 33458.39
782, 6993.86
783, 24405.17
784, 10479.52
785, 34365.92
786, 27602.07
787, 11371.77
788, 7210.78
789, 25308.63
790, 22868.90
791, 9581.22
792, 8027.02
793, 12848.54
794, 31770.38
795, 24946.00
796, 19763.50
797, 16093.74
798, 1977.02
799, 14655.05
800, 14863.72
801, 16010.80
802, 18682.53
803, 15461.98
804, 15593.12
805, 11639.66
806, 26698.63
807, 19266.04
808, 16443.87
809, 18776.78
810, 25090.56
811, 15671.64
812, 10787.98
813, 7634.67
814, 42212.11
815, 22511.04
816, 3140.85
817, 8346.53
818, 21634.10
819, 16251.40
820, 21468.92
821, 31957.15
822, 8410.31
823, 14774.30
824, 29465.05
825, 7119.13
826, 5645.58
827, 18721.92
828, 30477.91
829, 17811.28
830, 15362.84
831, 12538.64
832, 15656.18
833, 13401.05
834, 13793.59
835, 16169.83
836, 12325.09
837, 14126.94
838, 21291.43
839, 23283.63
840, 30284.59
841, 31885.27
842, 5893.42
843, 8470.01
844, 2932.32
845, 23322.25
846, 10905.46
847, 5855.07
848, 5027.11
849, 27442.80
850, 16666.79
851, 24537.42
852, 10956.04
853, 10508.84
854, 35486.37
855, 14508.02
856, 21123.32
857, 18215.54
858, 22165.43
859, 14043.73
860, 9788.50
861, 43509.32
862, 15704.99
863, 9153.85
864, 13679.44
865, 25779.91
866, 18782.31
867, 29296.92
868, 13554.27
869, 17856.87
870, 23620.13
871, 11449.50
872, 25019.13
873, 17716.76
874, 16177.79
875, 33792.63
876, 22921.48
877, 20251.42
878, 21455.02
879, 12024.69
880, 25499.97
881, 12359.78
882, 36154.14
883, 12444.87
884, 16208.37
885, 19215.94
886, 40093.05
887, 16910.00
888, 27176.24
889, 18094.75
890, 21270.66
891, 21818.28
892, 11306.52
893, 26275.67
894, 14366.57
895, 31382.51
896, 13962.75
897, 26011.58
898, 25155.14
899, 26155.37
900, 23029.88
901, 12997.00
902, 41184.06
903, 14922.96
904, 8831.82
905, 11573.64
906, 16056.54
907, 22635.51
908, 13181.50
909, 15354.71
910, 22206.21
911, 31683.36
912, 15399.05
913, 26674.21
914, 17597.27
915, 26898.94
916, 11504.12
917, 11921.08
918, 15356.32
919, 15333.59
920, 14235.80
921, 25544.73
922, 21971.49
923, 17442.36
924, 18052.19
925, 20712.35
926, 18271.89
927, 2343.50
928, 10270.59
929, 28970.57
930, 18006.58
931, 23957.77
932, 19660.54
933, 15302.41
934, 30098.79
935, 40029.21
936, 23259.63
937, 13868.02
938, 28176.30
939, 9273.43
940, 37579.37
941, 36172.29
942, 33311.07
943, 24954.36
944, 9263.97
945, 11921.94
946, 27128.71
947, 24716.05
948, 12629.81
949, 16392.86
950, 48729.83
951, 12793.67
952, 13123.58
953, 20280.73
954, 34128.68
955, 15500.46
956, 34125.43
957, 27637.31
958, 35763.46
959, 47178.43
960, 12886.34
961, 4695.62
962, 31226.79
963, 15317.54
964, 17749.22
965, 39064.19
966, 26085.39
967, 12771.31
968, 32428.44
969, 26526.24
970, 3039.48
971, 33409.52
972, 25482.69
973, 17283.39
974, 16431.62
975, 36175.70
976, 55674.94
977, 32861.04
978, 22857.88
979, 19291.38
980, 6233.15
981, 6964.67
982, 8037.10
983, 38438.33
984, 37432.74
985, 14694.71
986, 12385.71
987, 34519.71
988, 39381.02
989, 22778.42
990, 17032.06
991, 13453.58
992, 26121.93
993, 42177.29
994, 37710.48
995, 38355.08
996, 16694.79
997, 16441.85
998, 38140.95
999, 14636.92
1000, 16668.59
1001, 11961.12
1002, 37484.99
1003, 16575.60
1004, 27520.72
1005, 6284.99
1006, 35441.89
1007, 33122.53
1008, 20510.42
1009, 39040.77
1010, 29098.33
1011, 41377.37
1012, 36331.85
1013, 10654.44
1014, 20154.56
1015, 19919.93
1016, 20332.94
1017, 22482.50
1018, 14178.27
1019, 60707.67
1020, 8481.77
1021, 6067.13
1022, 36015.11
1023, 34544.24
1024, 24624.62
1025, 25742.18
1026, 20902.34
1027, 56137.85
1028, 10107.55
1029, 34611.68
1030, 29892.36
1031, 17011.73
1032, 26340.12
1033, 34677.77
1034, 24012.61
1035, 19034.16
1036, 19753.07
1037, 15298.75
1038, 6776.35
1039, 7189.45
1040, 12588.90
1041, 18655.20
1042, 8019.85
1043, 47975.95
1044, 23972.85
1045, 8208.20
1046, 16984.47
1047, 24181.42
1048, 16830.26
1049, 14956.96
1050, 46516.98
1051, 9752.31
1052, 52141.28
1053, 45466.72
1054, 28602.96
1055, 13970.92
1056, 17445.79
1057, 11025.45
1058, 6364.62
1059, 8980.78
1060, 67511.88
1061, 34169.12
1062, 16146.21
1063, 46015.33
1064, 50168.27
1065, 26639.71
1066, 34099.24
1067, 2167.36
1068, 20891.26
1069, 2745.68
1070, 11601.01
1071, 11007.54
1072, 42925.27
1073, 15042.74
1074, 36369.42
1075, 3714.58
1076, 20797.10
1077, 23380.84
1078, 27215.92
1079, 10496.06
1080, 5120.52
1081, 51894.97
1082, 16415.35
1083, 20042.76
1084, 20372.75
1085, 50467.22
1086, 10092.74
1087, 15868.15
1088, 15458.07
1089, 14787.98
1090, 23056.58
1091, 12698.20
1092, 21939.97
1093, 27778.54
1094, 6271.55
1095, 24043.78
1096, 16013.94
1097, 13083.68
1098, 29021.79
1099, 35908.11
1100, 4333.10
1101, 37135.74
1102, 32807.27
1103, 48396.40
1104, 50103.33
1105, 19682.79
1106, 46339.59
1107, 13283.49
1108, 39363.41
1109, 26888.08
1110, 43519.95
1111, 49080.28
1112, 23256.38
1113, 18734.06
1114, 20341.30
1115, 19146.15
1116, 39816.70
1117, 40606.93
1118, 40904.66
1119, 26253.28
1120, 23423.19
1121, 31544.61
1122, 28751.37
1123, 27827.16
1124, 13767.41
1125, 12403.13
1126, 19471.04
1127, 47084.80
1128, 25165.68
1129, 34438.38
1130, 31764.30
1131, 34443.31
1132, 28866.19
1133, 17051.10
1134, 22088.56
1135, 33482.16
1136, 19064.48
1137, 33320.60
1138, 12912.82
1139, 45455.52
1140, 33136.25
1141, 53804.29
1142, 14184.68
1143, 19041.31
1144, 23596.21
1145, 12626.25
1146, 37360.73
1147, 18707.73
1148, 36818.94
1149, 43648.41
1150, 8611.24
1151, 15799.22
1152, 33557.00
1153, 42487.07
1154, 21767.80
1155, 11984.64
1156, 24780.80
1157, 48047.29
1158, 52069.80
1159, 31378.13
1160, 15611.74
1161, 13711.32
1162, 21597.97
1163, 22569.82
1164, 34091.47
1165, 29508.94
1166, 45702.96
1167, 36590.23
1168, 13691.18
1169, 22226.39
1170, 15139.09
1171, 7752.48
1172, 12494.35
1173, 8343.46
1174, 20871.40
1175, 42966.65
1176, 10512.87
1177, 27788.66
1178, 31473.52
1179, 57798.51
1180, 27025.64
1181, 32444.30
1182, 11061.27
1183, 13013.56
1184, 30159.69
1185, 22751.30
1186, 36822.88
1187, 31687.77
1188, 16117.08
1189, 14393.83
1190, 12636.89
1191, 20117.01
1192, 45784.67
1193, 21644.25
1194, 40908.97
1195, 19049.03
1196, 9886.81
1197, 14285.74
1198, 20079.30
1199, 32008.19
1200, 38677.60
1201, 16466.79
1202, 10973.35
1203, 36426.18
1204, 59150.22
1205, 60858.33
1206, 25757.86
1207, 27452.36
1208, 9268.25
1209, 18296.51
1210, 42824.97
1211, 50795.89
1212, 33506.96
1213, 39546.38
1214, 10436.83
1215, 32977.37
1216, 35591.80
1217, 32437.99
1218, 9074.99
1219, 8040.17
1220, 3958.65
1221, 12177.61
1222, 32065.97
1223, 50056.10
1224, 25393.07
1225, 21345.57
1226, 42476.95
1227, 22369.12
1228, 2809.20
1229, 46098.09
1230, 21511.56
1231, 7428.09
1232, 32473.87
1233, 24533.37
1234, 20039.52
1235, 25094.40
1236, 48783.77
1237, 18905.56
1238, 26266.16
1239, 17785.71
1240, 11453.82
1241, 10883.85
1242, 23030.18
1243, 18531.68
1244, 4736.03
1245, 22029.89
1246, 16695.77
1247, 31386.26
1248, 41585.14
1249, 9264.63
1250, 54170.55
1251, 20205.21
1252, 35816.90
1253, 47262.97
1254, 65298.70
1255, 39471.14
1256, 52786.03
1257, 6979.66
1258, 19262.32
1259, 33864.16
1260, 35035.52
1261, 7755.70
1262, 19680.23
1263, 36085.50
1264, 62020.36
1265, 29946.23
1266, 43826.68
1267, 37950.82
1268, 2169.57
1269, 11676.65
1270, 36951.50
1271, 28687.29
1272, 50724.66
1273, 8232.90
1274, 40063.91
1275, 63358.38
1276, 20870.78
1277, 49495.27
1278, 25788.86
1279, 37022.52
1280, 12769.79
1281, 47774.54
1282, 3887.74
1283, 7489.11
1284, 24146.45
1285, 8332.66
1286, 12820.57
1287, 26947.57
1288, 16447.97
1289, 7377.07
1290, 36097.35
1291, 8744.62
1292, 15651.11
1293, 22179.09
1294, 29031.52
1295, 13530.28
1296, 19332.13
1297, 24441.06
1298, 23118.25
1299, 9909.79
1300, 27348.04
1301, 10170.21
1302, 8857.43
1303, 19059.24
1304, 37271.21
1305, 11797.54
1306, 6868.41
1307, 8383.37
1308, 22429.17
1309, 40839.08
1310, 41671.11
1311, 26120.59
1312, 23353.54
1313, 12879.86
1314, 34242.47
1315, 31153.48
1316, 35908.11
1317, 3911.98
1318, 27042.21
1319, 10982.59
1320, 37177.59
1321, 41959.55
1322, 11479.61
1323, 7197.38
1324, 20721.10
1325, 13523.70
1326, 12969.29
1327, 52854.14
1328, 15640.81
1329, 44262.02
1330, 18898.06
1331, 41304.47
1332, 29715.43
1333, 25573.59
1334, 39074.61
1335, 13127.40
1336, 13414.28
1337, 24926.68
1338, 21650.79
1339, 32038.78
1340, 12553.89
1341, 16606.43
1342, 14750.33
1343, 18496.08
1344, 30784.42
1345, 30773.94
1346, 30701.53
1347, 45633.08
1348, 19497.97
1349, 16540.55
1350, 25218.26
1351, 13926.99
1352, 32818.73
1353, 26540.26
1354, 55882.01
1355, 27758.74
1356, 30790.72
1357, 20410.92
1358, 29662.20
1359, 5399.54
1360, 21625.88
1361, 21446.44
1362, 4576.42
1363, 33587.80
1364, 33195.11
1365, 29665.16
1366, 3182.31
1367, 14250.74
1368, 14620.34
1369, 34571.95
1370, 15752.52
1371, 35827.90
1372, 8951.09
1373, 35455.36
1374, 12359.49
1375, 25199.04
1376, 28798.09
1377, 14105.24
1378, 36516.93
1379, 4656.88
1380, 21236.82
1381, 39531.31
1382, 32372.98
1383, 15012.08
1384, 19080.52
1385, 12048.90
1386, 14221.29
1387, 15832.65
1388, 44007.26
1389, 50015.01
1390, 24626.05
1391, 20097.71
1392, 37507.82
1393, 40017.41
1394, 10651.28
1395, 7020.73
1396, 26716.17
1397, 33070.86
1398, 27684.13
1399, 27751.18
1400, 48324.71
1401, 36757.04
1402, 21118.53
1403, 14405.84
1404, 6668.59
1405, 23090.73
1406, 6532.95
1407, 6365.41
1408, 31244.21
1409, 15500.29
1410, 16784.57
1411, 45791.42
1412, 52210.23
1413, 9795.53
1414, 25917.59
1415, 6954.39
1416, 23099.95
1417, 18960.71
1418, 35989.12
1419, 25355.58
1420, 23774.94
1421, 4258.52
1422, 15757.08
1423, 44520.31
1424, 38539.25
1425, 40967.47
1426, 45975.04
1427, 18259.08
1428, 42757.06
1429, 34333.25
1430, 42296.53
1431, 30193.18
1432, 23427.86
1433, 4246.43
1434, 21551.06
1435, 12746.30
1436, 17672.53
1437, 20838.91
1438, 11210.51
1439, 18631.06
1440, 40276.18
1441, 39648.72
1442, 35931.03
1443, 5417.12
1444, 10497.84
1445, 15726.69
1446, 22875.58
1447, 17034.13
1448, 19988.90
1449, 19308.12
1450, 12014.82
1451, 47071.92
1452, 2995.81
1453, 2657.66
1454, 21244.25
1455, 16923.46
1456, 23191.13
1457, 8605.21
1458, 5618.28
1459, 21496.67
1460, 15592.32
1461, 20052.72
1462, 48128.70
1463, 23469.58
1464, 12430.18
1465, 20362.12
1466, 23293.43
1467, 21270.85
1468, 14335.99
1469, 26113.79
1470, 13979.38
1471, 42936.75
1472, 10557.84
1473, 30598.54
1474, 10402.88
1475, 27702.68
1476, 45686.46
1477, 44330.55
1478, 13543.50
1479, 39099.12
1480, 14261.93
1481, 26976.92
1482, 23118.74
1483, 35392.54
1484, 22933.66
1485, 26837.99
1486, 15656.33
1487, 38270.57
1488, 24810.52
1489, 18933.85
1490, 1160.88
1491, 26645.49
1492, 12225.16
1493, 11991.54
1494, 26738.16
1495, 13638.90
1496, 36362.16
1497, 24336.96
1498, 33377.97
1499, 23563.25
1500, 21335.53
1501, 33452.80
1502, 25394.12
1503, 19587.07
1504, 11785.60
1505, 15130.61
1506, 14295.94
1507, 17783.05
1508, 17836.19
1509, 28391.33
1510, 4653.75
1511, 18935.70
1512, 12988.96
1513, 12310.14
1514, 16838.60
1515, 19070.90
1516, 13949.83
1517, 16066.97
1518, 4488.19
1519, 27271.19
1520, 32202.46
1521, 9187.55
1522, 25957.84
1523, 27707.44
1524, 9977.52
1525, 19473.60
1526, 18228.84
1527, 30374.42
1528, 25807.62
1529, 23723.44
1530, 24215.69
1531, 10784.66
1532, 7303.98
1533, 33112.54
1534, 29441.19
1535, 5899.51
1536, 15817.44
1537, 30347.55
1538, 21295.63
1539, 25336.62
1540, 7191.67
1541, 22379.84
1542, 36532.25
1543, 44660.70
1544, 36232.38
1545, 4826.43
1546, 9234.70
1547, 17608.40
1548, 3310.34
1549, 30933.10
1550, 4670.74
1551, 21710.93
1552, 40970.50
1553, 51750.43
1554, 12475.59
1555, 41655.82
1556, 14963.50
1557, 21798.71
1558, 19455.05
1559, 13424.76
1560, 9761.07
1561, 13891.53
1562, 34282.15
1563, 13779.29
1564, 25304.73
1565, 32619.78
1566, 16060.69
1567, 28926.76
1568, 7834.91
1569, 11537.79
1570, 18120.15
1571, 13980.20
1572, 17854.23
1573, 9087.30
1574, 5119.16
1575, 21157.16
1576, 21589.71
1577, 21929.82
1578, 13536.61
1579, 17992.85
1580, 33284.18
1581, 34873.35
1582, 7079.92
1583, 19173.78
1584, 10991.80
1585, 27432.95
1586, 20217.64
1587, 13490.38
1588, 32146.07
1589, 26955.96
1590, 11766.12
1591, 13447.62
1592, 18114.70
1593, 16493.18
1594, 18389.12
1595, 4922.90
1596, 33762.90
1597, 13173.45
1598, 29487.84
1599, 14170.39
1600, 15200.45
1601, 16122.98
1602, 8264.15
1603, 28532.43
1604, 16457.09
1605, 7485.43
1606, 25647.32
1607, 14582.14
1608, 50847.97
1609, 11921.24
1610, 19138.32
1611, 4283.68
1612, 19418.86
1613, 37169.25
1614, 47930.55
1615, 20294.29
1616, 8663.57
1617, 16418.67
1618, 36521.53
1619, 43094.89
1620, 7281.28
1621, 27503.74
1622, 16974.54
1623, 13086.08
1624, 27724.12
1625, 13022.38
1626, 33824.84
1627, 10995.12
1628, 21247.21
1629, 25666.85
1630, 15605.73
1631, 12807.64
1632, 12371.77
1633, 17484.08
1634, 8275.13
1635, 21685.86
1636, 8300.79
1637, 8576.03
1638, 11518.28
1639, 48809.63
1640, 33570.12
1641, 33174.21
1642, 18499.62
1643, 23590.18
1644, 5592.02
1645, 13831.84
1646, 38632.59
1647, 7523.15
1648, 27663.99
1649, 13697.67
1650, 16813.03
1651, 15504.54
1652, 31681.87
1653, 40479.69
1654, 19404.44
1655, 26156.51
1656, 15941.66
1657, 29469.64
1658, 37363.98
1659, 17782.34
1660, 33424.26
1661, 27484.94
1662, 8639.37
1663, 11229.60
1664, 28624.15
1665, 18827.64
1666, 32459.12
1667, 16038.31
1668, 20620.65
1669, 14341.24
1670, 4816.09
1671, 6109.43
1672, 19652.95
1673, 12779.06
1674, 9799.67
1675, 32343.26
1676, 17004.18
1677, 25239.53
1678, 16298.62
1679, 19060.11
1680, 4923.10
1681, 4882.90
1682, 6234.95
1683, 33802.41
1684, 7911.49
1685, 33085.53
1686, 31397.85
1687, 19668.41
1688, 15370.68
1689, 12817.89
1690, 12136.36
1691, 36512.32
1692, 6081.03
1693, 19234.36
1694, 33630.04
1695, 11630.68
1696, 22284.01
1697, 16198.16
1698, 22562.12
1699, 23763.87
1700, 9769.09
1701, 16542.82
1702, 4786.99
1703, 24265.24
1704, 32028.77
1705, 14940.00
1706, 22146.21
1707, 19464.24
1708, 32095.51
1709, 23750.72
1710, 7665.24
1711, 2845.49
1712, 9253.50
1713, 11153.15
1714, 35182.47
1715, 16621.68
1716, 17107.59
1717, 7447.21
1718, 16169.81
1719, 16843.51
1720, 9436.84
1721, 15525.19
1722, 15469.66
1723, 9215.65
1724, 13760.59
1725, 26187.21
1726, 8274.08
1727, 23481.08
1728, 6635.27
1729, 20613.75
1730, 16503.29
1731, 29395.15
1732, 25725.04
1733, 7503.99
1734, 4106.31
1735, 9940.42
1736, 15503.34
1737, 4418.11
1738, 15867.97
1739, 31301.34
1740, 9130.43
1741, 23647.22
1742, 19333.30
1743, 23116.84
1744, 6249.68
1745, 6340.44
1746, 2358.56
1747, 10645.38
1748, 11587.71
1749, 20848.67
1750, 6567.14
1751, 28977.76
1752, 27652.12
1753, 10006.33
1754, 8294.18
1755, 512.83
1756, 12811.86
1757, 17097.60
1758, 21429.19
1759, 15695.87
1760, 19487.03
1761, 27584.12
1762, 16820.50
1763, 22186.58
1764, 25914.73
1765, 16387.25
1766, 17453.96
1767, 17952.79
1768, 10653.40
1769, 41167.51
1770, 32126.29
1771, 24919.78
1772, 22234.98
1773, 7288.04
1774, 11996.41
1775, 23301.52
1776, 23077.67
1777, 32125.61
1778, 17972.62
1779, 32456.85
1780, 20153.97
1781, 19428.35
1782, 16852.32
1783, 42537.06
1784, 31004.59
1785, 26488.26
1786, 19145.34
1787, 18944.50
1788, 11995.45
1789, 16236.03
1790, 19728.27
1791, 5527.68
1792, 25478.22
1793, 14233.85
1794, 40647.46
1795, 25658.10
1796, 9386.89
1797, 7889.86
1798, 16665.45
1799, 24755.90
1800, 10941.21
1801, 14664.98
1802, 10426.68
1803, 9813.96
1804, 20916.52
1805, 18275.10
1806, 18093.17
1807, 8063.36
1808, 12270.23
1809, 22229.71
1810, 10279.07
1811, 11429.49
1812, 9180.09
1813, 25959.98
1814, 13099.68
1815, 25733.73
1816, 18722.02
1817, 8497.89
1818, 19234.54
1819, 3853.00
1820, 20184.65
1821, 25989.18
1822, 21706.06
1823, 3931.72
1824, 28703.36
1825, 8106.94
1826, 14182.21
1827, 14861.13
1828, 27501.63
1829, 36763.41
1830, 27509.69
1831, 29468.01
1832, 10079.77
1833, 13864.30
1834, 13734.12
1835, 27737.32
1836, 14869.49
1837, 10455.89
1838, 9045.42
1839, 9570.48
1840, 34764.28
1841, 25063.72
1842, 27820.53
1843, 14382.64
1844, 22520.39
1845, 13869.03
1846, 1685.16
1847, 13232.39
1848, 11508.10
1849, 14679.36
1850, 7999.62
1851, 19162.12
1852, 19334.13
1853, 3456.48
1854, 20059.12
1855, 5973.43
1856, 20358.77
1857, 29563.40
1858, 20359.51
1859, 25142.12
1860, 33674.27
1861, 18097.32
1862, 9785.55
1863, 8283.10
1864, 19813.97
1865, 17221.04
1866, 9036.65
1867, 24160.02
1868, 20851.13
1869, 20175.90
1870, 31338.21
1871, 10600.88
1872, 9127.66
1873, 6599.89
1874, 11293.38
1875, 14096.84
1876, 7285.76
1877, 27534.05
1878, 8980.14
1879, 12272.71
1880, 22419.28
1881, 12292.82
1882, 7563.42
1883, 4764.31
1884, 27675.89
1885, 13561.46
1886, 23537.48
1887, 29299.20
1888, 10832.57
1889, 15003.04
1890, 17144.64
1891, 10986.03
1892, 6931.61
1893, 28270.08
1894, 15992.68
1895, 28063.02
1896, 5135.57
1897, 6330.57
1898, 28945.22
1899, 25351.70
1900, 20652.94
1901, 16035.81
1902, 6738.39
1903, 6015.81
1904, 19104.14
1905, 10847.52
1906, 13207.67
1907, 32915.78
1908, 20083.83
1909, 21810.06
1910, 28513.40
1911, 11687.17
1912, 21733.16
1913, 5462.09
1914, 24595.98
1915, 20430.27
1916, 12695.05
1917, 29755.11
1918, 5104.41
1919, 5667.11
1920, 14800.60
1921, 21472.06
1922, 29679.71
1923, 12866.78
1924, 19718.36
1925, 26592.23
1926, 6551.44
1927, 16268.04
1928, 6875.61
1929, 14616.40
1930, 2034.62
1931, 10011.14
1932, 29394.91
1933, 25394.03
1934, 15506.27
1935, 28679.70
1936, 21242.86
1937, 13713.12
1938, 12731.43
1939, 14861.61
1940, 8260.64
1941, 4519.63
1942, 26396.97
1943, 11894.81
1944, 11038.85
1945, 11529.17
1946, 6138.52
1947, 1940.67
1948, 3909.46
1949, 6922.66
1950, 14698.49
1951, 24880.61
1952, 4295.27
1953, 3974.55
1954, 8992.24
1955, 25431.59
1956, 12449.18
1957, 22065.63
1958, 20174.70
1959, 13809.20
1960, 16849.07
1961, 11133.76
1962, 17901.90
1963, 6454.17
1964, 29177.61
1965, 11103.92
1966, 12238.56
1967, 10603.11
1968, 22436.34
1969, 7842.28
1970, 23578.26
1971, 6862.76
1972, 29649.00
1973, 26811.91
1974, 15749.88
1975, 15433.02
1976, 10340.35
1977, 19990.90
1978, 19483.04
1979, 14111.22
1980, 16975.23
1981, 37744.41
1982, 10967.12
1983, 19677.75
1984, 16251.12
1985, 43722.99
1986, 20821.31
1987, 5210.10
1988, 29148.54
1989, 12249.17
1990, 31845.92
1991, 7346.55
1992, 11457.52
1993, 10350.29
1994, 8645.93
1995, 1841.96
1996, 4925.89
1997, 2188.98
1998, 12735.27
1999, 16279.70
2000, 11107.69
2001, 24756.34
2002, 15135.32
2003, 27304.22
2004, 16855.22
2005, 7794.79
2006, 20303.88
2007, 10016.73
2008, 18026.10
2009, 14446.75
2010, 11874.19
2011, 3786.22
2012, 4663.87
2013, 9890.53
2014, 10785.01
2015, 14847.88
2016, 11833.08
2017, 8061.02
2018, 22459.43
2019, 18821.09
2020, 14262.03
2021, 13830.63
2022, 17193.63
2023, 4802.95
2024, 5754.94
2025, 13452.06
2026, 22240.23
2027, 7127.45
2028, 23777.70
2029, 11671.19
2030, 11196.93
2031, 26089.97
2032, 2881.47
2033, 9754.49
2034, 16155.47
2035, 15788.09
2036, 3939.06
2037, 18225.78
2038, 5594.76
2039, 5601.69
2040, 4907.52
2041, 10202.55
2042, 33270.01
2043, 10400.93
2044, 14757.04
2045, 16911.22
2046, 18210.83
2047, 27838.11
=== END ===


=== BATCH 14 ===
0, 2641712.00
1, 12328.90
2, 17898.75
3, 19362.82
4, 11599.52
5, 7093.49
6, 36898.15
7, 2080.88
8, 17163.08
9, 6276.13
10, 12671.16
11, 25283.56
12, 16281.60
13, 13456.72
14, 12250.02
15, 3858.65
16, 13041.51
17, 8004.10
18, 16009.54
19, 949.76
20, 13425.58
21, 22057.05
22, 2623.12
23, 20478.34
24, 21271.85
25, 19834.64
26, 15715.34
27, 14138.07
28, 19104.62
29, 4039.34
30, 16778.10
31, 16527.21
32, 31759.53
33, 19293.78
34, 9672.75
35, 16268.47
36, 11747.94
37, 20682.37
38, 20748.46
39, 9885.03
40, 18766.97
41, 12242.22
42, 12502.95
43, 32843.34
44, 10122.50
45, 16196.62
46, 2552.37
47, 32711.26
48, 8258.55
49, 21300.36
50, 3058.43
51, 2708.04
52, 37118.18
53, 12480.39
54, 15604.19
55, 16629.31
56, 11906.39
57, 9704.34
58, 16577.80
59, 7335.63
60, 15549.70
61, 15091.34
62, 9080.87
63, 8660.90
64, 21252.88
65, 16981.11
66, 6183.49
67, 8153.83
68, 2530.77
69, 10042.09
70, 17214.78
71, 6655.12
72, 8669.00
73, 1587.30
74, 14329.39
75, 7866.54
76, 10856.96
77, 8456.41
78, 4133.83
79, 21984.54
80, 19233.21
81, 9330.00
82, 7727.27
83, 6915.08
84, 10367.97
85, 12173.88
86, 11336.83
87, 27268.16
88, 25848.41
89, 7249.03
90, 13963.39
91, 4486.62
92, 10733.54
93, 15210.38
94, 1400.77
95, 13611.71
96, 10710.77
97, 5653.42
98, 10632.63
99, 916.16
100, 9663.90
101, 15622.81
102, 10594.46
103, 11695.10
104, 22140.05
105, 21746.73
106, 8830.55
107, 16343.47
108, 11773.02
109, 10115.08
110, 10928.51
111, 29800.27
112, 14879.41
113, 8294.41
114, 19269.55
115, 14145.53
116, 15288.11
117, 14922.08
118, 20839.10
119, 20175.77
120, 4933.71
121, 11108.03
122, 8077.38
123, 8583.40
124, 14154.66
125, 7881.48
126, 7573.01
127, 24227.59
128, 12796.43
129, 16021.00
130, 8765.66
131, 7050.03
132, 10166.86
133, 4664.34
134, 16659.55
135, 9509.13
136, 21137.92
137, 15980.23
138, 6781.13
139, 18016.83
140, 7246.40
141, 14817.13
142, 11950.22
143, 17870.29
144, 9154.46
145, 19993.08
146, 22952.73
147, 14165.46
148, 14334.38
149, 7394.79
150, 15094.28
151, 19937.40
152, 7244.92
153, 11324.23
154, 15173.39
155, 18458.88
156, 10627.62
157, 14170.85
158, 19870.80
159, 16139.66
160, 18239.17
161, 5026.13
162, 4292.11
163, 33961.68
164, 5861.36
165, 16455.29
166, 22017.37
167, 7167.63
168, 946.07
169, 5215.08
170, 28601.84
171, 13558.13
172, 3764.37
173, 15894.14
174, 9672.06
175, 4338.00
176, 4485.40
177, 20411.14
178, 15598.56
179, 8012.67
180, 10046.52
181, 10309.98
182, 3271.88
183, 5902.31
184, 9057.72
185, 13516.09
186, 7726.32
187, 15958.14
188, 5271.63
189, 24086.15
190, 23921.50
191, 16792.62
192, 7152.49
193, 8047.55
194, 12708.36
195, 8881.14
196, 15745.62
197, 1229.89
198, 19724.10
199, 12248.59
200, 9182.95
201, 19390.18
202, 18888.22
203, 12721.46
204, 7348.88
205, 12634.45
206, 26511.14
207, 22861.89
208, 7825.38
209, 12569.76
210, 6464.10
211, 8235.15
212, 11189.24
213, 20509.20
214, 14998.37
215, 21576.42
216, 13771.00
217, 7361.57
218, 22587.16
219, 14760.31
220, 13473.31
221, 21553.00
222, 13756.48
223, 4841.85
224, 13570.08
225, 14721.18
226, 12017.52
227, 19021.40
228, 33423.68
229, 8939.98
230, 9359.44
231, 14725.61
232, 25800.58
233, 27707.23
234, 13201.24
235, 11404.03
236, 16509.28
237, 10061.91
238, 22452.05
239, 3367.06
240, 19440.18
241, 5217.34
242, 13685.60
243, 14630.25
244, 14119.33
245, 13522.69
246, 6490.24
247, 5128.09
248, 5544.07
249, 6557.86
250, 3421.44
251, 5182.00
252, 10721.88
253, 14181.89
254, 15726.23
255, 3234.54
256, 12288.89
257, 4124.60
258, 7739.33
259, 16732.35
260, 9635.83
261, 12119.66
262, 8537.56
263, 1486.98
264, 12051.06
265, 1396.25
266, 21176.91
267, 24997.55
268, 6540.78
269, 6222.88
270, 9420.27
271, 13610.23
272, 16007.16
273, 15907.23
274, 19767.29
275, 20850.22
276, 17788.98
277, 11581.78
278, 21608.71
279, 4383.40
280, 7798.31
281, 13646.07
282, 1456.32
283, 10249.00
284, 10777.54
285, 17338.20
286, 23827.13
287, 8563.66
288, 29774.22
289, 6062.89
290, 13147.39
291, 11256.93
292, 13722.04
293, 5872.67
294, 12603.20
295, 22612.25
296, 12537.44
297, 25402.38
298, 16046.03
299, 15333.46
300, 8280.81
301, 23302.53
302, 1955.74
303, 14590.55
304, 9945.29
305, 24214.72
306, 14226.63
307, 12768.64
308, 11139.57
309, 9731.81
310, 16426.51
311, 14673.38
312, 9976.54
313, 9410.89
314, 15893.01
315, 10346.32
316, 18594.39
317, 8869.10
318, 8012.50
319, 9670.66
320, 9915.81
321, 5989.62
322, 11434.88
323, 13955.39
324, 4259.83
325, 3177.10
326, 6721.55
327, 24129.81
328, 8924.79
329, 17927.61
330, 21452.31
331, 34155.61
332, 21508.34
333, 10950.99
334, 13449.38
335, 14941.53
336, 8528.14
337, 8224.93
338, 13572.21
339, 7483.91
340, 9213.60
341, 5846.60
342, 14704.67
343, 14174.10
344, 16570.84
345, 5408.05
346, 20662.12
347, 27147.63
348, 15298.34
349, 13876.45
350, 6092.43
351, 19007.30
352, 10828.66
353, 24457.39
354, 11334.21
355, 14676.12
356, 6493.80
357, 12797.62
358, 14965.27
359, 12487.40
360, 18572.94
361, 11514.38
362, 36295.74
363, 12150.22
364, 14003.12
365, 2042.38
366, 3365.73
367, 16650.68
368, 9070.97
369, 11519.17
370, 22117.39
371, 11080.52
372, 24916.85
373, 17642.74
374, 13995.42
375, 20797.18
376, 19884.22
377, 12945.58
378, 5336.86
379, 7886.31
380, 12227.51
381, 17605.37
382, 5098.53
383, 18061.91
384, 5899.69
385, 31561.71
386, 20892.77
387, 17646.99
388, 15799.93
389, 7752.86
390, 7715.86
391, 14974.14
392, 20241.65
393, 19504.87
394, 25506.04
395, 31118.23
396, 8423.79
397, 4143.32
398, 11315.71
399, 20355.60
400, 9859.75
401, 8332.68
402, 4340.46
403, 8303.34
404, 29420.64
405, 18665.56
406, 16068.59
407, 6217.04
408, 19252.59
409, 26131.33
410, 18708.57
411, 25123.97
412, 30290.18
413, 7808.19
414, 11847.56
415, 9312.50
416, 12002.63
417, 4415.41
418, 6745.00
419, 10665.78
420, 22858.27
421, 6514.15
422, 6859.06
423, 23606.30
424, 15419.53
425, 9549.15
426, 4497.72
427, 18907.26
428, 19974.55
429, 7990.90
430, 16772.96
431, 3417.29
432, 17447.96
433, 14760.41
434, 20685.89
435, 12925.91
436, 11340.19
437, 12136.08
438, 5391.50
439, 20757.34
440, 14036.56
441, 8937.66
442, 12220.26
443, 15618.65
444, 11074.16
445, 14597.89
446, 7793.94
447, 33715.16
448, 31711.40
449, 13960.24
450, 19318.66
451, 9245.78
452, 39539.00
453, 13482.42
454, 23152.36
455, 11447.62
456, 12715.75
457, 18219.05
458, 23750.63
459, 8643.77
460, 8510.50
461, 11214.66
462, 16219.13
463, 11282.37
464, 16364.63
465, 32102.91
466, 4325.40
467, 12385.78
468, 12090.23
469, 22507.98
470, 25580.60
471, 1151.00
472, 21560.56
473, 34107.77
474, 16079.81
475, 13033.17
476, 8288.49
477, 16295.06
478, 21945.15
479, 20893.63
480, 15530.47
481, 21332.37
482, 1772.77
483, 8388.77
484, 21492.93
485, 15261.25
486, 7864.17
487, 1727.26
488, 18228.96
489, 19860.90
490, 27495.58
491, 25983.45
492, 15603.27
493, 24169.29
494, 18478.05
495, 20094.20
496, 9389.13
497, 14337.78
498, 16582.41
499, 26366.24
500, 9901.92
501, 12291.49
502, 20225.62
503, 13848.79
504, 5655.13
505, 28811.35
506, 12369.10
507, 10258.55
508, 1882.58
509, 26238.78
510, 19735.72
511, 14054.39
512, 13162.66
513, 11896.16
514, 13664.07
515, 32435.12
516, 4601.24
517, 22126.67
518, 28032.96
519, 18158.00
520, 30141.51
521, 12491.96
522, 2672.00
523, 20020.27
524, 18858.38
525, 6063.03
526, 4404.80
527, 16374.13
528, 4559.07
529, 31434.84
530, 21137.55
531, 21834.22
532, 4141.89
533, 30334.01
534, 19641.77
535, 41316.45
536, 15629.33
537, 14320.97
538, 10984.92
539, 17503.21
540, 34128.62
541, 34575.54
542, 15349.25
543, 18822.72
544, 23458.99
545, 22713.46
546, 22183.02
547, 24980.32
548, 11069.15
549, 28908.70
550, 23442.68
551, 9364.16
552, 17201.67
553, 2000.44
554, 12357.54
555, 22159.23
556, 12320.33
557, 4804.98
558, 27953.47
559, 16331.91
560, 20507.51
561, 30703.53
562, 26156.08
563, 28854.27
564, 10246.43
565, 31429.09
566, 20752.31
567, 16413.87
568, 11529.18
569, 11533.44
570, 26830.49
571, 21580.96
572, 21753.39
573, 9070.78
574, 20461.71
575, 21776.56
576, 11410.02
577, 19436.35
578, 14684.96
579, 15046.90
580, 24325.27
581, 3941.61
582, 10018.55
583, 6393.76
584, 16072.68
585, 25852.50
586, 32172.09
587, 13827.18
588, 11463.87
589, 23018.33
590, 20135.26
591, 10243.03
592, 15311.20
593, 22184.55
594, 10621.70
595, 17464.47
596, 30123.59
597, 15437.10
598, 24294.06
599, 15753.16
600, 15594.05
601, 13730.80
602, 32111.46
603, 25858.75
604, 3778.61
605, 19499.42
606, 28841.85
607, 14338.38
608, 15144.94
609, 41406.90
610, 18924.19
611, 26887.06
612, 8138.92
613, 12783.82
614, 15419.85
615, 6496.37
616, 10981.21
617, 12597.32
618, 8674.25
619, 7290.26
620, 2351.68
621, 11854.18
622, 25574.70
623, 15542.23
624, 26755.36
625, 20763.90
626, 10678.25
627, 3594.62
628, 18864.64
629, 31050.08
630, 14093.42
631, 30141.61
632, 11873.73
633, 42605.10
634, 28508.78
635, 22320.67
636, 11140.72
637, 21001.28
638, 17728.75
639, 10094.05
640, 23070.18
641, 6272.76
642, 19647.19
643, 24617.04
644, 10684.28
645, 20434.34
646, 12629.96
647, 21185.94
648, 12231.10
649, 27155.39
650, 34051.71
651, 5837.40
652, 30682.71
653, 10233.15
654, 24779.95
655, 11930.56
656, 36454.72
657, 25055.91
658, 15496.51
659, 17984.88
660, 5897.95
661, 18427.23
662, 27425.69
663, 7450.40
664, 8213.59
665, 7687.98
666, 17491.98
667, 9907.83
668, 25933.40
669, 23655.99
670, 5635.21
671, 30269.36
672, 10217.46
673, 7784.81
674, 24879.16
675, 11537.35
676, 34341.79
677, 22887.43
678, 31525.10
679, 32642.06
680, 24137.06
681, 6785.94
682, 12440.29
683, 21187.67
684, 8450.02
685, 22260.34
686, 11418.40
687, 7239.00
688, 15470.38
689, 32008.34
690, 22089.59
691, 12942.18
692, 8817.76
693, 22137.87
694, 30003.68
695, 23255.26
696, 22560.87
697, 26536.14
698, 21535.38
699, 30004.77
700, 11011.79
701, 3805.03
702, 24618.24
703, 20477.33
704, 5401.66
705, 6357.67
706, 10011.12
707, 17025.53
708, 7160.45
709, 22315.95
710, 29518.54
711, 10231.65
712, 18214.35
713, 21028.40
714, 4915.81
715, 10835.93
716, 4970.80
717, 16819.56
718, 13262.15
719, 17270.62
720, 11387.93
721, 36607.18
722, 6472.73
723, 16853.79
724, 19598.23
725, 18203.25
726, 8326.52
727, 25506.81
728, 40523.02
729, 8711.08
730, 5237.17
731, 31696.68
732, 23505.56
733, 34690.02
734, 12566.64
735, 17840.10
736, 29877.96
737, 17398.14
738, 9863.08
739, 2840.68
740, 8307.01
741, 15968.10
742, 5055.22
743, 33962.09
744, 22075.09
745, 12728.01
746, 12465.73
747, 3473.53
748, 19913.77
749, 22268.90
750, 21747.03
751, 30124.76
752, 25054.55
753, 24045.60
754, 10701.97
755, 17260.64
756, 24939.17
757, 1583.46
758, 22191.05
759, 34873.62
760, 35225.66
761, 20190.29
762, 20551.66
763, 4320.68
764, 31049.13
765, 30281.88
766, 12183.53
767, 19779.57
768, 20470.64
769, 8116.81
770, 5036.72
771, 32805.71
772, 15024.99
773, 20171.46
774, 8823.82
775, 9525.34
776, 5987.78
777, 15440.89
778, 23838.15
779, 5238.39
780, 7733.67
781, 5373.12
782, 2645.51
783, 17192.59
784, 44756.53
785, 5613.20
786, 8297.58
787, 8695.58
788, 12589.62
789, 19239.39
790, 10348.24
791, 24344.71
792, 39133.25
793, 39438.85
794, 19337.09
795, 6220.45
796, 5634.30
797, 5345.81
798, 22570.53
799, 23237.21
800, 37906.89
801, 29186.34
802, 20484.44
803, 18881.92
804, 6418.84
805, 9416.69
806, 26293.19
807, 29396.87
808, 23781.98
809, 10178.56
810, 10949.92
811, 19157.44
812, 13045.65
813, 43074.40
814, 21356.43
815, 29195.33
816, 17071.56
817, 24389.95
818, 14165.09
819, 21355.02
820, 27491.65
821, 18848.60
822, 25630.99
823, 26311.81
824, 11281.87
825, 20339.91
826, 24861.27
827, 35260.03
828, 35957.89
829, 19922.45
830, 12646.89
831, 11898.47
832, 11649.55
833, 21308.88
834, 5190.89
835, 11211.58
836, 20134.57
837, 13459.64
838, 7529.97
839, 12275.04
840, 11399.05
841, 4669.03
842, 16655.06
843, 24349.63
844, 38020.50
845, 36823.41
846, 19338.94
847, 16043.53
848, 10968.90
849, 6586.67
850, 37147.10
851, 32806.79
852, 34690.81
853, 16441.24
854, 25170.81
855, 17868.30
856, 20282.88
857, 24290.22
858, 20490.40
859, 21602.90
860, 15257.61
861, 30415.83
862, 29717.30
863, 25722.19
864, 8710.48
865, 26513.60
866, 17680.43
867, 49246.71
868, 14151.01
869, 7199.74
870, 12569.17
871, 16525.35
872, 12568.27
873, 17050.35
874, 26595.26
875, 28381.25
876, 11040.08
877, 16094.32
878, 12150.56
879, 13868.66
880, 34052.64
881, 35409.77
882, 13447.14
883, 18342.90
884, 36314.80
885, 13396.05
886, 37427.66
887, 10299.66
888, 12339.72
889, 12909.19
890, 38116.46
891, 7611.83
892, 18433.16
893, 35265.04
894, 11615.89
895, 14669.97
896, 29002.27
897, 34343.31
898, 17332.47
899, 13458.19
900, 12517.86
901, 29746.14
902, 17967.38
903, 38568.93
904, 21021.77
905, 22916.65
906, 12766.14
907, 15825.79
908, 27179.89
909, 13697.69
910, 29119.30
911, 38185.75
912, 23153.68
913, 9268.59
914, 6859.15
915, 37088.56
916, 11109.29
917, 23930.36
918, 23852.22
919, 23646.79
920, 20852.50
921, 14280.26
922, 12336.92
923, 3859.43
924, 16198.71
925, 12558.03
926, 15731.69
927, 31227.76
928, 10896.72
929, 20178.64
930, 13488.24
931, 16229.24
932, 23804.00
933, 9125.01
934, 5256.45
935, 27959.14
936, 51300.89
937, 11369.05
938, 17148.94
939, 20876.57
940, 41429.09
941, 8130.03
942, 36529.65
943, 39884.47
944, 19590.58
945, 16995.22
946, 19276.25
947, 18103.43
948, 16023.99
949, 32127.62
950, 47800.16
951, 46713.66
952, 26139.20
953, 36010.90
954, 25748.30
955, 12091.51
956, 33936.39
957, 40782.11
958, 8650.35
959, 29718.22
960, 37166.82
961, 18782.28
962, 9979.00
963, 18087.26
964, 20660.99
965, 6024.73
966, 9851.44
967, 35053.45
968, 43217.45
969, 15493.01
970, 37995.94
971, 7488.07
972, 9060.21
973, 29850.91
974, 8948.72
975, 26127.47
976, 42735.30
977, 14942.37
978, 5084.18
979, 32291.48
980, 19891.36
981, 7674.21
982, 20829.78
983, 10624.52
984, 57928.29
985, 20817.64
986, 5544.89
987, 24652.29
988, 27830.90
989, 16114.32
990, 40565.60
991, 38494.17
992, 9781.24
993, 8731.46
994, 9993.61
995, 19066.22
996, 38611.17
997, 12624.47
998, 30440.45
999, 23853.51
1000, 44140.38
1001, 11564.97
1002, 41216.96
1003, 43029.79
1004, 35436.46
1005, 15189.71
1006, 55302.15
1007, 17319.38
1008, 25798.62
1009, 28758.00
1010, 24952.72
1011, 27700.72
1012, 22701.47
1013, 3059.15
1014, 60992.59
1015, 24905.24
1016, 25594.74
1017, 34564.74
1018, 38926.01
1019, 27910.44
1020, 7359.12
1021, 10125.29
1022, 7473.05
1023, 16910.45
1024, 28735.51
1025, 10021.95
1026, 13596.19
1027, 9418.90
1028, 12265.31
1029, 15244.74
1030, 22196.88
1031, 26696.48
1032, 9551.96
1033, 32114.78
1034, 38092.39
1035, 48052.17
1036, 15961.41
1037, 40329.64
1038, 19256.50
1039, 20288.76
1040, 10902.64
1041, 33790.20
1042, 47044.95
1043, 17783.93
1044, 33750.22
1045, 49341.08
1046, 18576.31
1047, 17363.21
1048, 12324.53
1049, 26324.30
1050, 3368.03
1051, 25340.14
1052, 17605.33
1053, 44875.21
1054, 22598.30
1055, 22131.31
1056, 24079.16
1057, 41459.34
1058, 26946.93
1059, 13941.77
1060, 33145.83
1061, 23560.13
1062, 3785.92
1063, 18694.00
1064, 15578.32
1065, 51923.89
1066, 74978.12
1067, 17541.36
1068, 47707.60
1069, 63400.22
1070, 43992.12
1071, 32755.96
1072, 21552.64
1073, 6833.16
1074, 22794.20
1075, 15011.72
1076, 22516.87
1077, 8141.73
1078, 53592.27
1079, 59524.94
1080, 28077.46
1081, 12265.43
1082, 14492.30
1083, 43648.70
1084, 31402.83
1085, 29280.82
1086, 46953.27
1087, 17854.88
1088, 37193.05
1089, 13839.07
1090, 18082.37
1091, 14074.86
1092, 29369.64
1093, 37633.89
1094, 32407.16
1095, 7579.90
1096, 14498.19
1097, 53575.99
1098, 2907.10
1099, 35097.19
1100, 43496.30
1101, 40206.68
1102, 12127.72
1103, 26783.77
1104, 26316.60
1105, 21952.79
1106, 10026.43
1107, 39064.37
1108, 18642.10
1109, 11265.75
1110, 34611.73
1111, 11397.10
1112, 37738.98
1113, 18993.94
1114, 61638.23
1115, 44819.50
1116, 62902.96
1117, 18601.21
1118, 20408.79
1119, 15191.00
1120, 16839.17
1121, 3714.60
1122, 28777.83
1123, 38624.55
1124, 34822.12
1125, 8915.94
1126, 2108.82
1127, 33767.62
1128, 14712.03
1129, 49124.24
1130, 9133.20
1131, 13915.27
1132, 18114.75
1133, 21953.02
1134, 7477.00
1135, 55189.21
1136, 54281.00
1137, 44147.44
1138, 24023.96
1139, 36916.78
1140, 18425.23
1141, 53454.62
1142, 17886.19
1143, 18620.42
1144, 7362.52
1145, 58416.42
1146, 21880.16
1147, 14385.67
1148, 12948.94
1149, 37252.46
1150, 38236.30
1151, 52284.88
1152, 31628.62
1153, 12241.36
1154, 39648.91
1155, 16996.67
1156, 28351.26
1157, 50460.53
1158, 3028.56
1159, 9185.97
1160, 10152.90
1161, 35311.43
1162, 33101.29
1163, 10273.75
1164, 29848.66
1165, 39328.68
1166, 50182.59
1167, 19117.30
1168, 48638.72
1169, 38975.02
1170, 19409.90
1171, 11565.93
1172, 16786.01
1173, 9237.61
1174, 11656.66
1175, 32569.86
1176, 35234.38
1177, 4785.86
1178, 9739.65
1179, 41631.70
1180, 52097.96
1181, 23280.45
1182, 48772.57
1183, 7141.99
1184, 18645.91
1185, 44509.29
1186, 42733.75
1187, 23157.39
1188, 60747.42
1189, 1327.06
1190, 41024.46
1191, 19843.98
1192, 43122.78
1193, 18124.94
1194, 25180.37
1195, 21972.59
1196, 9626.77
1197, 9749.06
1198, 66973.95
1199, 30803.66
1200, 11617.82
1201, 20980.04
1202, 13400.20
1203, 44573.41
1204, 28385.77
1205, 27566.70
1206, 15122.55
1207, 40487.80
1208, 13040.38
1209, 20631.53
1210, 9420.55
1211, 15018.06
1212, 6704.20
1213, 20153.53
1214, 28682.32
1215, 20173.51
1216, 21303.58
1217, 39173.06
1218, 8990.98
1219, 32309.91
1220, 30665.88
1221, 51652.19
1222, 35750.25
1223, 39309.05
1224, 51930.68
1225, 37827.96
1226, 23737.77
1227, 46812.11
1228, 38887.64
1229, 11610.05
1230, 37188.84
1231, 62280.10
1232, 9565.84
1233, 18701.02
1234, 16938.54
1235, 62431.45
1236, 7419.25
1237, 51552.81
1238, 54081.08
1239, 28464.47
1240, 38021.27
1241, 4794.25
1242, 22996.48
1243, 28285.67
1244, 11215.31
1245, 37436.71
1246, 28326.02
1247, 28086.08
1248, 25270.05
1249, 22251.66
1250, 23629.67
1251, 14680.46
1252, 20753.40
1253, 22878.76
1254, 16702.84
1255, 14813.48
1256, 7023.41
1257, 5420.67
1258, 12475.01
1259, 4773.32
1260, 20278.29
1261, 21288.71
1262, 18075.09
1263, 51259.69
1264, 34288.73
1265, 14287.24
1266, 7336.56
1267, 26752.54
1268, 34892.45
1269, 33945.41
1270, 34590.21
1271, 41039.43
1272, 15060.86
1273, 41798.47
1274, 38451.66
1275, 32398.69
1276, 32429.56
1277, 23222.65
1278, 34988.95
1279, 39766.70
1280, 30545.19
1281, 13594.64
1282, 34114.92
1283, 37144.80
1284, 48284.36
1285, 72676.78
1286, 22708.03
1287, 35461.96
1288, 17592.37
1289, 45485.66
1290, 33119.69
1291, 16268.09
1292, 30350.60
1293, 13029.23
1294, 14543.53
1295, 34717.34
1296, 19663.34
1297, 28226.09
1298, 12642.58
1299, 25571.67
1300, 33502.05
1301, 7010.05
1302, 39984.28
1303, 10746.76
1304, 19599.04
1305, 36124.90
1306, 55594.87
1307, 62379.12
1308, 17763.38
1309, 31674.38
1310, 36986.83
1311, 29381.65
1312, 47696.95
1313, 23224.12
1314, 16602.48
1315, 29106.19
1316, 11709.44
1317, 30242.60
1318, 25588.97
1319, 26458.79
1320, 14242.14
1321, 23295.54
1322, 20156.56
1323, 13458.10
1324, 15483.67
1325, 47483.43
1326, 11127.38
1327, 48224.79
1328, 23092.60
1329, 36304.68
1330, 22534.64
1331, 17856.06
1332, 37572.35
1333, 35312.73
1334, 30543.46
1335, 24971.15
1336, 34253.72
1337, 34939.08
1338, 9454.13
1339, 12663.21
1340, 23947.79
1341, 25730.73
1342, 7111.59
1343, 13666.67
1344, 3857.98
1345, 40330.60
1346, 17130.69
1347, 49206.62
1348, 20964.19
1349, 34692.16
1350, 4455.54
1351, 44129.51
1352, 26979.52
1353, 19846.38
1354, 17257.68
1355, 17108.22
1356, 11746.64
1357, 30727.05
1358, 17839.41
1359, 41230.99
1360, 16528.47
1361, 11568.08
1362, 12068.65
1363, 58805.22
1364, 29047.21
1365, 18914.66
1366, 64798.70
1367, 22785.86
1368, 17126.95
1369, 24515.43
1370, 6522.37
1371, 14383.61
1372, 32598.84
1373, 35184.89
1374, 24156.06
1375, 17382.24
1376, 16837.49
1377, 21951.13
1378, 17387.86
1379, 17384.33
1380, 16777.10
1381, 22810.10
1382, 43972.39
1383, 11169.99
1384, 22331.80
1385, 7748.85
1386, 25177.25
1387, 25736.82
1388, 29154.91
1389, 32514.53
1390, 37892.96
1391, 66435.12
1392, 14397.71
1393, 18709.12
1394, 29916.82
1395, 77016.70
1396, 14551.58
1397, 13599.38
1398, 12642.77
1399, 27381.59
1400, 32504.55
1401, 15942.65
1402, 15618.53
1403, 36055.58
1404, 26796.45
1405, 35270.64
1406, 30241.15
1407, 12923.93
1408, 20031.71
1409, 87744.41
1410, 44938.55
1411, 20485.58
1412, 13294.11
1413, 5029.40
1414, 53469.73
1415, 20492.96
1416, 13531.72
1417, 42611.54
1418, 46237.06
1419, 38917.78
1420, 8839.64
1421, 7318.44
1422, 5857.79
1423, 39328.34
1424, 15281.49
1425, 31916.72
1426, 12360.27
1427, 40661.68
1428, 20400.58
1429, 20446.74
1430, 48511.41
1431, 23699.79
1432, 28700.76
1433, 29558.10
1434, 19620.37
1435, 8277.84
1436, 45534.10
1437, 26680.08
1438, 22144.14
1439, 12902.49
1440, 31688.33
1441, 38773.34
1442, 22319.24
1443, 9374.66
1444, 31397.20
1445, 47468.25
1446, 13533.50
1447, 18174.84
1448, 35369.59
1449, 8356.37
1450, 6672.69
1451, 17737.70
1452, 48726.44
1453, 78069.36
1454, 26484.66
1455, 28070.94
1456, 19354.64
1457, 35345.84
1458, 33264.14
1459, 7620.64
1460, 21315.98
1461, 10896.23
1462, 18603.04
1463, 24674.48
1464, 7455.50
1465, 8287.25
1466, 9624.32
1467, 11810.61
1468, 20492.87
1469, 13181.39
1470, 20536.91
1471, 15028.60
1472, 16582.25
1473, 10132.47
1474, 17767.53
1475, 35764.84
1476, 15143.37
1477, 21862.49
1478, 7413.91
1479, 16295.76
1480, 43229.21
1481, 26068.24
1482, 17930.04
1483, 22507.25
1484, 27848.67
1485, 15883.98
1486, 12084.03
1487, 50193.50
1488, 16497.85
1489, 47042.88
1490, 14143.82
1491, 32818.88
1492, 21540.92
1493, 14421.24
1494, 32754.18
1495, 22012.55
1496, 14854.47
1497, 9883.99
1498, 46552.46
1499, 20333.12
1500, 27525.82
1501, 29061.98
1502, 12784.62
1503, 10344.71
1504, 21496.89
1505, 13868.65
1506, 20613.77
1507, 21063.93
1508, 25948.85
1509, 15979.15
1510, 22619.13
1511, 35927.02
1512, 19751.97
1513, 19066.84
1514, 29145.23
1515, 11124.40
1516, 26477.46
1517, 28232.33
1518, 13742.56
1519, 29424.72
1520, 31464.47
1521, 32848.86
1522, 29978.43
1523, 40264.93
1524, 5075.93
1525, 40363.76
1526, 36770.52
1527, 20463.80
1528, 28510.23
1529, 21423.34
1530, 29382.16
1531, 5788.94
1532, 14582.90
1533, 10602.34
1534, 29981.33
1535, 4346.02
1536, 30115.78
1537, 29028.39
1538, 28478.16
1539, 37707.53
1540, 27957.79
1541, 29968.19
1542, 20527.54
1543, 7357.61
1544, 9015.78
1545, 7583.21
1546, 19256.20
1547, 9843.35
1548, 28035.96
1549, 3971.12
1550, 40294.48
1551, 52113.98
1552, 30707.10
1553, 28339.34
1554, 17760.34
1555, 17020.21
1556, 28032.07
1557, 3935.56
1558, 31287.21
1559, 10094.56
1560, 25779.94
1561, 3261.32
1562, 14629.56
1563, 22756.82
1564, 32330.57
1565, 21496.56
1566, 11574.55
1567, 54743.54
1568, 21730.38
1569, 16518.54
1570, 25185.97
1571, 32524.59
1572, 18659.90
1573, 7621.80
1574, 31698.58
1575, 33648.43
1576, 12817.10
1577, 9942.97
1578, 30865.23
1579, 29351.67
1580, 15432.97
1581, 37018.15
1582, 43755.99
1583, 29820.51
1584, 12779.24
1585, 23733.56
1586, 20550.41
1587, 39549.52
1588, 8832.30
1589, 6122.74
1590, 20629.93
1591, 9840.06
1592, 3603.76
1593, 15082.77
1594, 42089.48
1595, 6680.50
1596, 29258.14
1597, 11873.03
1598, 22669.26
1599, 2756.12
1600, 13724.27
1601, 39102.43
1602, 27896.19
1603, 10274.60
1604, 33889.59
1605, 3490.77
1606, 15496.32
1607, 26755.89
1608, 5549.77
1609, 23808.71
1610, 35891.07
1611, 12390.30
1612, 34280.20
1613, 18391.09
1614, 15020.11
1615, 26559.66
1616, 38082.33
1617, 19675.10
1618, 47907.01
1619, 1858.38
1620, 18051.12
1621, 26603.00
1622, 55294.34
1623, 43572.23
1624, 22142.81
1625, 17311.77
1626, 14636.87
1627, 26692.59
1628, 65533.85
1629, 21272.26
1630, 17111.81
1631, 36592.44
1632, 28140.12
1633, 12220.30
1634, 30653.48
1635, 37519.39
1636, 52374.76
1637, 20371.76
1638, 16295.37
1639, 9734.95
1640, 26261.81
1641, 20734.16
1642, 19646.74
1643, 3884.21
1644, 13300.37
1645, 18044.51
1646, 38413.22
1647, 21940.61
1648, 21465.55
1649, 44770.93
1650, 23429.24
1651, 8676.15
1652, 26696.24
1653, 13751.00
1654, 19277.86
1655, 22183.02
1656, 33248.50
1657, 11717.52
1658, 45893.59
1659, 11936.18
1660, 11296.51
1661, 26404.40
1662, 24088.17
1663, 27673.74
1664, 11938.29
1665, 970.25
1666, 23342.33
1667, 46036.10
1668, 25414.91
1669, 17159.92
1670, 24594.11
1671, 8855.59
1672, 46102.71
1673, 38932.56
1674, 18955.86
1675, 25883.75
1676, 14453.97
1677, 11114.51
1678, 22090.47
1679, 23329.48
1680, 8307.60
1681, 13657.84
1682, 16812.44
1683, 15113.98
1684, 19815.45
1685, 27171.28
1686, 20953.71
1687, 14147.60
1688, 19855.83
1689, 17949.38
1690, 6956.60
1691, 11726.07
1692, 11688.88
1693, 22578.09
1694, 15139.33
1695, 15389.73
1696, 17503.22
1697, 20308.63
1698, 15003.79
1699, 6016.69
1700, 7531.10
1701, 21822.02
1702, 22770.06
1703, 20384.90
1704, 45809.01
1705, 27963.69
1706, 44033.47
1707, 816.60
1708, 11726.67
1709, 14829.94
1710, 9285.10
1711, 20211.53
1712, 15559.26
1713, 7810.82
1714, 30505.68
1715, 4474.72
1716, 20208.02
1717, 9049.00
1718, 15535.28
1719, 16497.21
1720, 17656.18
1721, 13784.24
1722, 19464.91
1723, 12712.39
1724, 4916.43
1725, 35628.24
1726, 31690.10
1727, 16437.79
1728, 16091.87
1729, 20789.25
1730, 36643.77
1731, 4071.02
1732, 44501.29
1733, 21854.51
1734, 25118.98
1735, 19684.16
1736, 17133.07
1737, 11962.33
1738, 16968.69
1739, 34564.23
1740, 35688.99
1741, 22304.94
1742, 8341.58
1743, 24145.51
1744, 10731.34
1745, 8796.78
1746, 7944.37
1747, 16619.13
1748, 9970.41
1749, 4233.63
1750, 9727.33
1751, 7567.33
1752, 21602.16
1753, 27927.60
1754, 19475.69
1755, 21523.81
1756, 16600.06
1757, 25091.17
1758, 11636.67
1759, 19015.14
1760, 7353.45
1761, 23733.84
1762, 13373.26
1763, 25374.23
1764, 36802.64
1765, 7640.35
1766, 16711.60
1767, 17234.02
1768, 18694.53
1769, 29902.00
1770, 31251.68
1771, 29951.15
1772, 12148.90
1773, 9395.98
1774, 16651.32
1775, 23698.03
1776, 6665.29
1777, 7034.69
1778, 11437.73
1779, 12533.89
1780, 11706.35
1781, 10849.29
1782, 6959.84
1783, 6815.26
1784, 17227.88
1785, 6554.98
1786, 17163.38
1787, 39614.02
1788, 7793.93
1789, 19685.78
1790, 18964.84
1791, 27651.64
1792, 21107.49
1793, 29998.37
1794, 18320.93
1795, 7394.66
1796, 25987.64
1797, 21114.22
1798, 15954.40
1799, 1581.22
1800, 11487.32
1801, 15569.72
1802, 10566.22
1803, 25714.67
1804, 17962.28
1805, 4945.83
1806, 27271.65
1807, 16273.90
1808, 18956.53
1809, 17254.24
1810, 29263.55
1811, 19795.96
1812, 17117.79
1813, 18329.53
1814, 37933.91
1815, 6659.16
1816, 27957.21
1817, 22462.53
1818, 26911.30
1819, 18067.85
1820, 12861.99
1821, 17654.59
1822, 21110.41
1823, 36621.84
1824, 24184.41
1825, 11495.53
1826, 19873.62
1827, 10292.74
1828, 16700.00
1829, 19486.83
1830, 4812.41
1831, 14002.21
1832, 16457.25
1833, 14146.40
1834, 3750.73
1835, 26871.64
1836, 42964.11
1837, 34779.42
1838, 33196.92
1839, 8713.65
1840, 33972.30
1841, 33895.80
1842, 45966.47
1843, 30412.20
1844, 11169.54
1845, 15639.88
1846, 21146.22
1847, 14414.74
1848, 27845.90
1849, 24289.23
1850, 3774.55
1851, 8543.60
1852, 30484.90
1853, 14423.75
1854, 7894.04
1855, 15919.02
1856, 5993.84
1857, 51314.36
1858, 16833.93
1859, 28429.07
1860, 7318.05
1861, 15079.73
1862, 17150.86
1863, 9529.49
1864, 23146.52
1865, 11666.67
1866, 18892.89
1867, 14381.91
1868, 3552.41
1869, 16707.75
1870, 11178.97
1871, 23009.31
1872, 13519.08
1873, 7711.52
1874, 13648.94
1875, 12748.63
1876, 34687.86
1877, 4346.38
1878, 7667.08
1879, 5496.69
1880, 13012.84
1881, 29890.60
1882, 11531.15
1883, 19607.28
1884, 5820.64
1885, 16195.45
1886, 28230.70
1887, 23138.51
1888, 22309.02
1889, 26169.78
1890, 12797.59
1891, 14235.52
1892, 21860.44
1893, 25885.78
1894, 24576.48
1895, 21452.89
1896, 12337.58
1897, 33223.51
1898, 20143.02
1899, 9910.35
1900, 24571.75
1901, 19588.10
1902, 9554.22
1903, 24454.19
1904, 20256.08
1905, 11127.07
1906, 22706.24
1907, 11236.30
1908, 26780.99
1909, 20463.89
1910, 8657.45
1911, 23412.67
1912, 12539.09
1913, 22741.69
1914, 11131.66
1915, 41208.00
1916, 11506.45
1917, 5474.02
1918, 16421.28
1919, 12907.90
1920, 20902.05
1921, 13800.75
1922, 30995.27
1923, 9837.21
1924, 12927.98
1925, 19085.74
1926, 5931.55
1927, 21199.88
1928, 19583.26
1929, 31403.86
1930, 20127.99
1931, 12653.67
1932, 33081.09
1933, 15685.64
1934, 14296.90
1935, 17109.83
1936, 13245.60
1937, 6538.40
1938, 34222.51
1939, 13837.82
1940, 12013.03
1941, 10780.16
1942, 8029.00
1943, 12805.80
1944, 9508.97
1945, 28452.43
1946, 13870.35
1947, 12007.51
1948, 10828.80
1949, 10123.64
1950, 20771.12
1951, 20475.61
1952, 24886.62
1953, 33902.55
1954, 5743.50
1955, 33676.11
1956, 12003.14
1957, 7335.84
1958, 12809.34
1959, 8581.15
1960, 14819.60
1961, 27938.70
1962, 22778.06
1963, 8410.16
1964, 24676.96
1965, 6840.70
1966, 9734.70
1967, 26083.72
1968, 19160.87
1969, 24535.18
1970, 13557.99
1971, 15864.80
1972, 6276.93
1973, 28298.79
1974, 6253.81
1975, 8067.95
1976, 12614.89
1977, 10801.95
1978, 7892.48
1979, 5088.23
1980, 18419.38
1981, 15063.01
1982, 32971.16
1983, 10378.16
1984, 15566.89
1985, 25842.34
1986, 6579.06
1987, 28848.33
1988, 12093.67
1989, 12244.21
1990, 10517.19
1991, 11510.25
1992, 7609.93
1993, 21268.22
1994, 14286.80
1995, 19454.13
1996, 6086.75
1997, 13893.33
1998, 7980.53
1999, 7310.95
2000, 13481.08
2001, 19636.96
2002, 23663.87
2003, 10653.84
2004, 28878.48
2005, 10231.42
2006, 17500.47
2007, 13922.88
2008, 30514.11
2009, 15773.99
2010, 6313.69
2011, 28927.14
2012, 14885.46
2013, 28069.99
2014, 11161.96
2015, 5766.76
2016, 14829.54
2017, 28687.71
2018, 15582.76
2019, 24556.01
2020, 18763.86
2021, 14371.44
2022, 16296.24
2023, 24636.79
2024, 6694.43
2025, 18494.66
2026, 9722.08
2027, 17637.17
2028, 8140.22
2029, 18450.61
2030, 22375.97
2031, 26860.53
2032, 20644.42
2033, 21982.62
2034, 13597.34
2035, 8291.58
2036, 19537.94
2037, 2555.02
2038, 15190.93
2039, 26248.49
2040, 17580.19
2041, 27266.07
2042, 20702.24
2043, 10787.91
2044, 1089.04
2045, 20084.38
2046, 33899.46
2047, 12139.71
=== END ===


=== BATCH 15 ===
0, 2614238.75
1, 7083.03
2, 9386.84
3, 10867.69
4, 26969.97
5, 36670.96
6, 27286.83
7, 12873.02
8, 5852.93
9, 24996.19
10, 8895.62
11, 7671.30
12, 20904.70
13, 11429.50
14, 15117.50
15, 17505.18
16, 6350.99
17, 15009.55
18, 12471.60
19, 18828.51
20, 36595.91
21, 530.99
22, 21167.02
23, 14304.64
24, 30570.53
25, 21251.98
26, 4588.68
27, 7462.13
28, 3913.22
29, 9789.29
30, 10131.31
31, 8277.58
32, 29695.60
33, 25840.15
34, 27150.03
35, 15569.20
36, 29444.45
37, 9048.91
38, 3740.25
39, 23280.15
40, 13222.21
41, 10084.20
42, 25300.00
43, 24645.16
44, 27190.59
45, 29068.72
46, 15838.19
47, 12618.30
48, 4999.36
49, 14327.95
50, 18949.36
51, 26063.45
52, 17882.32
53, 10585.12
54, 1943.24
55, 4819.85
56, 30628.77
57, 22187.02
58, 12914.80
59, 10940.59
60, 14149.58
61, 10164.69
62, 29026.29
63, 20129.79
64, 17928.42
65, 10371.32
66, 10427.36
67, 15832.86
68, 7113.51
69, 36857.37
70, 13213.17
71, 27619.23
72, 11387.54
73, 13223.88
74, 11237.47
75, 17799.41
76, 26708.59
77, 19161.78
78, 22212.22
79, 25752.88
80, 1906.68
81, 13531.31
82, 18542.61
83, 10364.81
84, 15928.17
85, 10084.28
86, 21868.31
87, 13385.55
88, 12627.00
89, 7762.99
90, 15475.64
91, 5704.51
92, 23998.39
93, 7983.86
94, 21176.05
95, 10811.53
96, 13263.26
97, 18132.44
98, 9669.41
99, 19204.40
100, 9923.08
101, 14312.54
102, 6275.69
103, 29701.96
104, 8391.40
105, 3331.52
106, 9252.51
107, 5170.85
108, 973.40
109, 26113.20
110, 13578.60
111, 13928.45
112, 8386.89
113, 18266.17
114, 15411.95
115, 20024.69
116, 14466.71
117, 23460.16
118, 18235.62
119, 15454.09
120, 15422.67
121, 15280.03
122, 15015.90
123, 24118.08
124, 6484.72
125, 11625.08
126, 14908.82
127, 19672.09
128, 6356.00
129, 27599.65
130, 6546.57
131, 5118.50
132, 13890.55
133, 18025.21
134, 14024.66
135, 3702.61
136, 19521.04
137, 12563.74
138, 5910.85
139, 16259.73
140, 12852.83
141, 19900.13
142, 18789.85
143, 17025.85
144, 10805.02
145, 5498.96
146, 4850.02
147, 5465.79
148, 8391.87
149, 17117.70
150, 1916.97
151, 16388.51
152, 6055.81
153, 6039.28
154, 11511.37
155, 12652.88
156, 3234.57
157, 11888.94
158, 18444.46
159, 18792.50
160, 4040.14
161, 19142.83
162, 7407.74
163, 16140.06
164, 9049.45
165, 17814.44
166, 23055.64
167, 14998.33
168, 16485.93
169, 11425.11
170, 6793.70
171, 20447.39
172, 7860.74
173, 17810.30
174, 4620.46
175, 16286.41
176, 7601.58
177, 2314.52
178, 10832.97
179, 2667.43
180, 17670.78
181, 10496.30
182, 4084.47
183, 22106.14
184, 4083.47
185, 11605.63
186, 7696.02
187, 24994.88
188, 18956.05
189, 12870.65
190, 11406.76
191, 5883.50
192, 18934.41
193, 15427.31
194, 20070.12
195, 1600.55
196, 13181.26
197, 15180.74
198, 13975.02
199, 16400.54
200, 16204.87
201, 10201.94
202, 12347.44
203, 4326.20
204, 17353.11
205, 28030.58
206, 26128.15
207, 13214.50
208, 16906.46
209, 16080.03
210, 11899.27
211, 9583.02
212, 995.65
213, 7093.86
214, 6731.32
215, 6591.03
216, 8883.60
217, 11022.60
218, 6366.49
219, 1719.47
220, 6779.70
221, 4231.85
222, 18544.15
223, 6048.69
224, 12699.49
225, 5287.94
226, 20464.74
227, 9141.58
228, 8136.82
229, 18362.11
230, 18177.06
231, 14778.11
232, 11245.75
233, 10537.32
234, 15206.74
235, 22712.73
236, 4638.94
237, 5056.47
238, 16276.94
239, 23049.08
240, 5579.15
241, 11025.00
242, 39967.62
243, 12235.02
244, 3114.34
245, 14668.24
246, 6664.01
247, 12870.64
248, 17280.12
249, 12479.19
250, 21680.70
251, 7811.32
252, 11347.85
253, 13977.47
254, 12301.65
255, 21455.12
256, 17345.66
257, 31908.09
258, 12778.15
259, 18590.95
260, 18053.93
261, 13363.17
262, 10809.46
263, 7638.80
264, 12711.19
265, 17385.31
266, 28392.15
267, 10141.31
268, 9116.18
269, 13649.31
270, 11346.28
271, 6352.97
272, 21389.07
273, 7146.37
274, 18763.03
275, 13883.43
276, 5675.80
277, 14828.72
278, 9188.17
279, 23699.75
280, 4700.07
281, 22021.63
282, 10529.68
283, 16607.22
284, 19004.42
285, 7918.97
286, 18608.07
287, 15681.83
288, 10083.78
289, 5103.71
290, 9897.90
291, 20523.86
292, 18604.93
293, 11757.83
294, 4712.21
295, 8941.94
296, 1144.96
297, 9420.23
298, 7357.46
299, 8513.59
300, 8915.58
301, 15037.06
302, 23155.30
303, 5755.22
304, 26174.41
305, 2932.59
306, 19400.09
307, 14151.62
308, 17704.54
309, 16627.59
310, 8403.07
311, 10996.40
312, 15008.89
313, 19235.00
314, 10079.94
315, 16732.37
316, 14734.44
317, 4905.32
318, 10083.94
319, 13730.03
320, 10765.08
321, 4998.43
322, 4955.59
323, 15575.77
324, 19497.68
325, 15627.21
326, 1578.99
327, 15267.95
328, 26874.77
329, 20759.17
330, 7830.68
331, 25816.14
332, 13808.22
333, 18111.37
334, 3433.78
335, 29467.46
336, 3570.15
337, 7344.16
338, 17241.22
339, 10469.98
340, 7226.72
341, 9034.71
342, 14129.48
343, 14254.85
344, 13216.08
345, 12246.87
346, 11217.01
347, 18724.59
348, 21108.92
349, 14434.17
350, 18575.74
351, 33437.90
352, 15339.51
353, 17751.75
354, 15191.11
355, 15511.68
356, 15107.57
357, 8983.70
358, 12768.34
359, 27516.48
360, 29942.64
361, 14481.67
362, 11404.51
363, 15160.44
364, 22483.48
365, 8619.99
366, 27119.62
367, 18483.34
368, 14264.88
369, 9111.13
370, 21120.16
371, 5557.28
372, 16003.58
373, 22731.98
374, 15704.23
375, 11946.98
376, 1967.20
377, 14736.18
378, 14227.52
379, 27207.32
380, 31755.49
381, 4944.96
382, 16016.16
383, 10267.95
384, 10776.28
385, 15388.10
386, 16343.72
387, 15736.30
388, 11685.97
389, 20677.57
390, 22157.91
391, 6116.80
392, 26871.18
393, 21403.47
394, 24883.83
395, 21793.20
396, 30650.05
397, 19955.09
398, 6383.81
399, 17388.21
400, 6926.05
401, 24853.22
402, 12685.94
403, 15591.56
404, 8637.04
405, 14840.59
406, 8815.32
407, 28409.59
408, 14855.90
409, 28118.79
410, 13019.83
411, 19574.38
412, 22356.06
413, 11737.29
414, 10460.21
415, 28559.91
416, 17990.59
417, 26895.08
418, 17256.91
419, 6479.61
420, 3094.15
421, 14266.10
422, 15593.97
423, 7571.03
424, 14652.63
425, 3649.72
426, 27712.57
427, 7205.29
428, 21270.28
429, 25568.11
430, 19980.68
431, 24344.40
432, 23683.05
433, 16825.88
434, 10759.30
435, 25752.69
436, 16374.88
437, 24297.88
438, 8592.20
439, 9456.25
440, 12922.47
441, 14561.98
442, 10786.42
443, 24553.74
444, 12625.71
445, 8015.74
446, 19919.01
447, 22365.24
448, 8282.69
449, 25091.90
450, 9660.07
451, 16533.07
452, 15457.16
453, 21430.18
454, 16902.92
455, 13607.86
456, 19253.95
457, 6173.87
458, 4748.16
459, 9216.71
460, 36287.97
461, 9483.26
462, 6218.54
463, 22567.68
464, 15746.46
465, 4433.09
466, 16984.65
467, 7761.29
468, 17945.02
469, 24774.06
470, 11755.54
471, 23923.60
472, 14833.04
473, 20505.72
474, 22604.39
475, 10866.56
476, 19888.55
477, 13181.62
478, 14338.82
479, 23275.07
480, 27565.64
481, 14762.80
482, 7809.74
483, 7965.83
484, 31133.48
485, 7608.47
486, 16001.10
487, 34026.63
488, 20249.88
489, 17847.69
490, 11371.34
491, 16638.66
492, 17354.06
493, 32597.03
494, 16589.72
495, 25305.80
496, 7700.78
497, 11388.92
498, 13657.41
499, 13123.13
500, 5859.06
501, 28951.28
502, 9633.65
503, 24734.82
504, 29655.66
505, 13956.28
506, 12718.54
507, 15343.54
508, 12902.73
509, 11416.66
510, 19701.42
511, 17244.69
512, 17529.13
513, 12670.61
514, 40549.77
515, 13448.93
516, 20158.13
517, 28386.92
518, 4452.91
519, 27196.35
520, 15029.60
521, 13888.77
522, 9724.42
523, 18898.87
524, 8329.93
525, 9229.14
526, 22349.23
527, 18470.15
528, 1150.09
529, 12180.01
530, 13423.60
531, 23334.29
532, 5677.62
533, 8755.48
534, 27313.88
535, 4411.37
536, 9508.46
537, 19205.92
538, 20921.76
539, 9111.22
540, 22934.19
541, 16942.83
542, 9911.88
543, 9905.97
544, 4838.20
545, 14636.44
546, 34589.03
547, 19915.11
548, 24631.87
549, 7531.97
550, 23114.44
551, 14393.26
552, 14019.47
553, 13278.43
554, 13730.38
555, 27591.12
556, 9875.85
557, 12131.74
558, 18397.09
559, 13395.28
560, 5008.06
561, 25516.82
562, 18018.94
563, 19577.60
564, 10142.24
565, 25738.35
566, 14437.28
567, 12070.41
568, 7581.97
569, 18599.71
570, 16831.58
571, 18625.12
572, 12523.92
573, 31323.67
574, 11098.96
575, 18479.53
576, 6301.86
577, 17528.81
578, 11906.72
579, 16681.50
580, 12980.37
581, 26397.51
582, 10840.11
583, 21011.47
584, 6052.92
585, 21350.02
586, 14070.85
587, 24191.85
588, 11339.12
589, 40419.72
590, 9684.75
591, 34114.32
592, 10447.16
593, 20710.73
594, 20317.69
595, 19828.29
596, 4155.92
597, 30921.01
598, 33470.27
599, 41337.92
600, 48788.05
601, 12365.20
602, 15014.60
603, 5205.98
604, 22880.41
605, 18716.61
606, 14438.68
607, 23457.62
608, 11994.84
609, 12693.96
610, 38966.52
611, 18047.20
612, 26779.27
613, 18839.16
614, 34825.79
615, 17939.71
616, 5938.40
617, 37779.14
618, 16584.82
619, 18638.73
620, 11900.56
621, 32598.38
622, 4725.69
623, 22543.82
624, 11665.17
625, 12792.93
626, 10771.16
627, 23114.14
628, 14685.98
629, 10174.69
630, 22858.86
631, 28010.98
632, 22565.44
633, 17434.15
634, 15861.72
635, 13169.68
636, 8914.20
637, 12062.94
638, 23325.69
639, 22441.85
640, 19619.22
641, 7016.48
642, 18347.69
643, 19902.18
644, 11456.65
645, 10332.77
646, 31223.70
647, 20637.70
648, 20012.06
649, 18780.55
650, 14317.87
651, 4092.59
652, 15257.91
653, 15358.01
654, 7560.96
655, 8946.60
656, 41334.59
657, 28075.55
658, 11063.82
659, 15036.47
660, 15909.26
661, 22708.95
662, 21807.89
663, 15259.30
664, 19912.87
665, 11359.26
666, 30207.54
667, 15114.20
668, 33814.96
669, 14459.37
670, 16035.02
671, 11689.94
672, 20465.82
673, 28450.21
674, 6470.09
675, 9561.55
676, 13918.92
677, 21031.78
678, 19805.21
679, 6894.27
680, 22560.70
681, 6932.24
682, 51840.52
683, 18835.91
684, 21425.94
685, 24094.32
686, 17396.26
687, 9228.19
688, 15718.69
689, 16652.69
690, 1722.97
691, 26351.30
692, 2888.06
693, 7394.85
694, 19043.75
695, 14806.10
696, 39790.94
697, 12118.49
698, 23714.42
699, 6461.09
700, 24507.64
701, 11596.79
702, 12660.05
703, 11265.31
704, 32399.13
705, 39002.30
706, 20956.83
707, 9369.52
708, 29685.39
709, 17114.11
710, 27582.88
711, 19332.60
712, 18163.82
713, 16678.52
714, 11304.10
715, 5462.57
716, 24313.37
717, 9821.37
718, 36827.96
719, 21748.32
720, 15243.89
721, 2171.76
722, 12093.18
723, 11966.77
724, 6922.61
725, 27864.38
726, 7364.99
727, 24119.71
728, 9718.60
729, 15474.01
730, 10246.80
731, 16042.20
732, 14032.48
733, 32462.18
734, 28851.58
735, 30216.09
736, 28323.93
737, 5507.42
738, 15946.52
739, 4352.84
740, 29065.01
741, 15948.09
742, 4725.56
743, 2628.34
744, 14987.92
745, 14012.28
746, 14283.43
747, 11364.43
748, 10382.24
749, 30557.42
750, 16998.47
751, 19726.22
752, 18621.68
753, 14049.17
754, 31261.64
755, 11804.61
756, 12175.51
757, 27952.57
758, 32379.94
759, 22751.16
760, 7465.78
761, 17568.20
762, 29586.61
763, 18789.43
764, 9716.87
765, 1980.15
766, 14773.69
767, 8310.72
768, 11402.59
769, 6870.42
770, 22645.28
771, 17068.92
772, 8786.03
773, 8737.64
774, 11945.82
775, 27316.75
776, 6368.52
777, 22300.39
778, 20772.19
779, 35199.34
780, 18979.87
781, 40186.69
782, 29347.06
783, 22284.93
784, 10927.48
785, 19716.99
786, 43142.63
787, 7317.68
788, 26513.76
789, 20849.68
790, 10992.61
791, 31609.08
792, 38329.61
793, 25738.42
794, 12928.59
795, 5047.53
796, 20652.56
797, 8642.88
798, 25177.86
799, 8047.31
800, 18915.66
801, 8438.04
802, 22798.19
803, 10540.00
804, 15976.12
805, 17242.29
806, 8084.11
807, 15577.40
808, 11968.99
809, 43952.02
810, 51936.41
811, 19346.84
812, 39735.02
813, 5393.00
814, 15787.81
815, 40703.17
816, 12585.08
817, 18476.56
818, 3427.73
819, 28999.75
820, 9521.55
821, 11844.02
822, 8533.94
823, 34028.43
824, 15991.53
825, 40953.17
826, 1717.75
827, 31688.63
828, 41657.31
829, 25570.03
830, 13595.60
831, 23665.71
832, 17921.20
833, 13571.72
834, 12867.95
835, 33019.18
836, 25267.00
837, 23669.28
838, 23173.08
839, 2410.61
840, 10085.35
841, 16483.06
842, 29356.39
843, 32231.64
844, 26692.71
845, 25065.07
846, 12700.51
847, 41663.08
848, 16272.20
849, 25081.49
850, 25550.60
851, 25821.38
852, 15675.26
853, 19435.53
854, 27079.27
855, 28409.32
856, 22302.37
857, 29452.27
858, 32795.45
859, 36956.10
860, 32624.86
861, 27541.09
862, 27763.41
863, 26620.38
864, 21342.62
865, 14639.11
866, 12133.03
867, 12343.79
868, 27201.86
869, 12384.24
870, 11775.77
871, 14272.18
872, 25305.91
873, 25308.26
874, 7492.06
875, 30011.09
876, 5998.97
877, 10175.80
878, 17385.61
879, 5205.18
880, 8483.89
881, 2174.24
882, 11395.74
883, 22920.50
884, 19027.16
885, 38428.07
886, 5488.01
887, 18334.97
888, 32177.90
889, 4226.87
890, 17460.46
891, 26705.45
892, 46174.48
893, 55655.21
894, 29037.14
895, 17382.07
896, 31794.74
897, 19009.12
898, 42514.15
899, 19793.48
900, 9950.16
901, 32614.18
902, 50164.06
903, 44381.04
904, 41240.32
905, 17308.60
906, 30924.38
907, 24831.77
908, 8292.72
909, 18699.60
910, 20699.13
911, 16587.09
912, 18634.56
913, 28581.21
914, 11679.02
915, 24129.73
916, 20206.37
917, 26170.13
918, 24195.94
919, 46682.41
920, 34118.04
921, 34386.23
922, 2541.97
923, 9648.13
924, 8140.53
925, 32278.71
926, 16662.17
927, 11579.08
928, 13128.12
929, 10838.78
930, 14687.43
931, 34372.82
932, 42918.55
933, 34716.25
934, 24562.10
935, 18089.56
936, 15425.76
937, 14434.95
938, 21201.35
939, 22838.19
940, 34297.08
941, 4246.69
942, 24132.09
943, 60161.53
944, 6034.63
945, 29090.63
946, 26278.92
947, 8505.25
948, 23444.71
949, 37125.75
950, 42732.49
951, 21604.57
952, 30558.69
953, 17251.94
954, 40056.21
955, 33508.27
956, 48013.32
957, 23413.94
958, 7669.33
959, 9552.54
960, 27501.59
961, 29048.44
962, 16713.55
963, 21806.80
964, 13194.89
965, 20513.47
966, 35694.20
967, 25522.57
968, 44166.95
969, 35379.55
970, 9708.54
971, 16407.07
972, 7987.10
973, 45694.60
974, 11478.15
975, 23781.53
976, 30950.89
977, 19953.70
978, 7940.11
979, 44857.81
980, 19226.08
981, 12978.72
982, 28679.82
983, 7446.45
984, 53170.69
985, 3870.67
986, 21152.70
987, 32362.00
988, 16985.39
989, 22946.25
990, 41971.41
991, 31370.57
992, 20862.83
993, 24336.26
994, 23483.35
995, 43276.27
996, 14972.01
997, 40007.00
998, 7920.29
999, 45014.61
1000, 32062.99
1001, 27974.75
1002, 29315.49
1003, 41359.38
1004, 61067.54
1005, 25832.39
1006, 45361.68
1007, 28201.92
1008, 2778.37
1009, 53018.95
1010, 19526.63
1011, 35155.18
1012, 47178.92
1013, 35436.18
1014, 46626.45
1015, 31425.17
1016, 19759.30
1017, 21897.66
1018, 30752.01
1019, 42605.62
1020, 30410.71
1021, 27877.25
1022, 48586.46
1023, 27631.79
1024, 25180.81
1025, 28484.70
1026, 30809.39
1027, 38110.69
1028, 38401.77
1029, 32290.12
1030, 41769.36
1031, 27319.19
1032, 12746.53
1033, 44384.14
1034, 24348.09
1035, 19173.30
1036, 6656.70
1037, 30213.34
1038, 12056.20
1039, 31269.88
1040, 15960.74
1041, 28525.95
1042, 16180.34
1043, 27262.13
1044, 53634.48
1045, 24938.40
1046, 24004.19
1047, 36029.81
1048, 12614.19
1049, 13425.94
1050, 23901.90
1051, 11820.44
1052, 61180.00
1053, 44953.25
1054, 16264.67
1055, 23427.81
1056, 40035.75
1057, 16819.16
1058, 22249.79
1059, 4275.18
1060, 11094.28
1061, 32430.87
1062, 19050.32
1063, 24825.67
1064, 2445.22
1065, 34007.66
1066, 36095.00
1067, 8002.08
1068, 41791.50
1069, 81322.70
1070, 60487.52
1071, 32783.18
1072, 32046.74
1073, 30436.02
1074, 3245.70
1075, 1553.16
1076, 18545.60
1077, 38366.56
1078, 1239.29
1079, 7530.92
1080, 53981.28
1081, 7972.56
1082, 21235.31
1083, 40036.32
1084, 31180.61
1085, 39279.04
1086, 11836.05
1087, 18165.32
1088, 38818.01
1089, 40426.96
1090, 48974.17
1091, 38764.71
1092, 21355.49
1093, 46555.59
1094, 23753.81
1095, 41328.27
1096, 22238.84
1097, 36330.85
1098, 63055.84
1099, 22322.92
1100, 45909.22
1101, 17302.08
1102, 33340.61
1103, 33972.78
1104, 22566.13
1105, 12510.59
1106, 28249.45
1107, 30090.40
1108, 18650.42
1109, 27881.61
1110, 16345.72
1111, 49968.04
1112, 11737.98
1113, 42856.18
1114, 32830.86
1115, 20552.20
1116, 28342.24
1117, 4490.29
1118, 31510.01
1119, 30867.90
1120, 23706.86
1121, 4594.52
1122, 17652.24
1123, 19762.55
1124, 57647.91
1125, 47267.48
1126, 35846.10
1127, 40476.65
1128, 28364.40
1129, 2721.82
1130, 21934.56
1131, 34024.27
1132, 23663.91
1133, 26975.52
1134, 6995.15
1135, 29635.16
1136, 29565.85
1137, 38696.04
1138, 7813.31
1139, 48387.33
1140, 5487.80
1141, 25871.60
1142, 35019.58
1143, 47156.24
1144, 16306.47
1145, 32073.57
1146, 31553.45
1147, 13383.99
1148, 19457.86
1149, 16150.43
1150, 37948.41
1151, 13095.87
1152, 56526.53
1153, 15916.05
1154, 78400.73
1155, 52704.61
1156, 44391.45
1157, 54883.96
1158, 51499.31
1159, 31145.41
1160, 16769.26
1161, 44452.44
1162, 11222.46
1163, 36703.70
1164, 35738.12
1165, 41636.46
1166, 22994.53
1167, 35401.72
1168, 38157.78
1169, 33551.13
1170, 26539.69
1171, 23433.69
1172, 931.28
1173, 22586.53
1174, 11472.42
1175, 65082.60
1176, 57436.07
1177, 14119.25
1178, 14039.64
1179, 27393.05
1180, 25729.95
1181, 28983.69
1182, 24817.26
1183, 34429.29
1184, 16842.76
1185, 42812.12
1186, 25307.18
1187, 12994.00
1188, 63603.25
1189, 13697.58
1190, 26466.38
1191, 31722.35
1192, 21858.64
1193, 27262.85
1194, 16006.96
1195, 17751.97
1196, 17212.87
1197, 16661.10
1198, 34636.34
1199, 37479.88
1200, 24337.61
1201, 19086.34
1202, 23074.54
1203, 13297.08
1204, 27303.09
1205, 68694.79
1206, 14084.65
1207, 25743.49
1208, 28429.09
1209, 36342.34
1210, 41966.27
1211, 7533.37
1212, 23918.29
1213, 32773.35
1214, 64226.75
1215, 54223.80
1216, 24795.40
1217, 44964.55
1218, 18512.00
1219, 22249.07
1220, 24591.53
1221, 38920.66
1222, 30279.02
1223, 24556.65
1224, 15821.24
1225, 25935.42
1226, 43730.13
1227, 13911.14
1228, 21223.80
1229, 33859.90
1230, 34057.93
1231, 18376.63
1232, 23812.48
1233, 30412.06
1234, 54035.14
1235, 13399.64
1236, 37571.90
1237, 42607.25
1238, 27871.67
1239, 6680.74
1240, 54701.82
1241, 10099.80
1242, 8459.20
1243, 16655.49
1244, 19062.68
1245, 12429.85
1246, 18419.04
1247, 17655.04
1248, 43752.78
1249, 25955.63
1250, 14417.29
1251, 43272.83
1252, 94730.62
1253, 35637.10
1254, 18448.22
1255, 17818.93
1256, 18568.77
1257, 30271.26
1258, 24925.71
1259, 18732.13
1260, 29400.73
1261, 46564.55
1262, 13069.75
1263, 21407.30
1264, 23676.12
1265, 38853.35
1266, 37239.33
1267, 15089.48
1268, 47017.57
1269, 18302.26
1270, 48714.73
1271, 5798.15
1272, 29107.63
1273, 9896.96
1274, 39080.36
1275, 30781.81
1276, 14571.52
1277, 23435.46
1278, 8526.24
1279, 21652.60
1280, 17651.30
1281, 17849.46
1282, 31741.37
1283, 19366.47
1284, 15409.96
1285, 34283.27
1286, 35155.85
1287, 25069.67
1288, 35572.51
1289, 32887.49
1290, 33746.25
1291, 14240.00
1292, 36126.76
1293, 47422.72
1294, 18474.16
1295, 33004.53
1296, 8998.19
1297, 29535.47
1298, 8535.49
1299, 10872.77
1300, 25133.40
1301, 40681.91
1302, 23444.22
1303, 22707.01
1304, 22665.62
1305, 16327.83
1306, 19257.77
1307, 15736.65
1308, 47895.91
1309, 10851.23
1310, 23485.05
1311, 13137.64
1312, 8642.94
1313, 18364.51
1314, 11511.66
1315, 20497.11
1316, 43578.73
1317, 8582.42
1318, 19387.14
1319, 32488.67
1320, 27927.90
1321, 27980.69
1322, 29045.23
1323, 17516.20
1324, 22877.65
1325, 31050.36
1326, 36995.41
1327, 7605.43
1328, 25435.54
1329, 37136.85
1330, 44894.45
1331, 14005.32
1332, 26160.56
1333, 28977.23
1334, 24316.54
1335, 14203.48
1336, 23771.51
1337, 13384.30
1338, 29770.29
1339, 32261.72
1340, 43226.28
1341, 28063.75
1342, 31069.13
1343, 25000.77
1344, 16101.06
1345, 15743.35
1346, 28261.35
1347, 19780.21
1348, 34043.64
1349, 37184.47
1350, 37098.30
1351, 29571.03
1352, 44435.60
1353, 35570.40
1354, 30822.34
1355, 31755.84
1356, 14590.58
1357, 28233.71
1358, 38364.52
1359, 33771.22
1360, 8372.92
1361, 24786.11
1362, 53964.75
1363, 44050.51
1364, 42279.33
1365, 15692.23
1366, 11721.38
1367, 21710.32
1368, 11348.40
1369, 11009.13
1370, 21174.85
1371, 21619.67
1372, 12907.38
1373, 37566.04
1374, 66219.12
1375, 38274.99
1376, 25112.33
1377, 32530.96
1378, 18113.97
1379, 10170.82
1380, 36170.69
1381, 8355.29
1382, 49545.34
1383, 41739.46
1384, 45762.30
1385, 3806.04
1386, 32396.57
1387, 35047.59
1388, 14249.17
1389, 9348.29
1390, 15707.62
1391, 45276.10
1392, 14130.04
1393, 27720.13
1394, 30304.60
1395, 24392.84
1396, 15362.97
1397, 9579.50
1398, 26499.34
1399, 38785.46
1400, 32567.53
1401, 21100.82
1402, 47337.22
1403, 21919.32
1404, 14483.16
1405, 17958.38
1406, 18759.99
1407, 36961.79
1408, 28092.10
1409, 30095.69
1410, 28494.86
1411, 52627.32
1412, 9969.45
1413, 36692.09
1414, 44877.33
1415, 33462.17
1416, 55649.71
1417, 21366.79
1418, 15227.96
1419, 18550.88
1420, 42432.91
1421, 15867.49
1422, 15384.62
1423, 26459.73
1424, 7205.35
1425, 17217.35
1426, 2196.26
1427, 9460.88
1428, 18825.29
1429, 11810.83
1430, 23378.13
1431, 10388.94
1432, 26072.73
1433, 12538.25
1434, 35734.11
1435, 42142.86
1436, 8175.51
1437, 32927.08
1438, 20063.63
1439, 57361.41
1440, 4097.15
1441, 31002.47
1442, 28529.72
1443, 72917.30
1444, 14380.68
1445, 32046.47
1446, 28645.73
1447, 32689.47
1448, 25470.86
1449, 40228.62
1450, 22269.19
1451, 55675.30
1452, 15165.17
1453, 15280.02
1454, 40676.09
1455, 23254.80
1456, 6054.53
1457, 44267.13
1458, 27911.42
1459, 22022.21
1460, 13272.58
1461, 10920.87
1462, 10261.42
1463, 21200.35
1464, 28029.35
1465, 38743.53
1466, 4661.34
1467, 33563.99
1468, 43225.86
1469, 59706.11
1470, 17125.07
1471, 17098.22
1472, 10944.00
1473, 22381.62
1474, 5737.59
1475, 27298.61
1476, 16170.61
1477, 20886.88
1478, 27085.15
1479, 51493.38
1480, 16315.49
1481, 19441.21
1482, 30232.89
1483, 21304.61
1484, 31562.50
1485, 27056.96
1486, 29643.59
1487, 21304.44
1488, 25999.38
1489, 22921.20
1490, 28664.56
1491, 26803.33
1492, 70768.18
1493, 28871.96
1494, 18716.61
1495, 18791.44
1496, 18848.85
1497, 32154.66
1498, 42283.30
1499, 27369.48
1500, 23563.68
1501, 23092.88
1502, 16984.08
1503, 34528.27
1504, 18153.98
1505, 45221.42
1506, 687.95
1507, 45739.20
1508, 23126.71
1509, 8331.68
1510, 14614.02
1511, 4566.92
1512, 14761.39
1513, 20003.25
1514, 12093.41
1515, 27427.44
1516, 21123.60
1517, 9127.19
1518, 11080.17
1519, 9113.29
1520, 5582.95
1521, 60056.77
1522, 49524.26
1523, 45254.96
1524, 8301.74
1525, 25701.56
1526, 23310.21
1527, 27265.37
1528, 40022.12
1529, 50870.37
1530, 9712.19
1531, 51528.38
1532, 10662.21
1533, 41826.54
1534, 57892.78
1535, 8568.35
1536, 23353.24
1537, 47229.34
1538, 13888.18
1539, 14417.41
1540, 26340.04
1541, 2345.79
1542, 30563.47
1543, 9905.77
1544, 13042.84
1545, 9904.92
1546, 24216.32
1547, 26329.61
1548, 15682.62
1549, 10837.07
1550, 30114.02
1551, 27921.63
1552, 40186.33
1553, 26909.48
1554, 13952.11
1555, 45080.55
1556, 29017.22
1557, 32026.88
1558, 35090.11
1559, 17842.87
1560, 24237.61
1561, 31662.12
1562, 17209.26
1563, 8256.90
1564, 29916.21
1565, 40009.58
1566, 33619.39
1567, 33628.59
1568, 30226.24
1569, 14645.43
1570, 35833.33
1571, 19143.73
1572, 17363.66
1573, 26649.10
1574, 24346.92
1575, 12625.00
1576, 13190.34
1577, 22761.48
1578, 16037.80
1579, 11562.34
1580, 46546.93
1581, 25914.42
1582, 29881.51
1583, 38828.26
1584, 27097.28
1585, 38822.61
1586, 17920.49
1587, 33705.43
1588, 8580.51
1589, 10870.57
1590, 15874.79
1591, 25876.90
1592, 34410.97
1593, 48731.05
1594, 13919.76
1595, 28944.50
1596, 11944.98
1597, 31857.15
1598, 12029.78
1599, 7962.00
1600, 3698.73
1601, 28610.15
1602, 3488.23
1603, 12769.79
1604, 15266.42
1605, 11321.49
1606, 15293.83
1607, 36504.59
1608, 18982.46
1609, 35335.26
1610, 15453.82
1611, 27936.17
1612, 34680.31
1613, 15860.47
1614, 36446.27
1615, 8586.89
1616, 37193.23
1617, 34385.95
1618, 16526.59
1619, 11825.21
1620, 21030.13
1621, 21575.57
1622, 20923.85
1623, 34851.67
1624, 11950.54
1625, 37161.93
1626, 5798.64
1627, 9051.39
1628, 16425.94
1629, 13677.46
1630, 24282.26
1631, 35714.33
1632, 17995.53
1633, 6007.74
1634, 27991.31
1635, 36002.87
1636, 13118.94
1637, 30557.21
1638, 19282.26
1639, 26559.12
1640, 20843.94
1641, 14847.11
1642, 13626.86
1643, 15284.51
1644, 19411.36
1645, 24462.89
1646, 17956.13
1647, 3871.71
1648, 18080.90
1649, 14566.02
1650, 28393.70
1651, 24111.28
1652, 4440.33
1653, 19267.29
1654, 31813.32
1655, 8653.68
1656, 18289.01
1657, 33841.98
1658, 21311.54
1659, 34328.04
1660, 23196.10
1661, 20321.23
1662, 45261.11
1663, 39426.12
1664, 15162.42
1665, 41558.68
1666, 18545.96
1667, 11653.06
1668, 21756.84
1669, 12862.76
1670, 12959.18
1671, 22963.12
1672, 44822.16
1673, 48330.66
1674, 14216.74
1675, 23002.16
1676, 16933.35
1677, 14231.05
1678, 24154.91
1679, 27576.85
1680, 11672.65
1681, 12447.81
1682, 26019.80
1683, 20173.33
1684, 16383.89
1685, 17270.03
1686, 20452.33
1687, 19500.01
1688, 28111.03
1689, 15712.18
1690, 13939.01
1691, 25758.80
1692, 8052.62
1693, 4833.26
1694, 14310.96
1695, 9121.65
1696, 2940.69
1697, 22543.79
1698, 29329.95
1699, 12692.89
1700, 12160.76
1701, 11766.81
1702, 25444.73
1703, 15876.94
1704, 22817.14
1705, 8351.41
1706, 39582.59
1707, 24121.64
1708, 47775.43
1709, 21781.77
1710, 23984.84
1711, 15275.68
1712, 18663.13
1713, 21469.11
1714, 24487.17
1715, 13998.25
1716, 3850.98
1717, 41414.35
1718, 11451.54
1719, 30790.37
1720, 2836.14
1721, 17975.39
1722, 8944.85
1723, 38685.75
1724, 9916.86
1725, 45747.84
1726, 5348.17
1727, 20934.37
1728, 30780.24
1729, 26286.19
1730, 37762.04
1731, 12493.84
1732, 19552.74
1733, 16834.03
1734, 27316.83
1735, 8646.93
1736, 6760.84
1737, 6180.44
1738, 21630.02
1739, 4283.35
1740, 19123.91
1741, 19275.68
1742, 27080.84
1743, 23171.04
1744, 14558.25
1745, 23466.05
1746, 26536.39
1747, 37893.71
1748, 14210.59
1749, 5281.58
1750, 19155.04
1751, 3546.69
1752, 20838.38
1753, 35379.95
1754, 44645.20
1755, 13379.02
1756, 6571.33
1757, 5307.61
1758, 20858.28
1759, 3401.59
1760, 25899.07
1761, 17146.26
1762, 35371.21
1763, 23994.66
1764, 36553.35
1765, 18154.17
1766, 16073.79
1767, 7049.09
1768, 21131.57
1769, 20528.05
1770, 5590.80
1771, 23085.27
1772, 42138.79
1773, 10950.05
1774, 35035.86
1775, 12583.67
1776, 31317.26
1777, 26481.98
1778, 3289.60
1779, 40700.57
1780, 27390.57
1781, 11106.00
1782, 12700.81
1783, 7968.04
1784, 27135.09
1785, 26799.19
1786, 15881.20
1787, 21996.95
1788, 12026.18
1789, 26842.83
1790, 19186.24
1791, 26341.62
1792, 16107.33
1793, 28817.87
1794, 15230.91
1795, 30596.50
1796, 39474.12
1797, 13012.67
1798, 18418.98
1799, 13756.97
1800, 8258.63
1801, 16242.76
1802, 51883.13
1803, 17240.76
1804, 28881.83
1805, 21508.82
1806, 17751.51
1807, 14141.65
1808, 49206.15
1809, 24035.46
1810, 25865.29
1811, 19424.21
1812, 26409.33
1813, 17051.30
1814, 15655.18
1815, 20210.88
1816, 40326.50
1817, 16289.43
1818, 13521.90
1819, 37393.31
1820, 20511.78
1821, 12198.69
1822, 16628.18
1823, 13292.29
1824, 19133.71
1825, 14042.04
1826, 27326.75
1827, 26872.35
1828, 13538.37
1829, 10831.57
1830, 21151.31
1831, 20085.68
1832, 3465.46
1833, 10963.82
1834, 11994.34
1835, 35335.55
1836, 16520.75
1837, 5553.86
1838, 11711.91
1839, 6424.33
1840, 12706.30
1841, 32898.70
1842, 3402.01
1843, 5391.51
1844, 13067.95
1845, 14135.47
1846, 36320.42
1847, 20673.04
1848, 18039.54
1849, 6805.74
1850, 15664.40
1851, 10596.30
1852, 28703.54
1853, 16222.66
1854, 4575.29
1855, 24986.66
1856, 18174.94
1857, 53962.72
1858, 9863.47
1859, 18065.26
1860, 9997.95
1861, 28978.67
1862, 30819.78
1863, 2343.09
1864, 27339.10
1865, 21665.03
1866, 7329.38
1867, 30142.72
1868, 10265.03
1869, 15545.91
1870, 7039.06
1871, 13830.09
1872, 16641.92
1873, 14148.60
1874, 15828.03
1875, 11057.69
1876, 15934.12
1877, 30621.29
1878, 24014.67
1879, 22457.15
1880, 8740.80
1881, 4460.13
1882, 10910.43
1883, 15386.61
1884, 5947.46
1885, 18597.45
1886, 9412.89
1887, 7188.56
1888, 12611.46
1889, 25902.27
1890, 17392.87
1891, 18630.87
1892, 4817.53
1893, 14659.49
1894, 25478.97
1895, 33951.60
1896, 48303.30
1897, 9496.70
1898, 5678.91
1899, 13220.65
1900, 10104.03
1901, 11801.59
1902, 19018.28
1903, 43448.84
1904, 9067.61
1905, 19070.11
1906, 16111.17
1907, 23656.76
1908, 7634.36
1909, 32817.42
1910, 31717.20
1911, 18467.86
1912, 9453.44
1913, 21018.28
1914, 11180.06
1915, 24001.42
1916, 10002.31
1917, 15382.44
1918, 22836.58
1919, 11892.65
1920, 9540.28
1921, 10772.07
1922, 25930.47
1923, 18626.96
1924, 9111.90
1925, 26354.49
1926, 17895.06
1927, 6180.37
1928, 12515.47
1929, 7216.81
1930, 7635.41
1931, 20221.44
1932, 15297.77
1933, 18747.49
1934, 28518.54
1935, 10438.72
1936, 21146.12
1937, 29636.83
1938, 8350.33
1939, 23659.53
1940, 5474.19
1941, 15920.95
1942, 15554.54
1943, 7079.61
1944, 11482.70
1945, 6107.29
1946, 14259.21
1947, 5033.82
1948, 22291.07
1949, 28519.05
1950, 12290.13
1951, 13599.00
1952, 23099.86
1953, 8555.80
1954, 23189.69
1955, 11839.88
1956, 5996.83
1957, 27990.40
1958, 22175.62
1959, 16702.64
1960, 27020.68
1961, 11210.50
1962, 15860.85
1963, 16327.81
1964, 18826.54
1965, 21885.48
1966, 19367.70
1967, 12400.43
1968, 13753.91
1969, 26604.55
1970, 29130.77
1971, 15248.11
1972, 13162.10
1973, 14556.98
1974, 14697.78
1975, 9973.17
1976, 3809.98
1977, 28597.21
1978, 24375.07
1979, 22751.28
1980, 20674.12
1981, 23011.19
1982, 12253.52
1983, 8159.47
1984, 19041.06
1985, 10661.83
1986, 4510.64
1987, 7731.91
1988, 10925.03
1989, 3995.58
1990, 22793.05
1991, 8921.60
1992, 16332.69
1993, 10690.43
1994, 11821.74
1995, 38980.50
1996, 19255.97
1997, 20573.57
1998, 15675.83
1999, 17573.37
2000, 13272.83
2001, 25320.78
2002, 12650.62
2003, 25099.07
2004, 25117.29
2005, 3681.67
2006, 14767.06
2007, 5588.62
2008, 34788.35
2009, 7311.96
2010, 8921.78
2011, 17235.83
2012, 24276.47
2013, 14842.81
2014, 3841.20
2015, 14266.87
2016, 37567.95
2017, 13316.55
2018, 23166.14
2019, 18316.99
2020, 19091.49
2021, 21429.28
2022, 9682.09
2023, 16947.58
2024, 10289.63
2025, 13716.45
2026, 24868.41
2027, 21537.50
2028, 40019.48
2029, 14652.65
2030, 31404.91
2031, 32085.40
2032, 10574.54
2033, 39832.55
2034, 13922.29
2035, 9711.71
2036, 29310.20
2037, 5701.06
2038, 13375.46
2039, 19410.61
2040, 30421.79
2041, 17905.27
2042, 15396.27
2043, 14746.20
2044, 27771.86
2045, 28626.08
2046, 28536.91
2047, 20652.37
=== END ===
